item_index,problem,problem_category,answer,answer_type
0,Are the filmmaker behind the 1970 movie Move and the filmmaker behind the 1963 movie Méditerranée from the same nation?,difficulty-1,no,Single Answer
3,Do both movies The Falcon (Film) and Valentin The Good have their filmmakers originating from the same nation?,difficulty-1,no,Single Answer
6,"Which movie whose filmmaker is younger, Charge It To Me or Danger: Diabolik?",difficulty-1,Danger: Diabolik,Single Answer
9,When was the father of Mina Gerhardsen born?,difficulty-1,13 June 1946,Single Answer
12,What is the origin of the filmmaker behind Wedding Night In Paradise (1950 Film)?,difficulty-1,Hungarian,Single Answer
15,When was the musician behind the movie Sruthilayalu born?,difficulty-1,14 March 1918,Single Answer
18,"Who is the paternal grandfather of Rhescuporis I, the ruler of the Odrysian kingdom?",difficulty-1,Raizdos,Single Answer
21,Do both movies: The Ex-Mrs. Bradford and The Star Of Santa Clara have filmmakers originating from the identical nation?,difficulty-1,no,Single Answer
24,"Which motion picture was released earlier, The Love Route or Engal Aasan?",difficulty-1,The Love Route,Single Answer
27,In which city was the filmmaker behind The Fascist born?,difficulty-1,Rome,Single Answer
30,Are Matraville Sports High School and Wabash High School both situated in the identical nation?,difficulty-1,no,Single Answer
33,Do Alison Skipper and Diane Gilliam Fisher hail from the identical nation?,difficulty-1,yes,Single Answer
36,"Do the films Bloody Birthday and The Beckoning Silence, originate from the same nation?",difficulty-1,no,Single Answer
39,From which nation does the artist behind the track Soldier (Neil Young Song) originate?,difficulty-1,Canadian,Single Answer
42,What is the homeland of the filmmaker behind Borunbabur Bondhu?,difficulty-1,India,Single Answer
45,Where was the final resting place of the artist who sang 'There Is So Much World To See'?,difficulty-1,Graceland,Single Answer
48,What is the birth date of the filmmaker behind Wandering Fires?,difficulty-1,"November 28, 1919",Single Answer
51,On what date did the spouse of Fatima Bint Mubarak Al Ketbi pass away?,difficulty-1,2 November 2004,Single Answer
54,When was the filmmaker behind Private Hell 36 born?,difficulty-1,"October 26, 1912",Single Answer
57,"Are both financial institutions, Vakıfbank and Infopro Sdn Bhd, situated in the identical nation?",difficulty-1,no,Single Answer
60,Do the filmmaker behind Chandirani and the filmmaker behind Not Without Gisela share the same country of origin?,difficulty-1,no,Single Answer
63,Does the Ugandan lawyer and politician share the same citizenship as the German businessman?,difficulty-1,no,Single Answer
66,Does the individual known as Ted Swinford share the same citizenship as the athlete Nirmala Sheoran?,difficulty-1,no,Single Answer
69,"Which movie was released more recently, Die schöne Lurette or the Indian crime thriller?",difficulty-1,Sabhash,Single Answer
72,What caused the demise of the individual who established the University of Birmingham?,difficulty-1,stroke,Single Answer
75,Do Rhescuporis II and Mcallister Hull possess identical citizenship?,difficulty-1,no,Single Answer
78,Are the filmmaker behind Ek Misaal and the filmmaker behind A Soldier's Oath both from the same nation?,difficulty-1,no,Single Answer
81,On what date did the filmmaker behind An International Marriage pass away?,difficulty-1,10 August 1960,Single Answer
84,"Which movie has the filmmaker born later, A Flame In My Heart or Butcher, Baker, Nightmare Maker?",difficulty-1,A Flame In My Heart,Single Answer
87,Which nation the artist of the track Miss Brown To You originates from?,difficulty-1,American,Single Answer
90,"Which movie has the filmmaker who passed away subsequently, Aaranya Kandam or The Century of Spikes?",difficulty-1,One Hundred Nails,Single Answer
93,What is the hometown of the filmmaker behind Prince Of The Plains?,difficulty-1,"Portland, Maine",Single Answer
96,What is the birth date of the filmmaker behind Just Like Heaven (Film)?,difficulty-1,"June 30, 1964",Single Answer
99,On what date did the filmmaker behind A Whirlwind Of Whiskers pass away?,difficulty-1,"June 19, 1981",Single Answer
102,Do both motion pictures Passage West (1951 Film) and Musa (Film) feature filmmakers originating from the identical nation?,difficulty-1,no,Single Answer
105,"Are both Tengboche and Estarm, Kerman situated within identical national borders?",difficulty-1,no,Single Answer
108,Who is the mother-in-law of Andrew Murray (Scottish Soldier)?,difficulty-1,"Marjorie, Countess of Carrick",Single Answer
111,Do the Arcata–Eureka Airport and the Lake Charles Regional Airport both reside within the same nation?,difficulty-1,yes,Single Answer
114,"In which city was the filmmaker behind Ich Für Dich, Du Für Mich born?",difficulty-1,Berlin,Single Answer
117,On what date did the vocalist of the tune A Pretty Girl Milking Her Cow pass away?,difficulty-1,"June 22, 1969",Single Answer
120,"Do the cities of Malian, Hamadan, and Chahar Taq, Markazi belong to the same nation?",difficulty-1,yes,Single Answer
123,On what date was the filmmaker behind the motion picture Mr. Moto Takes A Chance born?,difficulty-1,"December 13, 1903",Single Answer
126,Are the Samalá River and the Itter (Eder) situated within identical national borders?,difficulty-1,no,Single Answer
129,Do the filmmakers behind the motion pictures Fire Down Below (1957 film) and Playing the Game share the same nation of origin?,difficulty-1,yes,Single Answer
132,Where was the filmmaker behind Secrets Of The Underground born?,difficulty-1,London,Single Answer
135,Do both the 1954 thriller movie Bait and the works of Dharm Adhikari feature filmmakers originating from identical nations?,difficulty-1,no,Single Answer
138,Are the filmmaker behind Sthree Sahasam and the filmmaker behind That Malicious Age both from the same nation?,difficulty-1,no,Single Answer
141,Are the filmmaker behind The Actors and the filmmaker behind Liar Liar from the same nation?,difficulty-1,no,Single Answer
144,When is the vocalist of the track Behind The Ritual's date of birth?,difficulty-1,31 August 1945,Single Answer
147,"Did the motion pictures Pony Express (Film) and The Da Vinci Code (Film), come from the identical nation?",difficulty-1,yes,Single Answer
150,Are Sam Earle and Felix Luckeneder nationals of the identical nation?,difficulty-1,no,Single Answer
153,In which city in the Pacific Northwest was the filmmaker behind Rubber Racketeers born?,difficulty-1,"Portland, Oregon",Single Answer
156,Are both Lesser Slave Lake and Medeweger See situated within the borders of a single nation?,difficulty-1,no,Single Answer
159,In which Indian state was the creator of the movie Avidathe Pole Ivideyum born?,difficulty-1,Kerala,Single Answer
162,Do Alsino And The Condor and the 2017 movie 1922 originate from the same nation?,difficulty-1,no,Single Answer
165,When is the father of George Lamb (Politician) born?,difficulty-1,29 January 1745,Single Answer
168,"Are the musical groups Cinematic Sunrise and Kingston Falls, from the same nation?",difficulty-1,yes,Single Answer
171,Where was the location of the demise of the filmmaker behind Master Stroke?,difficulty-1,Rome,Single Answer
174,Do the films Carnival Of Souls and Uvanga originate from the identical nation?,difficulty-1,no,Single Answer
177,What is the homeland of the artist behind the tune Hummingbird (1955 Song)?,difficulty-1,America,Single Answer
180,In which city did the father of Mirza Farkhunda Shah pass away?,difficulty-1,Rangoon,Single Answer
183,"Do both movies, The Trail Of The Lonesome Pine (1923 Film) and La Torre De Suso, have filmmakers originating from the identical nation?",difficulty-1,no,Single Answer
186,"Which motion picture has the filmmaker who was born more recently, Glamour Boy (Film) or the coastal nocturnal scene depiction?",difficulty-1,Night By The Seashore,Single Answer
189,Where did the offspring of Socrates pass away?,difficulty-1,Athenian,Single Answer
192,When did the filmmaker behind The First Mass pass away?,difficulty-1,23 November 1982,Single Answer
195,What is the date of passing of the filmmaker behind Escape To France?,difficulty-1,19 June 1999,Single Answer
198,Do J. Lee and Pete Carril hail from the same nation?,difficulty-1,yes,Single Answer
201,From which nation does the filmmaker behind Death And Diamonds (Film) originate?,difficulty-1,Austria,Single Answer
204,When is the birthdate of the filmmaker behind The Voice In The Fog?,difficulty-1,"February 24, 1880",Single Answer
207,"Do St. Mary High School (Rutherford, New Jersey) and the educational institution named after the Nobel Peace Prize laureate share the same national jurisdiction?",difficulty-1,no,Single Answer
210,When is the filmmaker behind Eclipse Of Reason's date of birth?,difficulty-1,"July 31, 1926",Single Answer
213,Where did the filmmaker behind Skinner Steps Out pass away?,difficulty-1,Hollywood,Single Answer
216,Are the filmmaker behind The Monster Squad and the filmmaker behind The Cup (2011 movie) from the same nation?,difficulty-1,no,Single Answer
219,What led to the demise of the filmmaker behind the movie Road Kill (2010 Film)?,difficulty-1,cancer,Single Answer
222,From which nation does the creator of the tune 'Every Day I Have To Cry' originate?,difficulty-1,American,Single Answer
225,Are Takamatsu Airport and Freehold Airport situated in the identical nation?,difficulty-1,no,Single Answer
228,In which city was the filmmaker behind Gaon Hamara Shaher Tumhara born?,difficulty-1,Lahore,Single Answer
231,"Which movie has the filmmaker born earlier, Ek Paheli or When Father Was Away On Business?",difficulty-1,Ek Paheli,Single Answer
234,Did John Agoglia and the author of 'The Biology of the Coleoptera' share the same country of origin?,difficulty-1,yes,Single Answer
237,"Are both structures, the Church of Santa María de Santa Cruz de la Serós and the Port of Newcastle's Passenger Terminal, situated within the same nation?",difficulty-1,no,Single Answer
240,"Are both educational institutions, Salt Brook Academy and Model Technical Higher Secondary Schools, situated in the identical nation?",difficulty-1,yes,Single Answer
243,In which city was the father of Abdullah Ibn Hasan born?,difficulty-1,Medina,Single Answer
246,Are the Belcher Channel and the Glunze Passage situated within the same nation?,difficulty-1,no,Single Answer
249,Do the filmmakers behind The Piano Tuner Has Arrived and The Young Philadelphians hail from the same country?,difficulty-1,no,Single Answer
252,When did the filmmaker behind Shocking Asia pass away?,difficulty-1,3 April 1998,Single Answer
255,Do both the village of Chapan-E Olya and the settlement of Cwrt Y Gollen exist within the borders of a single nation?,difficulty-1,no,Single Answer
258,When was the filmmaker behind Three Men And A Little Lady born?,difficulty-1,"May 9, 1943",Single Answer
261,When was the filmmaker behind Pola X born?,difficulty-1,22 November 1960,Single Answer
264,Do both filmmakers responsible for Blücher (film) and The Good Old Soak share the same country of origin?,difficulty-1,no,Single Answer
267,Do the filmmakers behind Mission: Impossible III and The Money Changers share the same country of origin?,difficulty-1,yes,Single Answer
270,On what date was the filmmaker behind The Virginian (1923 Movie) born?,difficulty-1,"February 22, 1893",Single Answer
273,What is the citizenship of the spouse of Pamela Chopra?,difficulty-1,India,Single Answer
276,What led to the demise of the filmmaker behind Call Her Savage?,difficulty-1,heart attack,Single Answer
279,"On what date did the mother of Prince Henry, Duke of Cumberland and Strathearn pass away?",difficulty-1,8 February 1772,Single Answer
282,In which city was the filmmaker behind Ruang Talok 69 born?,difficulty-1,Bangkok,Single Answer
285,"Do the films Bedtime With Rosie and Timecode (2000 Motion Picture), come from the identical nation?",difficulty-1,no,Single Answer
288,Do the French soprano Mireille Delunsch and the American scientist Richard J. Zaborski share the same nationality?,difficulty-1,no,Single Answer
291,In which town was the creator of the movie Marikkunnilla Njan born?,difficulty-1,Kulathupuzha,Single Answer
294,In which city was the filmmaker behind The Sporting Duchess (1915 Film) born?,difficulty-1,New York,Single Answer
297,Do both Something Always Happens and the 1921 cinematic production The Great Impersonation feature filmmakers originating from the identical nation?,difficulty-1,no,Single Answer
300,Are the filmmakers behind Spencer'S Mountain and Karpoora Mullai both from identical nations?,difficulty-1,no,Single Answer
303,Do the filmmakers behind Paper Bullets and Karakolda Ayna Var hail from the same country?,difficulty-1,no,Single Answer
306,When was the filmmaker behind Buried Treasure (1921 Film) born?,difficulty-1,"April 22, 1868",Single Answer
309,Do the filmmakers behind both Jatt & Juliet and Sciopèn hail from the same country?,difficulty-1,no,Single Answer
312,"Does the actor from 'Sister, Sister' share the same citizenship as the performer known for 'The Cosby Show'?",difficulty-1,no,Single Answer
315,Do Rudy Halmaert and the renowned ancient Chinese strategist share the same country of origin?,difficulty-1,no,Single Answer
318,"Which movie has the filmmaker who was born earlier, Individuals To One Another or Tali-Ihantala 1944?",difficulty-1,People To Each Other,Single Answer
321,Are the filmmakers behind Flirting with Fate (1938 film) and Grand Canyon Adventure: River at Risk both from the same nation?,difficulty-1,yes,Single Answer
324,Which nation is the filmmaker behind On The Riviera originally from?,difficulty-1,American,Single Answer
327,In which Bavarian city did the director of the movie Evelyn's Love Adventures pass away?,difficulty-1,Munich,Single Answer
330,Were Dallin Malmgren and A.B.M. Fazle Karim Chowdhury citizens of the same country?,difficulty-1,no,Single Answer
333,Do Marc Dutroux and Joaquim Pimentel share the same citizenship?,difficulty-1,no,Single Answer
336,On what date was the filmmaker behind the 1966 movie Blindfold born?,difficulty-1,"February 11, 1908",Single Answer
339,"Do both movies, Laali and Gayby, have filmmakers originating from the identical nation?",difficulty-1,no,Single Answer
342,On which day did the spouse of Helen F. Holt pass away?,difficulty-1,"February 8, 1955",Single Answer
345,When did the filmmaker behind Catherine & Co. pass away?,difficulty-1,10 November 2002,Single Answer
348,What is the citizenship of the filmmaker behind Arcade (Film)?,difficulty-1,America,Single Answer
351,When was the filmmaker behind 'You're My Everything' born?,difficulty-1,"August 10, 1896",Single Answer
354,Do You Came Along and Our House (2018 Movie) originate from the same nation?,difficulty-1,yes,Single Answer
357,Do the filmmakers behind both Mamay (film) and Dark Mountain (film) hail from the same nation?,difficulty-1,no,Single Answer
360,"Who passed away later, the former Boston city councilor or Mohamed Abdelaziz (Sahrawi Politician)?",difficulty-1,Chuck Turner,Single Answer
363,When did the filmmaker behind Syncopating Sue pass away?,difficulty-1,"November 3, 1951",Single Answer
366,Do the films Commissioner Eyck and 3 Indian Tales originate from the same nation?,difficulty-1,no,Single Answer
369,"Are Shokrab, Kermanshah and Pis-Losap all situated within the borders of a single nation?",difficulty-1,no,Single Answer
372,In which city did the filmmaker behind The Right Of The Strongest pass away?,difficulty-1,Los Angeles,Single Answer
375,"Who is younger, the Italian entrepreneur Andrea Vaturi or Hamdan Bin Rashid Al Maktoum?",difficulty-1,Andrea Vaturi,Single Answer
378,Did the Australian television presenter and the Austrian alpine skier share the same citizenship?,difficulty-1,no,Single Answer
381,"Do both Qaleh Dokhtar, Kohgiluyeh And Boyer-Ahmad and Bokat exist within the same nation?",difficulty-1,yes,Single Answer
384,When was the filmmaker behind the 1981 movie Sword Stained With Royal Blood born?,difficulty-1,10 February 1923,Single Answer
387,"Are both settlements, Beliševo and Datow Naseri, situated within the same nation?",difficulty-1,no,Single Answer
390,Who is the partner of the filmmaker behind the movie Just Once A Great Lady (1957 Film)?,difficulty-1,Hilde Volk,Single Answer
393,What is the citizenship of the filmmaker behind 'Age of Consent'?,difficulty-1,British,Single Answer
396,Who is the wife of the musician behind the track It Goes Like It Goes?,difficulty-1,Didi Conn,Single Answer
399,In which city did the filmmaker behind 'Canyon Of The Fools' pass away?,difficulty-1,Hollywood,Single Answer
402,Are Prakanongpittayalai School and the educational institution on Geoje Island situated in the same nation?,difficulty-1,no,Single Answer
405,Are both the filmmaker behind The Search For John Gissing and the filmmaker responsible for Blindfolded (Film) from the same nation?,difficulty-1,yes,Single Answer
408,"Are both aviation hubs, Lemnos International Airport and Bindja Airport, situated within the same nation?",difficulty-1,no,Single Answer
411,Did Heinrich Gerhard Kuhn and Elfie Pertramer hail from the same nation?,difficulty-1,yes,Single Answer
414,"Do both the movie Delta Of Venus and the motion picture Franco, Ese Hombre have filmmakers originating from the identical nation?",difficulty-1,no,Single Answer
417,"Which movie came out first, The Pervert'S Guide To Ideology or the Argentine documentary La Vida Alrededor?",difficulty-1,La Vida Alrededor,Single Answer
420,In which city did the filmmaker behind 'Under The Same Skin' pass away?,difficulty-1,Buenos Aires,Single Answer
423,Do the films Shadows of the West and The Matchmaker (1934 motion picture) originate from the same nation?,difficulty-1,no,Single Answer
426,"Which motion picture was released earlier, the British war drama set during the Korean War or Ek Anek Aur Ekta?",difficulty-1,A Hill In Korea,Single Answer
429,"Which movie's director has a greater age compared to the other, 'Kiss The Blood Off My Hands' or 'Screaming Mimi'?",difficulty-1,Kiss The Blood Off My Hands,Single Answer
432,Where was the musician behind the movie Pancha Thanthram born?,difficulty-1,Paravoor,Single Answer
435,When was the vocalist of the track Iconic (Song) born?,difficulty-1,"August 16, 1958",Single Answer
438,Who is the partner of the filmmaker behind the motion picture Lord Of The Manor?,difficulty-1,Chrissie White,Single Answer
441,When is the father of William Marshall (1796–1872) born?,difficulty-1,27 July 1765,Single Answer
444,"Did the films Find the Lady and Two Makes a Family, come from identical nations?",difficulty-1,no,Single Answer
447,Are the filmmaker behind Zamaana Deewana and the filmmaker behind The Last Attraction from the same nation?,difficulty-1,no,Single Answer
450,Do the filmmaker behind Miss Lovely and the filmmaker behind Good Will Hunting share the same country of origin?,difficulty-1,no,Single Answer
453,Which nation the singer of the track I Don't Believe You (She Acts Like We Never Have Met) hails from?,difficulty-1,American,Single Answer
456,On what date was the spouse of Martha Bulloch Roosevelt born?,difficulty-1,"September 22, 1831",Single Answer
459,What is the citizenship of the filmmaker behind Kadvi Hawa?,difficulty-1,India,Single Answer
462,Who was born earlier between Michelle Tong and the individual known as Eugene Mcdowell?,difficulty-1,Eugene Mcdowell,Single Answer
465,Are the filmmaker behind Vai Pandal and the filmmaker behind Under Electric Clouds from the same nation?,difficulty-1,no,Single Answer
468,Do both the Lateh Choqa Sayyadan and the spring of Mirza Hoseyn lie within the same nation?,difficulty-1,yes,Single Answer
471,"Are Valiabad, Chalus and the agricultural area of Ali Shafi all situated within the same nation?",difficulty-1,yes,Single Answer
474,Are the filmmaker behind Summer Bachelors and the filmmaker behind Albeli (1955 Film) both from the same nation?,difficulty-1,no,Single Answer
477,Who is the maternal parent of the filmmaker responsible for the motion picture Blind Spot from 1932?,difficulty-1,Carrie Daumery,Single Answer
480,"Which individual entered the world earlier, Skip Hicks or the renowned Soviet filmmaker Sergei Parajanov?",difficulty-1,Sergei Parajanov,Single Answer
483,Do the motion pictures Shore Leave (film) and The Cradle of Courage have filmmakers who hail from the same country?,difficulty-1,no,Single Answer
486,"Who was born later, the scholar Joseph Haboush or Alexander Argüelles?",difficulty-1,Joseph Haboush,Single Answer
489,"Are the northern district and Taqiabad, Mazandaran both situated within the borders of the same nation?",difficulty-1,yes,Single Answer
492,Do the filmmakers behind The Troublemaker (1964 Film) and Father's Doing Fine share identical citizenship?,difficulty-1,no,Single Answer
495,Who is the father of Hormizd I's grandfather?,difficulty-1,Ardashir I,Single Answer
498,"Which movie has the filmmaker born at a later date, A Yank In Korea or The Tunnel (1933 French-Language Film)?",difficulty-1,A Yank In Korea,Single Answer
501,What is the citizenship of the filmmaker behind T-Men?,difficulty-1,American,Single Answer
504,In which region was the patriarch of Margaret Of Hungary (Saint) born?,difficulty-1,Transylvania,Single Answer
507,Does Mario Beaulieu (Senator) share the same citizenship as Ebenezer Porter?,difficulty-1,no,Single Answer
510,In which city did the father of Toma Barbu Socolescu pass away?,difficulty-1,Bucharest,Single Answer
513,Who is the uncle of Manuel Komnenos (the holder of the Byzantine court title Kouropalates)?,difficulty-1,Isaac I Komnenos,Single Answer
516,Are the Long Branch (Troublesome Creek) and the Jenipapo River both situated within the identical nation?,difficulty-1,no,Single Answer
519,When was the musician who created the track Montana (Frank Zappa Song) born?,difficulty-1,"December 21, 1940",Single Answer
522,"Which movie whose filmmaker was born first, Sorority House Massacre II or the thriller set in misty surroundings?",difficulty-1,Faces In The Fog,Single Answer
525,Why did the filmmaker behind Thirst (1960 Film) pass away?,difficulty-1,heart attack,Single Answer
528,"Who was born earlier, David Hanson (Politician) or the playwright behind 'The Search for Signs of Intelligent Life in the Universe'?",difficulty-1,Jane Wagner,Single Answer
531,On what date was the filmmaker behind the motion picture Sword Of Honour (1939 Film) born?,difficulty-1,11 November 1887,Single Answer
534,Do the filmmaker behind Chicago 10 (Film) and the filmmaker behind Black Oxen share the same country of origin?,difficulty-1,yes,Single Answer
537,"Which movie has the filmmaker born earlier, Aapo (Film) or the Hungarian drama featuring a canine uprising?",difficulty-1,The White God,Single Answer
540,On what date was the spouse of Geneviève Élisabeth Disdéri born?,difficulty-1,28 March 1819,Single Answer
543,Are Arcangelo Di Cola and Tarik Tissoudali both nationals of the same nation?,difficulty-1,no,Single Answer
546,Where was the filmmaker behind the 1916 motion picture The Crisis born?,difficulty-1,Scottish,Single Answer
549,Are the waterway known as Nishiki and the stream called Bullskin Run situated within the same nation?,difficulty-1,no,Single Answer
552,When was the father of Sudheer Karamana born?,difficulty-1,25 July 1936,Single Answer
555,"Are both settlements, Mazraeh-Ye Ruansar and Qalandar-E Sofla, situated within the same nation?",difficulty-1,yes,Single Answer
558,Was the former Iranian Foreign Minister or Stefano Dall'Acqua born earlier?,difficulty-1,Ali Akbar Salehi,Single Answer
561,In which location did the parent of Cecily Of York pass away?,difficulty-1,Westminster,Single Answer
564,"Which movie features the filmmaker who was born earlier, The Last Winter (2006 Film) or Excessive Spouse?",difficulty-1,Too Much Wife,Single Answer
567,Do Fernand Backes and Tom Carew share the same nationality?,difficulty-1,no,Single Answer
570,"Which movie's filmmaker passed away earlier, Forbidden Paths or Little Man, What Now? (1933 Motion Picture)?",difficulty-1,Forbidden Paths,Single Answer
573,When was the progenitor of Eleanor Sherman Thackara born?,difficulty-1,"February 8, 1820",Single Answer
576,At which educational institution did Shannon Lee's father pursue his studies?,difficulty-1,University of Washington,Single Answer
579,From which nation is the spouse of Georgina Chapman originally?,difficulty-1,American,Single Answer
582,Are the Puka Q'Asa site in Huancavelica and the peak known as Horsetooth Mountain situated within the borders of a single nation?,difficulty-1,no,Single Answer
585,Are the filmmaker behind Cosmonaut (Film) and the filmmaker behind The Scientific Cardplayer from the same nation?,difficulty-1,yes,Single Answer
588,Do the films Made (2001 Movie) and Proud Flesh (Motion Picture) originate from the same nation?,difficulty-1,yes,Single Answer
591,On what date was the filmmaker behind The Vampire's Ghost born?,difficulty-1,"May 26, 1900",Single Answer
594,"Which movie was released first, Mi Viudo Y Yo or The Seven Machos?",difficulty-1,El Siete Machos,Single Answer
597,In which location did the filmmaker behind the movie Are All Men Alike? pass away?,difficulty-1,Hollywood,Single Answer
600,Are both filmmakers of Kalamegam and We Are Brothers originating from the same nation?,difficulty-1,no,Single Answer
603,Do both movies Amba Ambika Ambalika and Ernest Goes To Camp have their filmmakers originating from the same nation?,difficulty-1,no,Single Answer
606,On what date did the filmmaker behind the movie Sathruvu pass away?,difficulty-1,22 February 2019,Single Answer
609,Are the filmmaker of Desde Que Amanece Apetece and the filmmaker of The Last Survivors from the same nation?,difficulty-1,no,Single Answer
612,Where was the filmmaker behind The Uncle born?,difficulty-1,London,Single Answer
615,"Which movie came out later, Pottu Amman (Film) or the Tamil historical drama featuring a royal advisor?",difficulty-1,Raja Manthiri,Single Answer
618,Are the settlements of Berkeh-Ye Khalaf and Rostam Beyg situated within the same nation?,difficulty-1,yes,Single Answer
621,"Do both movies, Thieves in Thailand and Forces of Nature (2004 film), feature filmmakers originating from the identical nation?",difficulty-1,no,Single Answer
624,Where did the filmmaker behind 'We Have Only One Life' pass away?,difficulty-1,Athens,Single Answer
627,Did Frederick Joseph Loftus-Tottenham and Arban Severin share the same country of origin?,difficulty-1,no,Single Answer
630,Who is the parent of the vocalist who sang The House That Jack Built (Song)?,difficulty-1,C. L. Franklin,Single Answer
633,Where was the filmmaker behind Magic Man (Film) born?,difficulty-1,Hoboken,Single Answer
636,In which town was the filmmaker behind the 1950 movie Stage Fright born?,difficulty-1,Leytonstone,Single Answer
639,"Which individual entered the world earlier, the Ghanaian football defender Makarios Djan or Janiel Simon?",difficulty-1,Makarios Djan,Single Answer
642,"Who had a greater lifespan, Constance Keys or the Hungarian-born libertarian philosopher?",difficulty-1,Anthony De Jasay,Single Answer
645,"Did the periodicals Reef Hobbyist Magazine and Investment Executive, emerge from identical nations?",difficulty-1,no,Single Answer
648,Do the filmmakers behind The Old Fritz and The Seventh Sign hail from the same country?,difficulty-1,no,Single Answer
651,When did the vocalist of the track Duodenum (Song) pass away?,difficulty-1,"December 4, 1993",Single Answer
654,In which town was the spouse of Nayla Moawad born?,difficulty-1,Zgharta,Single Answer
657,"Which movie has the filmmaker who was born earlier, Meiseken or The Vulture (1982 Film)?",difficulty-1,Meiseken,Single Answer
660,Do Schnitt Acht and the musical group Falconer originate from the same nation?,difficulty-1,no,Single Answer
663,"Which movie has the filmmaker who is more senior in age, Don 2 or The Cost of Ownership?",difficulty-1,The Price Of Possession,Single Answer
666,From which nation does the filmmaker behind Punk: Attitude originate?,difficulty-1,British,Single Answer
669,What is the birthdate of Luke Bullen's spouse?,difficulty-1,23 June 1975,Single Answer
672,When did the filmmaker behind Should A Mother Tell pass away?,difficulty-1,"December 31, 1925",Single Answer
675,Do the filmmakers behind The Splendid Sinner and The Convicted share the same nationality?,difficulty-1,no,Single Answer
678,"Do the films Sunshine State (Film) and Massive Retaliation (Film), come from the identical nation?",difficulty-1,yes,Single Answer
681,On what date did the filmmaker behind the motion picture Albert Schweitzer pass away?,difficulty-1,"November 21, 1972",Single Answer
684,What is the nationality of the filmmaker behind The War On Democracy?,difficulty-1,Australian,Single Answer
687,On what date did the spouse of Joanna Elisabeth Of Holstein-Gottorp pass away?,difficulty-1,16 March 1747,Single Answer
690,"Who passed away later, Clyde Dickey or the Norwegian theologian?",difficulty-1,Turid Karlsen Seim,Single Answer
693,What is the citizenship of the father of John Harbaugh?,difficulty-1,American,Single Answer
696,In which urban center was the filmmaker behind Two Tickets To London born?,difficulty-1,Jersey City,Single Answer
699,In which location did the filmmaker behind the 1954 movie Fireman Save My Child pass away?,difficulty-1,Hollywood,Single Answer
702,In which city did the filmmaker behind 'Smoke On The Potato Fields' pass away?,difficulty-1,Prague,Single Answer
705,In which city did the filmmaker behind De Blaa Drenge pass away?,difficulty-1,Copenhagen,Single Answer
708,When is the filmmaker behind Seven Psychopaths 's date of birth?,difficulty-1,26 March 1970,Single Answer
711,"Do the films The 10th Victim and Bunker Bean, stem from identical nations?",difficulty-1,no,Single Answer
714,Does the individual known as Terry Stembridge share the same citizenship as the person referred to as Grace English?,difficulty-1,no,Single Answer
717,Do Ekaterina Voronina and Beatriz Villacañas share the same country of origin?,difficulty-1,no,Single Answer
720,From which nation does the creator of the tune Silver Bells originate?,difficulty-1,American,Single Answer
723,What is the date of passing of the filmmaker behind Party Girl (1958 Film)?,difficulty-1,"June 16, 1979",Single Answer
726,"Are the musical groups Chateaux (Band) and Stormy Six, from the same nation?",difficulty-1,no,Single Answer
729,In which city was Minnie Smythe's paternal parent born?,difficulty-1,London,Single Answer
732,Who is the maternal grandfather of Countess Johanna Magdalene Of Hanau-Lichtenberg?,difficulty-1,Christian I,Single Answer
735,Do the settlements of Vukpalaj and Ano Lechonia both lie within the borders of a single nation?,difficulty-1,no,Single Answer
738,"Are both the Ingur train stop and the Colo Vale train stop, situated in New South Wales, found within identical nations?",difficulty-1,no,Single Answer
741,In which city did the filmmaker behind Dakshayagnam (1962 Film) pass away?,difficulty-1,Madras,Single Answer
744,Which nation does the filmmaker of Sleepless In New York hail from?,difficulty-1,Swiss,Single Answer
747,Do the filmmakers behind The Mouth of the Wolf (2009 movie) and Town Without Pity have identical citizenships?,difficulty-1,no,Single Answer
750,When did the spouse of Veronique Peck pass away?,difficulty-1,"June 12, 2003",Single Answer
753,"Which movie has the filmmaker who passed away first, Sos Pacific or Love Stories of Yesterday?",difficulty-1,Amores De Ayer,Single Answer
756,When did the filmmaker behind the motion picture 813 pass away?,difficulty-1,"October 1, 1955",Single Answer
759,"Which track was released first, Apocalypse Please or Skelewu?",difficulty-1,Apocalypse Please,Single Answer
762,From which institution did the filmmaker behind the movie Alex Holeh Ahavah receive their degree?,difficulty-1,London Film School,Single Answer
765,When was the vocalist of the track Irma Jackson born?,difficulty-1,"April 6, 1937",Single Answer
768,"Which movie debuted earlier, Such Great Foolishness or Film Geek?",difficulty-1,Such Great Foolishness,Single Answer
771,Does the author of 'The Book of the Dead' share the same citizenship as the South Korean rapper?,difficulty-1,no,Single Answer
774,On what date did the filmmaker behind the movie Trouble With Trixie pass away?,difficulty-1,23 July 2006,Single Answer
777,In which city did the filmmaker behind Detective (1954 Film) pass away?,difficulty-1,Buenos Aires,Single Answer
780,When did the filmmaker behind Akalangalil pass away?,difficulty-1,17 July 2014,Single Answer
783,Do the filmmaker behind The Haunting of Morella and the filmmaker behind The Young Girl share the same country of origin?,difficulty-1,no,Single Answer
786,When did the filmmaker behind the 1955 movie Angela pass away?,difficulty-1,"August 31, 1968",Single Answer
789,Do the motion pictures 'Country' and 'Raid in St. Pauli' have filmmakers who hail from the same country?,difficulty-1,no,Single Answer
792,Who is the wife of the filmmaker behind the movie Struggle For Eagle Peak?,difficulty-1,Lillebil Ibsen,Single Answer
795,In which city was the filmmaker behind Santos Vega (1936 Film) born?,difficulty-1,Buenos Aires,Single Answer
798,"Which motion picture debuted first, the musical romance set by the lake or Odd Couple (Film)?",difficulty-1,Lake Placid Serenade,Single Answer
801,On what date did the parent of Lady Mary Fox pass away?,difficulty-1,20 June 1837,Single Answer
804,"Who was born first, Eupremio Carruezzo or Bruno Millienne?",difficulty-1,Bruno Millienne,Single Answer
807,From which nation does the creator of the melody A Dreamer's Holiday originate?,difficulty-1,American,Single Answer
810,"Do the films 23 (Film) and Omg... We'Re In A Horror Movie!!!, come from the same nation?",difficulty-1,no,Single Answer
813,"Do both bodies of water, Mary Lake in Ontario and the lagoon in Fimon, lie within identical national boundaries?",difficulty-1,no,Single Answer
816,Who is the paternal figure of the filmmaker behind the motion picture Buckaroo Sheriff Of Texas?,difficulty-1,Francis Ford,Single Answer
819,"Do both movies, The Gentleman (Film) and Dream Of Love, have the filmmakers who are from the same nation?",difficulty-1,no,Single Answer
822,When did the spouse of Juan Torena pass away?,difficulty-1,"October 6, 1992",Single Answer
825,"Do both movies, Vivahitha and Silver River (Film), have filmmakers originating from identical nations?",difficulty-1,no,Single Answer
828,Do the filmmakers behind both The Virgin and the Macho Man and Mr. Warmth: The Don Rickles Project share the same country of origin?,difficulty-1,no,Single Answer
831,Do the motion pictures Arbitrage and In the Wake of a Stranger share directors originating from the identical nation?,difficulty-1,no,Single Answer
834,Do both movies Zebrahead (film) and Comedians (1925 film) have filmmakers originating from the identical nation?,difficulty-1,no,Single Answer
837,On what date was the filmmaker behind Jiraiya The Hero born?,difficulty-1,"September 22, 1878",Single Answer
840,"Are both secondary schools, Fort Zumwalt South High School and West Chester East High School, situated in the identical nation?",difficulty-1,yes,Single Answer
843,"Do both settlements, Halvehhani and Aq Bolagh, Qazvin, lie within the same nation?",difficulty-1,yes,Single Answer
846,Which nation the filmmaker of La Otra Y Yo hails from?,difficulty-1,Spanish,Single Answer
849,On what date was the filmmaker behind the motion picture Yellowstone born?,difficulty-1,"July 25, 1898",Single Answer
852,"Which movie was released first, the 1974 Bollywood thriller Zehreela Insaan or Bert: The Last Virgin?",difficulty-1,Zehreela Insaan,Single Answer
855,When did the parent of Louis II of Italy pass away?,difficulty-1,29 September 855,Single Answer
858,Are the filmmakers behind both Sharmeelee and American Hustle from the same nation?,difficulty-1,no,Single Answer
861,"Which movie's filmmaker passed away first, Sweepstakes Winner or The Rocket From Calabuch?",difficulty-1,Sweepstakes Winner,Single Answer
864,In which city was the filmmaker behind Heroes Of Fort Worth born?,difficulty-1,Rome,Single Answer
867,When was the musician responsible for the soundtrack of Artham born?,difficulty-1,26 March 1953,Single Answer
870,Do the filmmakers behind both Kathiruntha Kangal and Under The Tonto Rim (1928 Film) originate from the same nation?,difficulty-1,no,Single Answer
873,"Which movie's filmmaker passed away subsequently, The Virtuous Scoundrel or the 1944 Western comedy starring William 'Wild Bill' Elliott?",difficulty-1,Barbary Coast Gent,Single Answer
876,Do the filmmakers behind both the movies Night Terrors (Film) and Anhonee (1973 Film) hail from identical nations?,difficulty-1,no,Single Answer
879,"Which movie hit the screens later, Gautam Govinda or the sequel to the Indonesian horror flick Danur?",difficulty-1,Danur 2: Maddah,Single Answer
882,What is the citizenship of the artist behind the track Orange Sky (Song)?,difficulty-1,British,Single Answer
885,Do the motion pictures See Jack Run and Buena Vista Social Club (Film) feature filmmakers who hail from the same country?,difficulty-1,no,Single Answer
888,Who is the mother of the individual responsible for the musical composition in the film Todo Es Mentira?,difficulty-1,Amparo Valle,Single Answer
891,Do the Turkish actor Yaman Okay and the American baseball player Mike Fiers share the same citizenship?,difficulty-1,no,Single Answer
894,"Do both settlements, Khalti and Chah-E Chaheh, lie within identical national borders?",difficulty-1,yes,Single Answer
897,"Which motion picture features the more senior filmmaker, Les Braqueuses or the 1948 crime drama?",difficulty-1,Call Northside 777,Single Answer
900,In which state was the singer of the track Just Waitin' laid to rest?,difficulty-1,Alabama,Single Answer
903,In which Minnesota city did the filmmaker behind Rave Un2 The Year 2000 pass away?,difficulty-1,"Chanhassen, Minnesota",Single Answer
906,Did Mohammad Fariduddin and Dick Wearmouth share identical citizenship?,difficulty-1,no,Single Answer
909,Do the musical groups The Blakes and Big Supreme originate from the same nation?,difficulty-1,no,Single Answer
912,"Which motion picture features the filmmaker who was born earlier, Lianhua Symphony or Without Evidence?",difficulty-1,Lianhua Symphony,Single Answer
915,In which Italian city did the mother of Umberto Agnelli pass away?,difficulty-1,Pisa,Single Answer
918,Do the filmmakers behind Adada and Fading Gigolo share identical citizenship?,difficulty-1,no,Single Answer
921,Do Carfury and the capital of Azerbaijan share the same national territory?,difficulty-1,no,Single Answer
924,Are both Kandry and the settlement known as Salash-E Disam situated within identical national borders?,difficulty-1,no,Single Answer
927,"Which movie has the filmmaker born earlier, The House (2011 film) or the historical drama about the 1965 coup attempt?",difficulty-1,Pengkhianatan G30S/Pki,Single Answer
930,"Which movie has the filmmaker who was born at a later date, Don't Shoot the Composer or The Seekers?",difficulty-1,Sökarna,Single Answer
933,On which day did the filmmaker behind Hoodman Blind pass away?,difficulty-1,"August 31, 1973",Single Answer
936,"Are both settlements, Peniki and Goleh Dun, situated within the same nation?",difficulty-1,no,Single Answer
939,Where was the musician who scored the movie Anjali (1977 Film) born?,difficulty-1,Paravoor,Single Answer
942,"Are Shaveh, Markazi and the settlement of Brajićevići situated within a single nation?",difficulty-1,no,Single Answer
945,In which town was the filmmaker behind Zero (1928 Film) born?,difficulty-1,Wimborne,Single Answer
948,In which city did the filmmaker behind The Mysteries Of Paris (1962 Film) pass away?,difficulty-1,Nice,Single Answer
951,"Do both movies, Marianela (1955 Film) and Arrowhead (1953 Film), have filmmakers originating from the identical nation?",difficulty-1,no,Single Answer
954,Do the motion pictures Circle Of Friends (1995 Film) and Luponini From Chicago have filmmakers who are of the same country of origin?,difficulty-1,no,Single Answer
957,On what date did the parent of Henry Reginald Courtenay (Mp) pass away?,difficulty-1,6 October 1735,Single Answer
960,Do the filmmakers behind El Mar De Lucas and How Sweet It Is (2013 Film) share the same nationality?,difficulty-1,no,Single Answer
963,When did the filmmaker behind Scrooge (1935 Film) pass away?,difficulty-1,2 November 1952,Single Answer
966,Are the filmmakers behind both the motion picture Black Thunder and the 1967 production Farz from identical nations?,difficulty-1,no,Single Answer
969,When did the filmmaker behind Song Of The Phoenix pass away?,difficulty-1,"March 4, 2014",Single Answer
972,"Who is the mother-in-law of Ethelreda, the offspring of Gospatric?",difficulty-1,Ingibiorg Finnsdottir,Single Answer
975,In which city was the filmmaker behind Coordinates Of Death born?,difficulty-1,Tbilisi,Single Answer
978,Do the settlements of Yamn and Galinheiro both lie within the borders of a single nation?,difficulty-1,no,Single Answer
981,Does the Moldovan chess player have the same citizenship as the American jazz musician?,difficulty-1,no,Single Answer
984,"Which movie has the filmmaker born earlier, Blonde Ice or Shadow (1956 film)?",difficulty-1,Blonde Ice,Single Answer
987,What led to the demise of Elizabeth Thorndike's spouse?,difficulty-1,hanged,Single Answer
990,Do both filmmakers behind the movies Aatmiyulu and La Gallina Clueca hold identical citizenship?,difficulty-1,no,Single Answer
993,Do the settlements of Qeshlaq-E Jafar Qoli and Avdarma exist within the borders of a single nation?,difficulty-1,no,Single Answer
996,From which nation is the spouse of Raymond Hackett?,difficulty-1,American,Single Answer
999,Are Hamadan Seljeh and Bid Zarrin-E Sofla both situated within the same nation?,difficulty-1,yes,Single Answer
1002,"Which movie came out later, Murder Obsession or the Italian drama featuring a wealthy woman's spiritual journey?",difficulty-1,Cuore Sacro,Single Answer
1005,Were the cinematic productions Star Appeal (Film) and Cradle Song (1994 Film) produced in the same nation?,difficulty-1,no,Single Answer
1008,"Are the settlements of Kaj Kolah, Zanjan and Nurabad, Shazand both situated within the identical nation?",difficulty-1,yes,Single Answer
1011,In which location did the filmmaker behind the movie Confession (1937 Film) pass away?,difficulty-1,Hollywood,Single Answer
1014,"Are both settlements, Kushk-E Mur and the town in Crna Trava, situated within the same nation?",difficulty-1,no,Single Answer
1017,"Who was born earlier, the Indian classical vocalist Madhukar Vasudev Dhond or Abdallah Al-Ajmi?",difficulty-1,Madhukar Vasudev Dhond,Single Answer
1020,"Which movie has the filmmaker born at a later date, The King Of Marvin Gardens or The Nuptials Of Lilli Marlene?",difficulty-1,The King Of Marvin Gardens,Single Answer
1023,When was the filmmaker behind The Private Life Of A Modern Woman born?,difficulty-1,"November 23, 1944",Single Answer
1026,"Do both cinematic productions, The Little Thing (1923 Film) and Call Girl (2007 Film), originate from the identical nation?",difficulty-1,no,Single Answer
1029,"Do Hugh Gough, the 1st Viscount Gough and the American football player David Douglas share the same country of origin?",difficulty-1,no,Single Answer
1032,"Who entered the world first, the American jurist Joseph Peter Kinneary or the footballer Nando, whose birth occurred in May 1967?",difficulty-1,Joseph Peter Kinneary,Single Answer
1035,Who is the father-in-law of the wife of Ramesses III?,difficulty-1,Setnakhte,Single Answer
1038,On what date did the filmmaker behind Poor Man's Pudding pass away?,difficulty-1,"November 28, 2009",Single Answer
1041,In which city did the filmmaker behind Tarzan And The Jungle Boy pass away?,difficulty-1,Los Angeles,Single Answer
1044,On what date did the paternal parent of Adolphe-Philippe Caron pass away?,difficulty-1,13 December 1876,Single Answer
1047,"Do both settlements, Batar Chakhar and Tang-E Esmail, lie within the borders of the same nation?",difficulty-1,yes,Single Answer
1050,When was the mother of Derek Mckeith born?,difficulty-1,"November 13, 1948",Single Answer
1053,Do the filmmakers behind both the movies When A Man'S A Man and Familien Gyldenkål hail from the same nation?,difficulty-1,no,Single Answer
1056,On what date was the filmmaker behind The Pointing Finger (1919 Film) born?,difficulty-1,"December 10, 1885",Single Answer
1059,On what date was the vocalist of the track Did I Ever Tell You born?,difficulty-1,"September 12, 1931",Single Answer
1062,When was the filmmaker behind Katanga Business born?,difficulty-1,13 October 1952,Single Answer
1065,Who is the mother-in-law of Layla Bint Abi Murrah Al-Thaqafi?,difficulty-1,Fatimah,Single Answer
1068,From which nation does the filmmaker behind One Night In Yoshiwara originate?,difficulty-1,Austrian,Single Answer
1071,"Do the films, A Ménesgazda and the motion picture Brooklyn, originate from the identical nation?",difficulty-1,no,Single Answer
1074,On what date was the filmmaker behind The Recruiter (2004 Movie) born?,difficulty-1,8 October 1968,Single Answer
1077,Does the author of 'The Man Who Loved Children' share the same citizenship as the individual known for the 'Song Binbin incident'?,difficulty-1,yes,Single Answer
1080,In which location was the progenitor of Benjamin Franklin Bache (a newspaperman) born?,difficulty-1,Settle,Single Answer
1083,Do both movies Khoon Ki Keemat and Girls At Arms 2 feature filmmakers originating from identical nations?,difficulty-1,no,Single Answer
1086,Do both Gerald Berragan and Pol Verschuere originate from the identical nation?,difficulty-1,no,Single Answer
1089,"Do Kaga, the Republic of Bashkortostan, and Qezmazari belong to the same nation?",difficulty-1,no,Single Answer
1092,On what day did the mother of Wolf Rüdiger Hess pass away?,difficulty-1,7 September 1995,Single Answer
1095,Does the individual known as Kristens Krīgers share the same country of origin as the former British politician Marlene Catterall?,difficulty-1,no,Single Answer
1098,Who is the male parent of Savivanh Savang?,difficulty-1,Sisavang Vatthana,Single Answer
1101,"Which motion picture was released first, Starrbooty or the horror film featuring a cursed protagonist?",difficulty-1,Condemned To Live,Single Answer
1104,In which city did the filmmaker behind the movie Mr. Sampat pass away?,difficulty-1,Madras,Single Answer
1107,Do Cliff Cook and John Drawbridge share the same country of origin?,difficulty-1,no,Single Answer
1110,When did the progenitor of Konstantin Kuzakov pass away?,difficulty-1,5 March 1953,Single Answer
1113,"Which movie's filmmaker passed away earlier, Eye Of The Eagle (1987 Film) or the Italian beach-themed comedy?",difficulty-1,Tipi Da Spiaggia,Single Answer
1116,"Who was born earlier, Peter Przygodda or the Swedish actress Inga Broberg?",difficulty-1,Inga Broberg,Single Answer
1119,In which city was the filmmaker behind Allie & Me born?,difficulty-1,Melbourne,Single Answer
1122,Which nation is the creator of the movie Diamond Skulls from?,difficulty-1,German,Single Answer
1125,Who is the partner of the filmmaker behind Angels In The Infield?,difficulty-1,Michelle King,Single Answer
1128,On what date did the spouse of Nazperver Kadın pass away?,difficulty-1,3 July 1918,Single Answer
1131,Who was born first out of France Adamič and the driver who set the land speed record in 1970?,difficulty-1,France Adamič,Single Answer
1134,"Are Riku, Savadkuh and Sheli all situated within the same nation?",difficulty-1,yes,Single Answer
1137,In which city was the filmmaker behind Ninì Tirabusciò: La Donna Che Inventò La Mossa born?,difficulty-1,Rome,Single Answer
1140,When did the vocalist of the track I Believe In Everything pass away?,difficulty-1,27 June 2002,Single Answer
1143,At which institution did the filmmaker behind Ten Canoes receive their education?,difficulty-1,"Australian Film, Television and Radio School",Single Answer
1146,Do both movies New Dawn (Film) and The War Of The Oxen (1920 Film) feature filmmakers originating from identical nations?,difficulty-1,no,Single Answer
1149,From which nation does the filmmaker behind Left Behind II: Tribulation Force originate?,difficulty-1,Canadian,Single Answer
1152,Do both movies Sri Rama Pattabhishekam and Our Man In Havana (Film) have the filmmakers from the same nation?,difficulty-1,no,Single Answer
1155,On what date did the mother of Prince Waldemar of Prussia (1868–1879) pass away?,difficulty-1,5 August 1901,Single Answer
1158,In which city did the filmmaker behind The Road Through The Dark pass away?,difficulty-1,Los Angeles,Single Answer
1161,Do the filmmakers behind City Of Ember and Oklahoma Blues both hold citizenship in the same country?,difficulty-1,yes,Single Answer
1164,Are Ovgoros and the city known for its ancient poetry located in the same nation?,difficulty-1,no,Single Answer
1167,On which day did the progenitor of Mirza Jahangir pass away?,difficulty-1,28 September 1837,Single Answer
1170,What is the citizenship of the filmmaker behind The Sin Of Harold Diddlebock?,difficulty-1,American,Single Answer
1173,Who is the patriarch of the vocalist behind the track Breaking News (Song)?,difficulty-1,Joseph Jackson,Single Answer
1176,Do the filmmakers behind both the movies That Texas Jamboree and Adorable Lies originate from the same nation?,difficulty-1,no,Single Answer
1179,"Do the rural settlements of Shakheh-Ye Sofla and Rig Sefid, Zagheh, exist within the same nation?",difficulty-1,yes,Single Answer
1182,Do the Hesar-E Shineh and the Chah-E Tanureh oil fields lie within the borders of a single nation?,difficulty-1,yes,Single Answer
1185,Do the filmmaker behind The Somme (film) and the filmmaker behind Tiger Thompson share the same country of origin?,difficulty-1,no,Single Answer
1188,"Which movie was released first, 'In Again, Out Again' or 'Free Willy 3: The Rescue'?",difficulty-1,"In Again, Out Again",Single Answer
1191,What is the origin of the filmmaker behind the movie What Does Brigitte Want??,difficulty-1,Hungarian,Single Answer
1194,In which city did the filmmaker behind Beyond Justice pass away?,difficulty-1,Rome,Single Answer
1197,Are Lords Lake (South Dakota) and Lough Gill situated within identical national borders?,difficulty-1,no,Single Answer
1200,When was the filmmaker behind The Venetian Woman born?,difficulty-1,28 June 1922,Single Answer
1203,"Who is the younger individual, the renowned backgammon player Dan Ceman or Joachim Fricker?",difficulty-1,Dan Ceman,Single Answer
1206,In which city did the filmmaker behind An Everyday Story pass away?,difficulty-1,Munich,Single Answer
1209,"From which nation, known for its diverse culture and being the second-most populous country globally, did the creator of the movie Miss 420 originate?",difficulty-1,India,Single Answer
1212,"In which city, known for its vibrant tango culture and as the capital of Argentina, did the director of the film The Hand In The Trap pass away?",difficulty-1,Buenos Aires,Single Answer
1215,"Which movie has the filmmaker born earlier, Captain Phantom or Brasileirinho (Film)?",difficulty-1,Captain Phantom,Single Answer
1218,"Which movie has the filmmaker born at a more recent date, After Earth or Banta ng Kahapon?",difficulty-1,After Earth,Single Answer
1221,What is the birthplace of Edward Francis Fitzwilliam's paternal parent?,difficulty-1,Holborn,Single Answer
1224,Which nation is the filmmaker of The Girl Of The Golden West (1923 Film) from?,difficulty-1,American,Single Answer
1227,In which city was the filmmaker behind Food For Scandal born?,difficulty-1,Ogden,Single Answer
1230,Are both the city known for its historic bazaar and the settlement near the Ural Mountains situated in the same nation?,difficulty-1,no,Single Answer
1233,"Who passed away first, John Friedmann or the individual known as Thomas Seelye Arms?",difficulty-1,Thomas Seelye Arms,Single Answer
1236,Do both filmmakers behind 'Know Your Men' and 'Perdonami!' share the same country of origin?,difficulty-1,no,Single Answer
1239,"Who was born first, the founder of Emerson Radio or Bobby Murdoch?",difficulty-1,Benjamin Abrams,Single Answer
1242,Did the psychologist Joel Paris and the Azerbaijani diplomat Karim Bey Mehmandarov originate from the same nation?,difficulty-1,no,Single Answer
1245,When did the filmmaker behind 'Faustine Et Le Bel Été' pass away?,difficulty-1,9 April 2015,Single Answer
1248,From which nation does the filmmaker of Srivari Muchatlu originate?,difficulty-1,India,Single Answer
1251,Were the Mexican painter Rufino Tamayo and the Tunisian artist Sana Mersni from the same nation?,difficulty-1,no,Single Answer
1254,Are Hamifrats Central Railway Station and Holdorf (Oldb) Railway Station both situated in the identical nation?,difficulty-1,no,Single Answer
1257,Do the filmmakers behind both the 1936 movie Rembrandt and the motion picture Her Fatal Millions share the same nationality?,difficulty-1,no,Single Answer
1260,"Which musical release was launched earlier, Louvação or the solo project by John Frusciante titled Curtains?",difficulty-1,Louvação,Single Answer
1263,In which city did the filmmaker behind Disorder (1962 Film) pass away?,difficulty-1,Rome,Single Answer
1266,Where was the filmmaker behind Tess Of The Storm Country (1960 Film) born?,difficulty-1,Jersey City,Single Answer
1269,Who established the publishing firm responsible for releasing Foom?,difficulty-1,Martin Goodman,Single Answer
1272,"Who has more years under their belt, Pavel Gizgizov or the renowned Scottish hill runner?",difficulty-1,Angela Mudge,Single Answer
1275,Did Lance Norick and Robert Whittaker share the same citizenship?,difficulty-1,yes,Single Answer
1278,Do the musical groups Put The Rifle Down and The Grace Thrillers originate from the same nation?,difficulty-1,no,Single Answer
1281,Who is the paternal figure of the filmmaker behind the motion picture Emilie Högquist (Film)?,difficulty-1,Harald Molander,Single Answer
1284,On what date did the filmmaker behind the 1981 movie Radha Kalyanam pass away?,difficulty-1,31 August 2014,Single Answer
1287,Do Slovenly (Band) and Underground Zerø originate from the same nation?,difficulty-1,no,Single Answer
1290,In which city did the filmmaker behind 'My Own Pal' pass away?,difficulty-1,Los Angeles,Single Answer
1293,Do the films Pelli Chesi Choodu and Alfons Zitterbacke originate from the same nation?,difficulty-1,no,Single Answer
1296,Are the movie Griff The Invisible and the film Winter Sleep both produced in the same nation?,difficulty-1,no,Single Answer
1299,When was the mother of the Countess of Flanders born?,difficulty-1,2 June 1202,Single Answer
1302,At which educational institution did the filmmaker behind Nova Zembla (Film) receive their academic training?,difficulty-1,University of Amsterdam,Single Answer
1305,Are the filmmakers behind both the movie Miriam and the western Leadville Gunslinger from identical nations?,difficulty-1,no,Single Answer
1308,"Do the films God'S House and Natural Selection (2011), originate from the same nation?",difficulty-1,yes,Single Answer
1311,On which day did the father of the racing enthusiast Cliff Durant pass away?,difficulty-1,"March 18, 1947",Single Answer
1314,What is the origin of the filmmaker behind Let There Be Light (1998 Film)?,difficulty-1,French,Single Answer
1317,Who is the maternal grandmother of Prince Christian Oscar of Hanover?,difficulty-1,Augusta Victoria,Single Answer
1320,In which city was the filmmaker behind La Morte Risale A Ieri Sera born?,difficulty-1,Genoa,Single Answer
1323,Do Mountainburg Secondary School and Ludlow Secondary School both exist within the same nation?,difficulty-1,yes,Single Answer
1326,Do Sang-E Vares and Ganjgah both lie within the borders of a single nation?,difficulty-1,yes,Single Answer
1329,Were Sam Faust and Kermet Apio from the same country?,difficulty-1,no,Single Answer
1332,"Who passed away first, Phil Emmanuel or the New Zealand musician Matiu Dickson?",difficulty-1,Matiu Dickson,Single Answer
1335,"Where was the father of Philipp, Duke Of Saxe-Merseburg-Lauchstädt born?",difficulty-1,Dresden,Single Answer
1338,Are both the filmmaker behind Gaja Donga and the filmmaker behind Nude Per L'Assassino from the same nation?,difficulty-1,no,Single Answer
1341,When did the filmmaker behind Celluloide pass away?,difficulty-1,5 October 2013,Single Answer
1344,On what date was the filmmaker behind Ninja III: The Domination born?,difficulty-1,"March 13, 1950",Single Answer
1347,"Who had a longer lifespan, Pannalal Barupal or Thomas Winterflood?",difficulty-1,Pannalal Barupal,Single Answer
1350,From which institution did Axel Braun's paternal parent obtain his degree?,difficulty-1,University of Milan,Single Answer
1353,What is the citizenship of the filmmaker behind The Snowdrop Festival?,difficulty-1,Czech,Single Answer
1356,In which city was the filmmaker behind Un Extraño En La Escalera born?,difficulty-1,Buenos Aires,Single Answer
1359,What is the hometown of the filmmaker behind The Gigolo (1960 Film)?,difficulty-1,Lyon,Single Answer
1362,Were Dan O'Connor (Miner) and Hale Baugh from the same nation?,difficulty-1,no,Single Answer
1365,Where does Julie Nixon Eisenhower's spouse hold a position?,difficulty-1,University of Pennsylvania,Single Answer
1368,Do the Congolese musician Tabu Ley Rochereau and the American writer Sheldon Rampton share the same country of origin?,difficulty-1,no,Single Answer
1371,At which educational institution did the filmmaker behind Crocodile Dundee In Los Angeles receive their schooling?,difficulty-1,Cranbrook School,Single Answer
1374,"Who was born later, Cliff Rankin or the Chinese mathematician Shen Lihong?",difficulty-1,Shen Lihong,Single Answer
1377,Do Sozar Subari and Julián Vara originate from the identical nation?,difficulty-1,no,Single Answer
1380,In which city did the spouse of Ben Gage pass away?,difficulty-1,Los Angeles,Single Answer
1383,On what date did the filmmaker behind Maigret Voit Rouge pass away?,difficulty-1,27 April 1996,Single Answer
1386,Do both movies The Invisible Life and Grand Canary (film) have filmmakers originating from the identical nation?,difficulty-1,no,Single Answer
1389,Who is the uncle of Phila (Offspring of Antipater)?,difficulty-1,Cassander,Single Answer
1392,Do both Sicko and The Sexplorer originate from the same nation?,difficulty-1,no,Single Answer
1395,Do the movies Happy Day and El Misterioso Señor Marquina share directors originating from identical nations?,difficulty-1,no,Single Answer
1398,When was the filmmaker behind Honeymoon Deferred (1951 Film) born?,difficulty-1,6 February 1895,Single Answer
1401,Do The Great Commandment and The Night Is My Kingdom originate from the same nation?,difficulty-1,no,Single Answer
1404,In which city did the filmmaker behind 'There Was A Castle With Forty Dogs' pass away?,difficulty-1,Rome,Single Answer
1407,"Which musician, the Zimbabwean guitar virtuoso or Rex Goudie, entered the world earlier?",difficulty-1,Louis Mhlanga,Single Answer
1410,When was the filmmaker behind Along The Rio Grande born?,difficulty-1,"January 26, 1903",Single Answer
1413,"Which motion picture was released earlier, Could It Happen Here? or the documentary about neglected infants?",difficulty-1,Forgotten Babies,Single Answer
1416,From which nation does the filmmaker behind Convicts 4 originate?,difficulty-1,American,Single Answer
1419,When did the filmmaker behind the movie Namma Veettu Lakshmi pass away?,difficulty-1,8 October 1974,Single Answer
1422,On what date was the filmmaker behind Way For A Sailor born?,difficulty-1,"July 10, 1883",Single Answer
1425,"When was the spouse of the Countess Palatine of the Rhine, Irmengard, born?",difficulty-1,1180,Single Answer
1428,On what date did the father of the daughter of Winchell pass away?,difficulty-1,"June 24, 2005",Single Answer
1431,Was Cíntia Santos or the Finnish researcher Kimmo Savolainen born earlier?,difficulty-1,Kimmo Savolainen,Single Answer
1434,Do Nikolaos Triantafyllopoulos and the former judge of the European Court of Human Rights share the same citizenship?,difficulty-1,no,Single Answer
1437,When was the birthdate of the filmmaker behind Welcome To Hard Times (Film)?,difficulty-1,"September 3, 1922",Single Answer
1440,In which location did the spouse of María Elena Holly pass away?,difficulty-1,"Clear Lake, Iowa",Single Answer
1443,"Which motion picture has the filmmaker born earliest, Last Plane Out or The Negro (Film)?",difficulty-1,Last Plane Out,Single Answer
1446,In which city did the filmmaker behind The Woman Dressed As A Man pass away?,difficulty-1,Rome,Single Answer
1449,When was the spouse of Michael Cobb born?,difficulty-1,21 April 1946,Single Answer
1452,Do the films For Better Or For Worse and Dance With Death originate from the same nation?,difficulty-1,yes,Single Answer
1455,"Who passed away later, Sophia Bledsoe Herrick or the otolaryngologist who corresponded with Freud?",difficulty-1,Wilhelm Fliess,Single Answer
1458,"When was the filmmaker behind the movie Andrea, Paano Ba Ang Maging Isang Ina born?",difficulty-1,"September 13, 1945",Single Answer
1461,From which educational institution did Christopher Chaplin's mother receive her diploma?,difficulty-1,Brearley School,Single Answer
1464,"Which movie has the filmmaker born at a more recent date, The Spanish Earth or the Bengali drama featuring a female protagonist?",difficulty-1,Adalat O Ekti Meye,Single Answer
1467,On which day did the spouse of Martha Bullock pass away?,difficulty-1,"September 23, 1919",Single Answer
1470,What caused the demise of the filmmaker behind The Little Hut?,difficulty-1,heart attack,Single Answer
1473,Who is the partner of the filmmaker behind the movie Twilight (1945 Film)?,difficulty-1,Rosenda Monteros,Single Answer
1476,In which city did the spouse of Soong Ching-Ling pass away?,difficulty-1,Beijing,Single Answer
1479,In which city was the filmmaker behind the motion picture Paris (1937 Film) born?,difficulty-1,Geneva,Single Answer
1482,Which nation is the filmmaker of Cornered! (Film) originally from?,difficulty-1,Belgium,Single Answer
1485,Do the films Riders Of The Sage and Moonwalker originate from the same nation?,difficulty-1,yes,Single Answer
1488,On what date did the musician behind the tune I'M Crazy Over Every Girl In France pass away?,difficulty-1,"April 7, 1974",Single Answer
1491,Where was the filmmaker behind the movie Karuvelam Pookkal born?,difficulty-1,Kovilpatti,Single Answer
1494,When was the filmmaker behind Prey For The Shadows born?,difficulty-1,13 July 1923,Single Answer
1497,"Do both films, Polly Pocket: Lunar Eclipse and the 2002 crime movie, originate from the same nation?",difficulty-1,no,Single Answer
1500,Do the filmmakers behind the motion picture The Blue Bird (1940 Film) and the creators of Bharya Biddalu share the same nationality?,difficulty-1,no,Single Answer
1503,Do both the motion picture Bal Tabarin and the film Tag Und Nacht originate from the identical nation?,difficulty-1,no,Single Answer
1506,Do Rafael Carbonell and Emmanuel Brunet-Jailly possess identical citizenship?,difficulty-1,no,Single Answer
1509,"Do the settlements of Farmaniyeh and Deh-E Bala, Zarand exist within the identical nation?",difficulty-1,yes,Single Answer
1512,When did the filmmaker behind Railroaded! pass away?,difficulty-1,"April 29, 1967",Single Answer
1515,Do both filmmakers of Public Enemies (1996 Film) and Secret Obsession hail from the same country?,difficulty-1,yes,Single Answer
1518,Does the individual known as Foster Campbell share the same citizenship as the person referred to as Hjalmar Kinberg?,difficulty-1,no,Single Answer
1521,From which nation does the filmmaker behind Peaceful Warrior originate?,difficulty-1,American,Single Answer
1524,Did Froilan Calayag and Perico Sambeat originate from the identical nation?,difficulty-1,no,Single Answer
1527,"Are both airfields, Lamar County Airport and Barinas Airport, situated in the same nation?",difficulty-1,no,Single Answer
1530,When was the birthdate of the musician who created the soundtrack for William Shatner's Gonzo Ballet?,difficulty-1,"September 12, 1966",Single Answer
1533,"Which individual entered the world at a later date, the German engineer Jörg Helmdach or Edmund Hanson?",difficulty-1,Jörg Helmdach,Single Answer
1536,Do the filmmaker behind Duvvada Jagannadham and the filmmaker responsible for The Man Behind The Mask share the same country of origin?,difficulty-1,no,Single Answer
1539,Are both Letterbreckaun and Mont Aiguille situated in the identical nation?,difficulty-1,no,Single Answer
1542,On what date was the filmmaker behind the movie Twist And Shout born?,difficulty-1,9 November 1948,Single Answer
1545,In which location did the filmmaker responsible for Beyond The Rocks pass away?,difficulty-1,Hollywood,Single Answer
1548,"Who is younger, James Spearman Winter or the Italian mathematician Arrigo Miglio?",difficulty-1,Arrigo Miglio,Single Answer
1551,When did the filmmaker behind Navy Blues (1937 Film) pass away?,difficulty-1,"October 22, 1969",Single Answer
1554,"Who had a longer lifespan, the individual known as Billy Todd or Salvador Videgain?",difficulty-1,Billy Todd,Single Answer
1557,"Do Zamanabad, Chaharmahal And Bakhtiari and Ashkuh all lie within the borders of the same nation?",difficulty-1,yes,Single Answer
1560,"Who is the more youthful individual, the former executive director of the MLBPA or John Hawkins (Author)?",difficulty-1,Marvin E. Miller Sr.,Single Answer
1563,What is the nationality of the filmmaker behind Lease Wife?,difficulty-1,Chinese,Single Answer
1566,Do both movies: Betty Of Greystone and Kaadhal Kavithai have filmmakers originating from the same nation?,difficulty-1,no,Single Answer
1569,What is the nationality of the filmmaker behind The Ascent Of Little Lilian?,difficulty-1,Austrian,Single Answer
1572,Who is the mother's father of Margaret Of Hungary (Saint)?,difficulty-1,Theodore I Laskaris,Single Answer
1575,Do the films Desperate Endeavors and My Name Is Thomas originate from the identical nation?,difficulty-1,no,Single Answer
1578,In which city did the filmmaker behind The Private Life Of Louis Xiv pass away?,difficulty-1,Berlin,Single Answer
1581,In which city did the creator of the movie Mahapurush pass away?,difficulty-1,Calcutta,Single Answer
1584,Are General Vanier Intermediate School and Ormeau Woods State High School situated in the identical nation?,difficulty-1,no,Single Answer
1587,Are the filmmaker behind Asukh and the creator of Super Size Me 2: Holy Chicken! both from the same nation?,difficulty-1,no,Single Answer
1590,"Which motion picture features the filmmaker who passed away first, A Night'S Adventure or Insaciable?",difficulty-1,A Night'S Adventure,Single Answer
1593,Are the filmmakers behind both movies: Desde Que Amanece Apetece and the 1921 motion picture Danton from identical nations?,difficulty-1,no,Single Answer
1596,Did the films Kahpe Bizans and The Treaty originate in the same nation?,difficulty-1,no,Single Answer
1599,On what date did the vocalist of the tune Jeepers Creepers pass away?,difficulty-1,"July 6, 1971",Single Answer
1602,Are the filmmaker behind Scandal At The Fledermaus and the filmmaker behind House Of Angels – Third Time Lucky from the same nation?,difficulty-1,no,Single Answer
1605,Are both Bullarto Railway Station and the train stop in Harestua situated in the identical nation?,difficulty-1,no,Single Answer
1608,Was the artist Moya Dyring or the scholar Hartman H. Lomawaima born earlier?,difficulty-1,Moya Dyring,Single Answer
1611,In which city was the filmmaker behind Perfume De Gardênia born?,difficulty-1,Ribeirão Preto,Single Answer
1614,Do both filmmakers behind The French Lieutenant's Woman (Film) and The Arrest Of A Pickpocket share the same country of origin?,difficulty-1,no,Single Answer
1617,Who is the partner of the filmmaker behind the movie Fighting Man Of The Plains?,difficulty-1,Ann Morriss,Single Answer
1620,"Are both Cornell, Wisconsin and the capital of the Republic of Khakassia situated within identical national borders?",difficulty-1,no,Single Answer
1623,"Which movie debuted later, the kaiju battle featuring the King of the Monsters against a giant beetle robot or Sweet Love, Bitter (Film)?",difficulty-1,Godzilla Vs. Megalon,Single Answer
1626,Why did the filmmaker behind The Machine Age pass away?,difficulty-1,Parkinson's disease,Single Answer
1629,"Which movie has the filmmaker who was born earlier, Honor Of The West or The Bachelor's Wife?",difficulty-1,A Esposa Do Solteiro,Single Answer
1632,When did the filmmaker behind the 1975 movie You And Me pass away?,difficulty-1,"June 3, 2009",Single Answer
1635,On what date did the vocalist of the track G.I. Jive pass away?,difficulty-1,"June 25, 1976",Single Answer
1638,"Which movie has the filmmaker born earlier, The Courageous Dr. Christian or Backdraft (Film)?",difficulty-1,The Courageous Dr. Christian,Single Answer
1641,Who is the father of Domangart Réti's father?,difficulty-1,Erc of Dalriada,Single Answer
1644,"Which motion picture features the filmmaker who passed away earlier, Joe Palooka In The Counterpunch or the Tinseltown narrative?",difficulty-1,Hollywood Story,Single Answer
1647,"Which movie features the filmmaker who passed away earlier, Naseeb (1981 Film) or the action-packed war drama?",difficulty-1,Fighting Trooper,Single Answer
1650,On what date was the vocalist behind the track Liberation (Lippy Lou Song) born?,difficulty-1,12 July 1975,Single Answer
1653,Do Marcel Vonlanthen and Domenico Doardo have identical citizenships?,difficulty-1,no,Single Answer
1656,When did the filmmaker behind 'Rhodes of Africa' pass away?,difficulty-1,24 September 1953,Single Answer
1659,"Where was the musician who created the track I Was A Lover, A Leader Of Men born?",difficulty-1,Douglas,Single Answer
1662,"Which movie has the filmmaker born earlier, A Man Apart or The Social Buzz?",difficulty-1,A Society Sensation,Single Answer
1665,Do the musical group Sopwith Camel and the girl band Filipinki originate from the same nation?,difficulty-1,no,Single Answer
1668,Do the composer of 'The Breadwinner' and the musician behind 'The Boondock Saints' share a nationality?,difficulty-1,no,Single Answer
1671,Who is the partner of the filmmaker behind the motion picture The Trail Of The Octopus?,difficulty-1,Virginia Brown Faire,Single Answer
1674,"Are both settlements, Donja Brvenica and Hajj Hoseyn Nikabady, situated within identical national borders?",difficulty-1,no,Single Answer
1677,"Which movie has the filmmaker who was born earlier, Basic (Film) or the 1963 historical drama about Gandhi's assassin?",difficulty-1,Nine Hours To Rama,Single Answer
1680,Do both Spurgeon Neel and Henry Holden Huss hail from the same nation?,difficulty-1,yes,Single Answer
1683,Were the composer of 'I Fought the Law' and the Scottish nobleman of the same nationality?,difficulty-1,no,Single Answer
1686,When is the filmmaker behind The Last Outlaw (1936 Film)'s date of birth?,difficulty-1,"April 16, 1888",Single Answer
1689,Who is the father-in-law of the Queen of Castile (Died 1244)?,difficulty-1,Peter II of Aragon,Single Answer
1692,On what date was the father of Ben Botica born?,difficulty-1,3 August 1963,Single Answer
1695,"Which motion picture's filmmaker passed away earlier, What Price Glory (1952 Film) or the silent romantic short An Old Sweetheart Of Mine?",difficulty-1,An Old Sweetheart Of Mine,Single Answer
1698,When was the vocalist of the track White Summer born?,difficulty-1,9 January 1944,Single Answer
1701,Where was the origin of the musician behind the movie Krishna (1996 Tamil Film)?,difficulty-1,Chennai,Single Answer
1704,What is the citizenship of Ingrid Laubrock's spouse?,difficulty-1,American,Single Answer
1707,When was the filmmaker behind the movie South Of The Border (1939 Film) born?,difficulty-1,"July 14, 1908",Single Answer
1710,Where was the filmmaker behind The Revenge Of Ivanhoe born?,difficulty-1,Potenza,Single Answer
1713,"Who is older, Shallum Pires or the renowned music producer Peter Franco?",difficulty-1,Peter Franco,Single Answer
1716,Who is the paternal grandfather of Wenceslaus from Krosno?,difficulty-1,Henry V of Iron,Single Answer
1719,"Are the settlements of Shib-E Talabad and Kardgar Kola, Babol situated within identical national borders?",difficulty-1,yes,Single Answer
1722,"Do the settlements of Hoseynabad, Khonj and Atal, Astrakhan Oblast both lie within the borders of a single nation?",difficulty-1,no,Single Answer
1725,In which city known for its entertainment industry did the artist behind the track After The Dance pass away?,difficulty-1,Los Angeles,Single Answer
1728,Do the individuals Don Perkins and Julius Saaristo share the same country of origin?,difficulty-1,no,Single Answer
1731,Where did the artist of the track On The Beat (Song) pass away?,difficulty-1,Preston,Single Answer
1734,When is the father of Karl Johann Von Königsmarck's date of birth?,difficulty-1,24 March 1634,Single Answer
1737,Was Cian O'Sullivan or the German adult film actress born first?,difficulty-1,Sexy Cora,Single Answer
1740,Where was the place of death of the creator of the movie Kalippattam?,difficulty-1,Chennai,Single Answer
1743,On what date was the filmmaker behind Viva La Vie born?,difficulty-1,30 October 1937,Single Answer
1746,Do Max Tortora and William Soules hail from the same nation?,difficulty-1,no,Single Answer
1749,"Which motion picture was released first, Outer Space Jitters or The Man With The Golden Soles?",difficulty-1,Outer Space Jitters,Single Answer
1752,Do the aviation hubs of Weeze and Lae Nadzab serve the same nation?,difficulty-1,no,Single Answer
1755,In which city was the filmmaker of Radio Stories born?,difficulty-1,Madrid,Single Answer
1758,Did the athlete Kip Janvrin and the sportsman Serhiy Priz share identical citizenship?,difficulty-1,no,Single Answer
1761,"Do Bir Ma'in and Shahrestan, Khoshk-e Bijar belong to the same nation?",difficulty-1,no,Single Answer
1764,In which metropolis was the filmmaker behind Club Sandwich born?,difficulty-1,Mexico City,Single Answer
1767,"Which movie has the filmmaker who is more senior in age, Behind Prison Gates or The Female Proprietor?",difficulty-1,The Lady Owner,Single Answer
1770,"Do both settlements, Javadiyeh, Markazi and Visak, lie within the same nation?",difficulty-1,yes,Single Answer
1773,Do Cédric Garcia and Amrit Bhattarai possess identical citizenship status?,difficulty-1,no,Single Answer
1776,When did the filmmaker behind the movie Once Before I Die pass away?,difficulty-1,"May 22, 1998",Single Answer
1779,In which city did the filmmaker behind The Vagabond Prince pass away?,difficulty-1,Los Angeles,Single Answer
1782,"Do both settlements, Falizan and Eyvanabad, lie within the same nation?",difficulty-1,yes,Single Answer
1785,"Which movie has the filmmaker born earlier, Songs And Saddles or The Poor Little Rich Girl?",difficulty-1,The Poor Little Rich Girl,Single Answer
1788,When was the filmmaker behind Into The White born?,difficulty-1,14 March 1960,Single Answer
1791,In which city was the filmmaker behind Deewane Tere Pyar Ke born?,difficulty-1,Lahore,Single Answer
1794,Where did the filmmaker behind Outwitted (1925 Film) pass away?,difficulty-1,Hollywood,Single Answer
1797,On what date did the filmmaker behind Rathna Manjari pass away?,difficulty-1,13 February 1989,Single Answer
1800,Do the settlements of Khwein Elshaer and El Khoubna share the same national jurisdiction?,difficulty-1,no,Single Answer
1803,Do the filmmaker behind Madness in the Method and the filmmaker responsible for Pervert! hail from the same country?,difficulty-1,yes,Single Answer
1806,"Which motion picture has the filmmaker who is more senior in age, Smiley Gets A Gun or Frankenstein And The Monster From Hell?",difficulty-1,Smiley Gets A Gun,Single Answer
1809,Do Gordon Lowe and Eddie Murphy (Baseball) share the same country of origin?,difficulty-1,no,Single Answer
1812,Do the filmmaker behind Riders Of The Deadline and the filmmaker behind Vaanam hold identical citizenship?,difficulty-1,no,Single Answer
1815,"Are Sharifabad, Andika and Qaleh Now-Ye Fariman situated within identical national borders?",difficulty-1,yes,Single Answer
1818,Were the 3rd Earl of Suffolk and Sepp Wildgruber from the same nation?,difficulty-1,no,Single Answer
1821,Where was the burial site of the spouse of Christiane Eberhardine Of Brandenburg-Bayreuth?,difficulty-1,Wawel Cathedral,Single Answer
1824,Do the filmmakers behind My Dear Muthachan and The Mysterious X share the same nationality?,difficulty-1,no,Single Answer
1827,"Are both bodies of water, Lake Alice (Hubbard County, Minnesota) and Lai Da Ravais-Ch, situated within the same nation?",difficulty-1,no,Single Answer
1830,Do Antonio Del Rosario and Supriya Karnik share the same nationality?,difficulty-1,no,Single Answer
1833,When did the filmmaker behind Paappi Devataa pass away?,difficulty-1,22 November 2005,Single Answer
1836,Where was the filmmaker behind Uptown Girls born?,difficulty-1,New York,Single Answer
1839,Do the filmmaker behind the 2013 action movie The Shooter and the creator of The Viking Sagas possess identical citizenships?,difficulty-1,no,Single Answer
1842,Who is the paternal figure of the filmmaker behind the motion picture Missing Women (Film)?,difficulty-1,Francis Ford,Single Answer
1845,When is the spouse of Aline Mayrisch De Saint-Hubert born?,difficulty-1,10 October 1862,Single Answer
1848,When was the filmmaker behind In High Places (1943 Film) born?,difficulty-1,17 November 1906,Single Answer
1851,Do the author of 'The Hobbit' and the creator of 'The Chronicles of Narnia' share the same citizenship?,difficulty-1,no,Single Answer
1854,"Which movie has the filmmaker born later, Razmeđa or the German comedy film Bullyparade – Der Film?",difficulty-1,Bullyparade – Der Film,Single Answer
1857,Do both movies: The Island (2011 film) and The Insider (film) have filmmakers originating from the identical nation?,difficulty-1,no,Single Answer
1860,What is the birth date of the filmmaker behind The Vintage?,difficulty-1,"October 15, 1926",Single Answer
1863,"Are both settlements, Biezelinge and Larzian, situated within the same nation?",difficulty-1,no,Single Answer
1866,When was the filmmaker behind Private Parts (1997 Film) born?,difficulty-1,"July 27, 1948",Single Answer
1869,"Are the cities of Nomreh-Ye Do, Haftkel, and Perekopskaya all situated within the same nation?",difficulty-1,no,Single Answer
1872,Do Saul N. Ramirez Jr. and the WNBA player Tayler Hill share the same nationality?,difficulty-1,yes,Single Answer
1875,"What is the date of death of the mother of Beatrice, Countess Of Alburquerque?",difficulty-1,7 January 1355,Single Answer
1878,Who is the offspring of the filmmaker behind the motion picture Smashing Through?,difficulty-1,Roy Kellino,Single Answer
1881,"Which movie has the filmmaker born at a more recent date, Room In Rome or The Loves Of Carmen (1948 Film)?",difficulty-1,Room In Rome,Single Answer
1884,Are the directors of both the movies Tough to Handle and The Forgotten (2004 film) from the same nation?,difficulty-1,yes,Single Answer
1887,When did the filmmaker behind Ballade På Christianshavn pass away?,difficulty-1,19 November 2005,Single Answer
1890,Do the movies The Creator (Film) and The Woman Without Nerves share directors originating from the same nation?,difficulty-1,no,Single Answer
1893,What is the citizenship of the artist behind the track Wild In The Country (Elvis Presley Song)?,difficulty-1,American,Single Answer
1896,Did André Hakim and Harry Hartsell share the same country of origin?,difficulty-1,no,Single Answer
1899,When was the filmmaker behind Down Home (Film) born?,difficulty-1,"November 18, 1890",Single Answer
1902,What is the accolade that the filmmaker of The River's End (Film) received?,difficulty-1,Academy Award for Best Adapted Screenplay,Single Answer
1905,When did the filmmaker behind Scandal At Scourie pass away?,difficulty-1,18 July 1993,Single Answer
1908,Did both the hurler Eddie Kelly and the athlete Marciano Norman originate from identical locations?,difficulty-1,no,Single Answer
1911,"Which individual, between Nur Serter and Gabe Vincent, has the earlier birth date?",difficulty-1,Nur Serter,Single Answer
1914,What was the fatal condition that claimed the life of Julie Nixon Eisenhower's mother?,difficulty-1,lung cancer,Single Answer
1917,Do both filmmakers responsible for Over The Edge (Film) and Code Of The Saddle share the same country of origin?,difficulty-1,yes,Single Answer
1920,Which nation is the filmmaker behind Over To Delhi originally from?,difficulty-1,India,Single Answer
1923,When was the filmmaker behind A Musical War Of Love born?,difficulty-1,10 May 1899,Single Answer
1926,Do both movies: The Secret Of Madame Blanche and Dasima have filmmakers originating from the identical nation?,difficulty-1,no,Single Answer
1929,When was the filmmaker behind Battles Of Chief Pontiac born?,difficulty-1,"February 28, 1910",Single Answer
1932,Do Alberto Rivera Pizarro and William G. Rohrer hail from the same nation?,difficulty-1,no,Single Answer
1935,Are the publishing company Helter Skelter and the town of Beaudley situated in the same nation?,difficulty-1,no,Single Answer
1938,In which location was the creator of the movie The Last Picture Show born?,difficulty-1,Mount Olive,Single Answer
1941,"Which movie premiered first, Major Payne or the aerial rodeo performer's film?",difficulty-1,The Flyin' Cowboy,Single Answer
1944,"Between the Chinese warlord and Marianne Rokne, who has the earlier birth year?",difficulty-1,Zhang Zongchang,Single Answer
1947,What is the citizenship of the filmmaker behind Old Mamsell's Secret?,difficulty-1,Austrian,Single Answer
1950,Does Yann Pivois share the same citizenship as the American physicist George W. Sarbacher Jr.?,difficulty-1,no,Single Answer
1953,"Who is the mother-in-law of Henry Clifford, the second Earl of Cumberland?",difficulty-1,Mary Tudor,Single Answer
1956,"Which movie premiered first, the Polish comedy 'Pułkownik Kwiatkowski' or the film titled 'Tuesday'?",difficulty-1,Pułkownik Kwiatkowski,Single Answer
1959,Which nation is the filmmaker of Silver Threads Among The Gold (1911 Film) from?,difficulty-1,American,Single Answer
1962,"Which motion picture has the filmmaker passed away earlier, Convict 99 or Paradise For Two (1927 Film)?",difficulty-1,Convict 99,Single Answer
1965,From which nation does the filmmaker behind Frasquita originate?,difficulty-1,Czech,Single Answer
1968,On what date did the spouse of Margaret Flamsteed pass away?,difficulty-1,31 December 1719,Single Answer
1971,When did the filmmaker behind The King Of The Street Cleaners pass away?,difficulty-1,19 December 2009,Single Answer
1974,What accolade did the filmmaker behind Young Eagles receive?,difficulty-1,Academy Award for Best Story,Single Answer
1977,Where was the final resting place of the filmmaker behind the motion picture Gold In The Street?,difficulty-1,Forest Lawn Memorial Park,Single Answer
1980,What is the nationality of the filmmaker behind Swing Shift Maisie?,difficulty-1,American,Single Answer
1983,"Which movie features the elder director, Hold Back The Night or The Last Night Of The Barbary Coast?",difficulty-1,Hold Back The Night,Single Answer
1986,"Which movie debuted earlier, 'Different From The Others' or 'Connecting Rooms'?",difficulty-1,Different From The Others,Single Answer
1989,On which day did the mother of the Count of Hanau-Lichtenberg pass away?,difficulty-1,27 July 1522,Single Answer
1992,"When was the filmmaker behind Black Rose Is An Emblem Of Sorrow, Red Rose Is An Emblem Of Love born?",difficulty-1,25 August 1944,Single Answer
1995,Who was born first out of Maarten 'T Hart and the individual known as Frederick Orton Hamilton?,difficulty-1,Frederick Orton Hamilton,Single Answer
1998,"Do both movies, Nammanna Don and Love Me No More (Film), have the filmmakers who originate from the identical nation?",difficulty-1,no,Single Answer
2001,"Which movie has the filmmaker who is more senior in age, Stepping Lively or Convict Stage?",difficulty-1,Stepping Lively,Single Answer
2004,Do the films Züri Brännt and the 1929 motion picture Condemned originate from the same nation?,difficulty-1,no,Single Answer
2007,Who was born earlier between Shane O'Connor (Skier) and the renowned Appalachian storyteller?,difficulty-1,Ray Hicks,Single Answer
2010,In which city was the creator of the motion picture The Young Magician born?,difficulty-1,Wałbrzych,Single Answer
2013,Do the illustrator Wilfred Limonious and the writer Hans Natonek possess identical citizenships?,difficulty-1,no,Single Answer
2016,Are the filmmakers behind the movies Disturbia (film) and Nemesis (1992 film) both from the same nation?,difficulty-1,yes,Single Answer
2019,"Are Darband, Kurdistan and Alan, East Azerbaijan situated within the identical nation?",difficulty-1,yes,Single Answer
2022,"Who is younger, John Oulton or the former AFL CEO?",difficulty-1,Andrew Demetriou,Single Answer
2025,Do the filmmaker behind Crocodile Dundee In Los Angeles and the filmmaker responsible for Life At The Top (Film) share the same country of origin?,difficulty-1,no,Single Answer
2028,Who is the father of the music director of the movie Naanum Rowdy Dhaan?,difficulty-1,Ravi Raghavendra,Single Answer
2031,In which city did the filmmaker behind the 1996 adaptation of Jane Eyre pass away?,difficulty-1,Rome,Single Answer
2034,In which city did the vocalist of the track Şuşanın Dağları Başı Dumanlı pass away?,difficulty-1,Baku,Single Answer
2037,Where did the filmmaker behind Never Say Quit pass away?,difficulty-1,Hollywood,Single Answer
2040,Who was born first out of the Swedish socialist and David Tomblin?,difficulty-1,Axel Danielsson,Single Answer
2043,Were the films Paru-Parong Bukid and Agon (Film) produced in the identical nation?,difficulty-1,no,Single Answer
2046,Do the filmmaker behind The Subject and the filmmaker behind La Terrazza share the same country of origin?,difficulty-1,no,Single Answer
2049,When is the birthday of the filmmaker behind The Night Club Queen?,difficulty-1,"December 25, 1904",Single Answer
2052,Are the villages of Ardeshiri-Ye Bala and Takht Arreh Yek situated within the same nation?,difficulty-1,yes,Single Answer
2055,What is the homeland of the filmmaker behind the movie School Master (2010 Film)?,difficulty-1,India,Single Answer
2058,From which nation does the creator of the tune Songbird (Bernard Fanning Song) originate?,difficulty-1,Australia,Single Answer
2061,Do Whole Wheat Bread (musical group) and Dreamscape (musical group) both originate from the same nation?,difficulty-1,no,Single Answer
2064,In which city did the filmmaker behind 'Return Of A Citizen' pass away?,difficulty-1,Cairo,Single Answer
2067,Do the Italian researcher Carmelo Micciche and the British scientist Graham Liggins possess identical citizenships?,difficulty-1,no,Single Answer
2070,"Do both movies, The Port Of Doom and Big Daddy (1999 Film), have filmmakers originating from the same nation?",difficulty-1,yes,Single Answer
2073,On what date was the vocalist of the track In Ankhon Ki Masti Ke born?,difficulty-1,8 September 1933,Single Answer
2076,Where was the location of the demise of the filmmaker responsible for Kiss Of Araby?,difficulty-1,Hollywood,Single Answer
2079,In which city-state did the filmmaker behind Kuberan (2000 Film) pass away?,difficulty-1,Singapore,Single Answer
2082,Where did the filmmaker responsible for Guns And Guitars pass away?,difficulty-1,Santa Monica,Single Answer
2085,What is the date of death of the filmmaker behind That Sweet Word: Liberty!?,difficulty-1,12 November 1996,Single Answer
2088,"Who is the maternal ancestor of Humphrey, Duke of Gloucester's father?",difficulty-1,Blanche of Lancaster,Single Answer
2091,Do Andries Kinsbergen and Jakob Ritter Von Danner share the same country of origin?,difficulty-1,no,Single Answer
2094,What is the citizenship of the filmmaker behind Clancy Street Boys?,difficulty-1,American,Single Answer
2097,Are the filmmaker behind The Squeeze (1987 Film) and the filmmaker behind Web Of The Spider both from the same nation?,difficulty-1,no,Single Answer
2100,Which nation does the filmmaker of Imperative (Film) hail from?,difficulty-1,Polish,Single Answer
2103,"On what date was the father of George Chubb, the first Baron Hayter, born?",difficulty-1,10 December 1816,Single Answer
2106,When did the filmmaker behind For You I Have Sinned pass away?,difficulty-1,22 October 1995,Single Answer
2109,When was the spouse of Pat Fordice born?,difficulty-1,"February 10, 1934",Single Answer
2112,"Which movie was released first, Voter (Film) or the cinematic piece from the French Riviera?",difficulty-1,Flowers From Nice,Single Answer
2115,"Did the musical groups Kool & The Gang and The Rej3Ctz, originate from the same nation?",difficulty-1,yes,Single Answer
2118,Do the higher education institution in Katsina State and the business school in Hyderabad share the same national location?,difficulty-1,no,Single Answer
2121,On what date was the spouse of Baron Alphons Von Pawel-Rammingen born?,difficulty-1,9 January 1848,Single Answer
2124,Where was the location of the demise of the filmmaker responsible for Port Of Seven Seas?,difficulty-1,Hollywood,Single Answer
2127,On what date was the spouse of Queen Noguk born?,difficulty-1,23 May 1330,Single Answer
2130,Do the filmmakers behind Battle Of Roses and Ramadasu share identical citizenship?,difficulty-1,no,Single Answer
2133,Do Lilies Handayani and Jan Maree Tennent share the same country of origin?,difficulty-1,no,Single Answer
2136,"Which movie has the filmmaker who is more senior in age, The Bedford Incident or The Vampire's Embrace?",difficulty-1,The Kiss Of The Vampire,Single Answer
2139,"Who passed away earlier, the philanthropist Dallas Pratt or Arthur James Armstrong?",difficulty-1,Dallas Pratt,Single Answer
2142,"Which movie's filmmaker passed away subsequently, Shootin' For Love or the cinematic portrayal of Captain Contreras' alternate existence?",difficulty-1,The Other Life Of Captain Contreras,Single Answer
2145,Do Plainfield North High School and Bridgeton High School both exist within the same nation?,difficulty-1,yes,Single Answer
2148,Do both the British politician George Rickards and the Latvian soprano Maija Kovaļevska share the same nationality?,difficulty-1,no,Single Answer
2151,What is the citizenship of the filmmaker behind Poor Little Sif?,difficulty-1,Austrian,Single Answer
2154,When did the filmmaker behind Sylvia (1965 Film) pass away?,difficulty-1,"September 29, 1993",Single Answer
2157,Do the filmmaker behind Kaalbela and the filmmaker behind The Most Beautiful Wife share the same country of origin?,difficulty-1,no,Single Answer
2160,"Which movie has the filmmaker who is more senior in age, Fort Apache, The Bronx or the 1965 Japanese epic directed by Akira Kurosawa?",difficulty-1,Barberousse,Single Answer
2163,Which accolade did the music director of the movie Okka Kshanam receive?,difficulty-1,Filmfare Awards South,Single Answer
2166,"Are Nychalakh and Kavalaq, situated in the northwestern region of Iran, both found within the same nation?",difficulty-1,no,Single Answer
2169,Do the filmmakers behind the 1955 movie My Sister Eileen and the motion picture The Gun That Won The West hail from the same nation?,difficulty-1,yes,Single Answer
2172,Which nation is the filmmaker behind City Beneath The Sea (1953 Film) from?,difficulty-1,American,Single Answer
2175,In which city did the filmmaker behind Taylor Mead'S Ass pass away?,difficulty-1,New York,Single Answer
2178,"Do both the Swiss lake Baldegg and the largest freshwater body in Florida, Okeechobee, reside within identical national borders?",difficulty-1,no,Single Answer
2181,Does Franklin A. Long share the same citizenship as Clayton Landey?,difficulty-1,yes,Single Answer
2184,"Which motion picture was released earlier, Fifty Fathoms Deep or Cool Breeze (Film)?",difficulty-1,Fifty Fathoms Deep,Single Answer
2187,On what date was the father of Princess Florestine of Monaco born?,difficulty-1,10 October 1785,Single Answer
2190,On what date was the filmmaker behind Without Fear Or Blame born?,difficulty-1,4 May 1951,Single Answer
2193,In which city located in the Cornhusker State was the director of the movie Clear The Decks born?,difficulty-1,"Omaha, Nebraska",Single Answer
2196,Did the German neurologist Wilhelm Heinrich Erb and the Italian artist Biagio Biagetti share the same country of origin?,difficulty-1,no,Single Answer
2199,"Do Dowlatabad, Chenaran and Asadabad-E Bala, Isfahan share the same national territory?",difficulty-1,yes,Single Answer
2202,In which city did the mother of Herbert Furth pass away?,difficulty-1,Washington,Single Answer
2205,Do the films I Was Monty's Double and the cinematic portrayal of Vlad the Impaler come from identical nations?,difficulty-1,no,Single Answer
2208,What led to the demise of the filmmaker behind Tai-Pan (Film)?,difficulty-1,pulmonary fibrosis,Single Answer
2211,On what date did the filmmaker behind Oorige Upakari pass away?,difficulty-1,"December 14, 2011",Single Answer
2214,"Who is the more youthful individual, Peter Quill (Footballer) or the American politician Alonzo T. Washington?",difficulty-1,Alonzo T. Washington,Single Answer
2217,When was the filmmaker behind .Com For Murder born?,difficulty-1,28 April 1941,Single Answer
2220,Do Louis Sanmarco and Helge Sandvik both hail from the same nation?,difficulty-1,no,Single Answer
2223,Are the filmmakers behind Creezy (Film) and Into The Fire (1988 Film) both from the same nation?,difficulty-1,no,Single Answer
2226,In which city did the filmmaker behind As I Open My Eyes first see the world?,difficulty-1,Tunis,Single Answer
2229,"Which movie had its filmmaker pass away earlier, Eleni (Film) or the thriller about pursued individuals?",difficulty-1,Hunted Men,Single Answer
2232,"Are both cultural institutions, the Aksaray Museum and the Jim Gatchell Memorial Museum, situated within the same nation?",difficulty-1,no,Single Answer
2235,Do the educational institutions Cvo Skool Pretoria and Toronto Japanese School reside within identical nations?,difficulty-1,no,Single Answer
2238,What is the citizenship of the artist behind the track A Holly Jolly Christmas?,difficulty-1,American,Single Answer
2241,Do the filmmakers behind The Hard Part Begins and No Place for a Lady share the same nationality?,difficulty-1,no,Single Answer
2244,On which day did the father of Hercules Taylour pass away?,difficulty-1,14 February 1795,Single Answer
2247,What caused the demise of the filmmaker behind An Angel From Texas?,difficulty-1,heart attack,Single Answer
2250,In which city did the spouse of Archduchess Anna of Austria pass away?,difficulty-1,Munich,Single Answer
2253,Who is the younger individual between Tang Deshang and the Olympic marksman Arturo Porro?,difficulty-1,Tang Deshang,Single Answer
2256,On what date was the filmmaker behind Moon In Scorpio born?,difficulty-1,"July 20, 1938",Single Answer
2259,"Who was born earlier, Zehra Borazancı or the first President of Djibouti?",difficulty-1,Hassan Gouled Aptidon,Single Answer
2262,Who is the father's mother of Andronikos Angelos Palaiologos?,difficulty-1,Theodora of Arta,Single Answer
2265,Where was the father of Jacques Cassini born?,difficulty-1,Perinaldo,Single Answer
2268,When did the creator of the tune Boy! What Love Has Done To Me! pass away?,difficulty-1,"July 11, 1937",Single Answer
2271,Do the filmmakers behind Just Like Home (1978 Film) and Casa De Mi Padre hail from the same country?,difficulty-1,no,Single Answer
2274,Do the settlements of Shahrak-E Mohammad Reza Asadpur and the coastal town of Fountainstown exist within the same nation?,difficulty-1,no,Single Answer
2277,Do In A World... and Strangler Of The Swamp originate from the same nation?,difficulty-1,yes,Single Answer
2280,Do Ahmad Syafi'i Maarif and Mukund Varadarajan share the same citizenship?,difficulty-1,no,Single Answer
2283,"Which movie whose filmmaker was born first, Seis Días En La Oscuridad or the culinary-titled film featuring poultry?",difficulty-1,Duck In Orange Sauce,Single Answer
2286,In which coastal town did the filmmaker behind The Strongest Instinct pass away?,difficulty-1,Bournemouth,Single Answer
2289,What is the citizenship of the artist behind the track Go To The Mardi Gras?,difficulty-1,American,Single Answer
2292,"Which nation is the creator of the movie At Last, Okemah! from?",difficulty-1,American,Single Answer
2295,"Who was born first, the former Premier of the Cayman Islands or Owen Evans (Rugby Player)?",difficulty-1,Mckeeva Bush,Single Answer
2298,"Which company was founded earlier, the global leader in pharmaceutical and food packaging films or Xylem Inc.?",difficulty-1,Klöckner Pentaplast,Single Answer
2301,On what date did the spouse of Frédéric Boulanger pass away?,difficulty-1,23 July 1850,Single Answer
2304,From which nation is the filmmaker behind the movie A Mighty Heart (Film) originally from?,difficulty-1,British,Single Answer
2307,Do the filmmakers behind both Mayuri (Movie) and California (1947 Movie) hail from the same nation?,difficulty-1,no,Single Answer
2310,Did the Irish politician and the Dutch darts player originate from the same nation?,difficulty-1,no,Single Answer
2313,When did the father of Theuderic I pass away?,difficulty-1,27 November 511,Single Answer
2316,Do both movies Where The Wild Things Are (Film) and A Modern Hero have filmmakers originating from the same nation?,difficulty-1,no,Single Answer
2319,"Do both movies, The Horrible Dr. Hichcock and Zona J, have filmmakers originating from the identical nation?",difficulty-1,no,Single Answer
2322,On what date was the creator of the track I See Fire born?,difficulty-1,17 February 1991,Single Answer
2325,"Do both movies, 4426 and El Extraño Caso Del Doctor Fausto, have filmmakers originating from the identical nation?",difficulty-1,no,Single Answer
2328,"Which movie has the filmmaker who passed away subsequently, Not Without Gisela or You Have To Run Fast?",difficulty-1,Not Without Gisela,Single Answer
2331,Do Dorina Nowill and Martin Fong possess identical citizenship?,difficulty-1,no,Single Answer
2334,On what date did the filmmaker behind You Will Be A Duchess pass away?,difficulty-1,19 May 1960,Single Answer
2337,On what date was the filmmaker behind The Lion's Den (1919 Film) born?,difficulty-1,"April 22, 1868",Single Answer
2340,On what day did the father of Bandar Bin Saud Bin Abdulaziz Al Saud pass away?,difficulty-1,23 February 1969,Single Answer
2343,"Which movie was released earlier, Dr. Wai In 'The Scripture With No Words' or the action-packed Bollywood film Aag Ka Toofan?",difficulty-1,Aag Ka Toofan,Single Answer
2346,"Which movie has the filmmaker who is older than the other, Oh, Kay! (Film) or The Rose Bowl Story?",difficulty-1,The Rose Bowl Story,Single Answer
2349,"Which motion picture features the filmmaker who passed away earlier, 'Born Free' or 'Amaidhi Padai'?",difficulty-1,Born Free,Single Answer
2352,"Who was born later, William Crump (Gardener) or the Georgian chess grandmaster Davit Khutsishvili?",difficulty-1,Davit Khutsishvili,Single Answer
2355,Do the settlements of Alamdeh-E Gharbi and Amir Bekandeh belong to the same nation?,difficulty-1,yes,Single Answer
2358,When was the filmmaker behind Law Of The Border born?,difficulty-1,2 September 1916,Single Answer
2361,"Which movie's filmmaker passed away earlier, King Solomon Of Broadway or the 1927 French crime drama?",difficulty-1,Apaches Of Paris,Single Answer
2364,In which city was the filmmaker behind La Descarriada born?,difficulty-1,Madrid,Single Answer
2367,"Which individual, between Jóhann Gunnar Sigurðsson and the Dutch merchant Dirck Van Os, entered the world earlier?",difficulty-1,Dirck Van Os,Single Answer
2370,Do the filmmakers behind Watchman Vadivel and The Green Archer (1961 Film) share the same country of origin?,difficulty-1,no,Single Answer
2373,What is the birthplace of the creator of the movie Kazhukan?,difficulty-1,Kerala,Single Answer
2376,Do the filmmakers behind the motion picture Code 8 (2016) and the motion picture Louise Dahl-Wolfe: Painting with Light share the same nationality?,difficulty-1,yes,Single Answer
2379,"Which movie was released earlier, Sluttish (Film) or the 2009 drama featuring a troubled youth?",difficulty-1,The Straight Way,Single Answer
2382,On what date did the filmmaker behind Redheads On Parade pass away?,difficulty-1,"January 27, 1964",Single Answer
2385,Are the filmmaker behind My Own United States and the filmmaker behind Anton (1973 film) from the same nation?,difficulty-1,no,Single Answer
2388,What is the hometown of the filmmaker behind Chivalrous Charley?,difficulty-1,Brooklyn,Single Answer
2391,Do the filmmakers behind Janda Pai Kapiraju and Women's Town share the same nationality?,difficulty-1,no,Single Answer
2394,Do the filmmakers behind Blues Metropolitano and Forced Confessions share the same nationality?,difficulty-1,no,Single Answer
2397,Were both Ignacio González González and Adolphe-Marie Hardy natives of the identical location?,difficulty-1,no,Single Answer
2400,"Which movie has the filmmaker who passed away first, Betty (Film) or the 1937 comedy Lady Behave!?",difficulty-1,Lady Behave!,Single Answer
2403,When was the filmmaker behind the movie 'Zwemplaats Voor Jongelingen Te Amsterdam' born?,difficulty-1,5 November 1866,Single Answer
2406,Do both the jazz vocalist Carmen Souza and the botanical artist Alida Withoos hail from the same nation?,difficulty-1,no,Single Answer
2409,What was the cause of death for the parent of the singer Nona Gaye?,difficulty-1,shot,Single Answer
2412,When did the filmmaker behind the movie The Young Land pass away?,difficulty-1,7 January 1995,Single Answer
2415,Are Concrete Affection and Tatyana'S Day both originating from the same nation?,difficulty-1,no,Single Answer
2418,Do the filmmakers behind The Victory Leaders and the filmmakers behind Dangerous to Know hail from the same nation?,difficulty-1,no,Single Answer
2421,Where did the vocalist of the track Escape (Misia Song) receive her education?,difficulty-1,Seinan Gakuin University,Single Answer
2424,"Who is older, Thomas Kennedy (Raf Officer) or the Swedish diplomat who negotiated the liberation of Paris?",difficulty-1,Raoul Nordling,Single Answer
2427,Where did the filmmaker behind the 2004 movie Malliswari receive his education?,difficulty-1,Sainik School,Single Answer
2430,When did the mother of Jane Alice Morris pass away?,difficulty-1,26 January 1914,Single Answer
2433,Which accolade did the artist of the track Haunt Me earn?,difficulty-1,Grammy Award for Best New Artist,Single Answer
2436,Do Wicked Blood and It Follows originate from the identical nation?,difficulty-1,yes,Single Answer
2439,Did the musical groups Band Of Gold and The Domino State come from the same nation?,difficulty-1,no,Single Answer
2442,What is the citizenship of the filmmaker behind The Greatest Power?,difficulty-1,American,Single Answer
2445,"Which movie has the filmmaker who was born earlier, The Man Who Won or Nýtt Líf?",difficulty-1,The Man Who Won,Single Answer
2448,In which city did the filmmaker behind Goodbye Youth (1927 Film) pass away?,difficulty-1,Rome,Single Answer
2451,Who is the partner of the artist behind the track Flight 643?,difficulty-1,Annika Backes,Single Answer
2454,When did the filmmaker of Oonjaal pass away?,difficulty-1,24 October 2017,Single Answer
2457,"Which movie has the filmmaker born earlier, Meet Miss Bobby Socks or Bad Eggs?",difficulty-1,Meet Miss Bobby Socks,Single Answer
2460,When did the filmmaker behind The Spitfire (1914 Film) pass away?,difficulty-1,"April 30, 1941",Single Answer
2463,Do both the Cumberland County Technology Education Center and the high school in the Olentangy district reside within the same nation?,difficulty-1,yes,Single Answer
2466,Who is the husband of the singer of the track Chasing The Sun (Hilary Duff Song)?,difficulty-1,Mike Comrie,Single Answer
2469,What is the citizenship of the filmmaker behind Mistress (1992 Film)?,difficulty-1,American,Single Answer
2472,When was the birthdate of the filmmaker behind Robbery (1897 Film)?,difficulty-1,3 October 1869,Single Answer
2475,When is the birthday of the filmmaker behind Pension Mimosas?,difficulty-1,21 July 1885,Single Answer
2478,When did the filmmaker behind A Wedding In The Dream pass away?,difficulty-1,"January 31, 1951",Single Answer
2481,Do the motion pictures Malamukalile Daivam and Burning Up Broadway share directors originating from the identical nation?,difficulty-1,no,Single Answer
2484,In which location did the filmmaker behind the movie Beloved Jim pass away?,difficulty-1,"Woodland Hills, Los Angeles",Single Answer
2487,Do Shayla Beesley and Sergei Klevtsov share the same nationality?,difficulty-1,no,Single Answer
2490,In which city was the filmmaker behind 'You Can't Get Away With Murder' born?,difficulty-1,New York,Single Answer
2493,What is the date of passing of the filmmaker behind Land Of The Outlaws?,difficulty-1,"July 5, 1969",Single Answer
2496,Do both Fletcher's Meadow Secondary School and Richards Career Academy exist within the same nation?,difficulty-1,no,Single Answer
2499,When was the filmmaker behind Western Jamboree born?,difficulty-1,"July 21, 1899",Single Answer
2502,When was the filmmaker behind This Man In Paris born?,difficulty-1,9 May 1904,Single Answer
2505,When did the filmmaker behind 'Don't Make Waves' pass away?,difficulty-1,"December 22, 1993",Single Answer
2508,Who is the partner of the filmmaker behind the movie Henry Goes Arizona?,difficulty-1,Ann Morriss,Single Answer
2511,Do the filmmakers behind the motion pictures Childish Things and The Boys Didn't Wear Hair Gel Before share identical citizenship?,difficulty-1,no,Single Answer
2514,When is the filmmaker behind Red Line (1959 Film) 's birthday?,difficulty-1,12 January 1924,Single Answer
2517,Who was born earlier between Walter Lambertus and the illustrator Ingeborg Meyer-Rey?,difficulty-1,Ingeborg Meyer-Rey,Single Answer
2520,In which city was the filmmaker behind The Crooked Trail born?,difficulty-1,New York,Single Answer
2523,In which city did the filmmaker behind the movie Vikramaditya pass away?,difficulty-1,Mumbai,Single Answer
2526,When is the birthday of the filmmaker behind Mon Amie Victoria?,difficulty-1,24 December 1964,Single Answer
2529,From which nation does the filmmaker of Tata Manavadu originate?,difficulty-1,India,Single Answer
2532,"Do both secondary education institutions, Geneseo Middle/High School and Queen Of Peace High School (Illinois), reside within the same nation?",difficulty-1,yes,Single Answer
2535,When did the filmmaker behind the movie Spitfire (1934 Film) pass away?,difficulty-1,"September 26, 1979",Single Answer
2538,Who is the father's father of Bjaðmunjo Mýrjartaksdóttir?,difficulty-1,Toirdelbach Ua Briain,Single Answer
2541,Where was the city of death of the musician responsible for the soundtrack of Kudamattam?,difficulty-1,Chennai,Single Answer
2544,Were Bruno Teles and Hadley Caliman from the same country?,difficulty-1,no,Single Answer
2547,"Which movie has the filmmaker who is more senior in age, Mod (Film) or the Italian short film?",difficulty-1,La Compagna Di Banco,Single Answer
2550,Do the motion picture Unfinished Business (2009) and the cinematic work The Reasons Of The Heart originate from the same nation?,difficulty-1,no,Single Answer
2553,What is the birthplace of the filmmaker behind Vacations In Acapulco?,difficulty-1,"San Juan, Puerto Rico",Single Answer
2556,What is the origin of the filmmaker behind Dark Water (2005 Film)?,difficulty-1,Brazilian,Single Answer
2559,When did the creator of the movie Prachanda Putanigalu pass away?,difficulty-1,24 January 2002,Single Answer
2562,"Which individual had a greater lifespan, the maternal grandmother of Princess Diana or Frederick Olen Mercer?",difficulty-1,Frances Ellen Work,Single Answer
2565,On what date was the filmmaker behind Die Arche born?,difficulty-1,5 November 1880,Single Answer
2568,"Who is younger, Guy De Rothschild or the Ukrainian entrepreneur?",difficulty-1,Dmytro Parfenov,Single Answer
2571,What caused the demise of Pankaja Munde's paternal figure?,difficulty-1,road accident,Single Answer
2574,Which nation is the filmmaker of Back Street (1941 Film) from?,difficulty-1,British,Single Answer
2577,When did the creator of the movie Veedu Theda pass away?,difficulty-1,15 December 2014,Single Answer
2580,Do the filmmakers behind the motion picture Nandanam and the feature Safety Not Guaranteed share the same nation of origin?,difficulty-1,no,Single Answer
2583,What is the birthplace of the filmmaker behind The Pointing Finger (1922 Film)?,difficulty-1,Woolwich,Single Answer
2586,What is the origin of the composer for the movie Tulasi Dalam?,difficulty-1,India,Single Answer
2589,What is the birthplace of Alexander Stockton Cussons's paternal parent?,difficulty-1,Holbeck,Single Answer
2592,Do the McLeod River in British Columbia and the Waikare River in Northland exist within the same nation?,difficulty-1,no,Single Answer
2595,Which nation is the artist of the track Dream Dancing (Cole Porter Song) from?,difficulty-1,American,Single Answer
2598,On what date did the creator of the movie Charulata pass away?,difficulty-1,23 April 1992,Single Answer
2601,Are Taldou and Hajji Beyk-E Olya situated within the identical nation?,difficulty-1,no,Single Answer
2604,Do both filmmakers behind the movies Lure Of The Gold and Nocturne Of Love (1919 Film) share identical citizenship?,difficulty-1,no,Single Answer
2607,Where does the artist behind the track Brains! hold a position?,difficulty-1,School of Visual Arts,Single Answer
2610,Were the vocalist from Slash's Snakepit and the Italian guitarist of the same nationality?,difficulty-1,no,Single Answer
2613,"Do both movies, Normal Life and The Pinto Bandit, have filmmakers originating from the identical nation?",difficulty-1,yes,Single Answer
2616,On what date did the creator of the movie Zimbo pass away?,difficulty-1,14 January 1991,Single Answer
2619,"Which record was released earlier, Does Fort Worth Ever Cross Your Mind or the musical compilation known as The Soul Album?",difficulty-1,The Soul Album,Single Answer
2622,Are the villages of Incheh Salah-E Olya and Ameixial situated within the same nation?,difficulty-1,no,Single Answer
2625,"Who is older, Frank Dillane or the French industrialist Charles De Wendel?",difficulty-1,Charles De Wendel,Single Answer
2628,Do The Blue Veil (1951 motion picture) and Negatives (1968 cinema production) originate from the same nation?,difficulty-1,no,Single Answer
2631,When was the musician who scored the movie The Vagabonds (1916 Film) born?,difficulty-1,2 May 1843,Single Answer
2634,Where was the filmmaker behind 'Faust: Love Of The Damned' born?,difficulty-1,Filipino,Single Answer
2637,Do Lorraine Rosenberg and James Gossland hold citizenship in the same country?,difficulty-1,no,Single Answer
2640,Which nation did the spouse of Imperial Noble Consort Gongsu belong to?,difficulty-1,Qing dynasty,Single Answer
2643,"Who had a greater lifespan, the Confederate chief engineer or Charles Healy?",difficulty-1,Jeremy Francis Gilmer,Single Answer
2646,Who is the offspring of the filmmaker behind the movie Kaala Rathri?,difficulty-1,K. S. G. Venkatesh,Single Answer
2649,"Do the town of Crandon, Wisconsin and the settlement of Gorno Egri share the same national territory?",difficulty-1,no,Single Answer
2652,Do both the speed climbing world record holder and the American portrait artist originate from the same nation?,difficulty-1,no,Single Answer
2655,"Who is younger, Hugo Heermann or the individual known as Reuben Ewing?",difficulty-1,Reuben Ewing,Single Answer
2658,What caused the demise of the filmmaker behind Paper Bullets?,difficulty-1,heart attack,Single Answer
2661,Do the filmmakers behind both Bebbuli and Pindorama (film) hail from identical nations?,difficulty-1,no,Single Answer
2664,In which coastal city in California did the filmmaker of The Enchanted Barn pass away?,difficulty-1,"Santa Barbara, California",Single Answer
2667,Who is the partner of the filmmaker behind the movie Three Monkeys?,difficulty-1,Ebru Ceylan,Single Answer
2670,What is the birthplace of the filmmaker behind The Condemned 2?,difficulty-1,Dutch,Single Answer
2673,Which nation does the filmmaker behind Fighting Love hail from?,difficulty-1,Swedish,Single Answer
2676,"Are the films Star Trek IV: The Voyage Home and Little Devil May Care, originating from the same nation?",difficulty-1,no,Single Answer
2679,"Who was born first, Faizal Yusof or the author of 'The Glass Mask'?",difficulty-1,Lenore Glen Offord,Single Answer
2682,Where was the filmmaker behind the movie Bear (2010 Film) born?,difficulty-1,Dutch,Single Answer
2685,Are both The Barrier (1926 Film) and the city known for its historic waterfront from the same nation?,difficulty-1,yes,Single Answer
2688,What led to the demise of the filmmaker behind A Friendly Husband?,difficulty-1,heart attack,Single Answer
2691,Are both Balaibania and Rashtin situated within the borders of a single nation?,difficulty-1,no,Single Answer
2694,"Are both settlements, Sang-E Sefid, Tuyserkan and Amirabad-E Amirqoli, situated within identical national borders?",difficulty-1,yes,Single Answer
2697,Does the scholar Frank Adcock share the same citizenship as the vocalist Mickey Guyton?,difficulty-1,no,Single Answer
2700,Are both Kudryashovo and the settlement of Qleiat Eltubiyeh situated within identical national borders?,difficulty-1,no,Single Answer
2703,"On what date did the mother of Henry IV, the ruler of Brabant, pass away?",difficulty-1,23 October 1273,Single Answer
2706,Do the filmmakers behind Secret Window and An Ancient Tale: When The Sun Was A God share the same nationality?,difficulty-1,no,Single Answer
2709,When did the spouse of Georges Charpentier pass away?,difficulty-1,"November 30, 1904",Single Answer
2712,"Which movie has the filmmaker who passed away earliest, Durango Valley Raiders or Black Feathers?",difficulty-1,Durango Valley Raiders,Single Answer
2715,What is the birthplace of the filmmaker behind Across The Pacific (1926 Film)?,difficulty-1,Delaware,Single Answer
2718,Do 13 Fighting Men and The Donkey King originate from the same nation?,difficulty-1,no,Single Answer
2721,"Who was born later, the author of 'The Art of Computer Programming' or Stanisław Niwiński?",difficulty-1,Lillian Lehman,Single Answer
2724,From which nation does the filmmaker behind the 2018 movie Superfly hail?,difficulty-1,Canadian,Single Answer
2727,When did the vocalist of the track A Guy Is A Guy pass away?,difficulty-1,"May 13, 2019",Single Answer
2730,From which nation does the artist of the track I've Found A New Baby originate?,difficulty-1,American,Single Answer
2733,Are Khumkar and Dol Dol Bolaghi situated within the same nation?,difficulty-1,yes,Single Answer
2736,Do both the Sargdar Spring and the Barzand Zargar lie within the borders of a single nation?,difficulty-1,yes,Single Answer
2739,Do the filmmakers behind both the movie Inhale and the film Colt 38 Special Squad hail from the identical nation?,difficulty-1,no,Single Answer
2742,"Are Chah Shirin, the province of Fars, and the Krasnye Chetai all situated within the borders of a single nation?",difficulty-1,no,Single Answer
2745,Are the filmmakers of both movies Hands Across the Border and Career Girls from the same nation?,difficulty-1,no,Single Answer
2748,What is the hometown of the filmmaker behind the movie Kedi (2010 Film)?,difficulty-1,Mumbai,Single Answer
2751,"Do both movies, Maud Rockefeller'S Bet and Lulu Femme Nue, have filmmakers originating from the identical nation?",difficulty-1,no,Single Answer
2754,When did the filmmaker behind 'Brides Are Like That' pass away?,difficulty-1,"November 15, 1977",Single Answer
2757,What is the birthdate of the filmmaker behind Return Of The Seven?,difficulty-1,"September 3, 1922",Single Answer
2760,Do the filmmakers behind The Golden Cage (1933 Film) and the individual responsible for Raggedy Man share the same nationality?,difficulty-1,no,Single Answer
2763,"Who was born earlier, Barbro Holmberg or the individual known for his contributions to early computing?",difficulty-1,Nathan Soule,Single Answer
2766,Do both the film A Face in the Fog and the song Azonto Ghost originate from the same nation?,difficulty-1,no,Single Answer
2769,"Which motion picture hit theaters more recently, the sequel to the inspirational war drama or Armored (Film)?",difficulty-1,Unbroken: Path To Redemption,Single Answer
2772,Where was the burial site of the artist who sang First In Line (Song)?,difficulty-1,Graceland,Single Answer
2775,Did both Charles Liedts and Lea Lublin originate from identical locations?,difficulty-1,no,Single Answer
2778,"Do Lyons Township High School and the high school in Lisbon, Maine both exist within the same nation?",difficulty-1,yes,Single Answer
2781,Do Fight Back To School II and Certains L'Aiment Froide originate from the same nation?,difficulty-1,no,Single Answer
2784,Do the filmmaker behind Sex Positive and the filmmaker behind Guru Paarvai hold identical citizenship?,difficulty-1,no,Single Answer
2787,Do both movies: Spain Again and Suburbicon have the filmmakers from the same nation?,difficulty-1,no,Single Answer
2790,In which state was the filmmaker behind It Happened On 5th Avenue born?,difficulty-1,Delaware,Single Answer
2793,"Who was born later, the Lebanese entrepreneur Percy Sayegh or Norman Ault?",difficulty-1,Percy Sayegh,Single Answer
2796,In which location did the filmmaker behind The Untamed (1920 Film) pass away?,difficulty-1,Hollywood,Single Answer
2799,Do both the motion picture Henequen and the cinematic work Secrets Of A Sorority Girl originate from the identical nation?,difficulty-1,no,Single Answer
2802,Are the towns of Sebeș (Cibin) and Putna (Siret) situated within the same nation?,difficulty-1,yes,Single Answer
2805,Do the filmmakers behind Poonthenaruvi and Fun In The Barracks share the same nationality?,difficulty-1,no,Single Answer
2808,"Are both peaks, Black Rock (West Virginia) and Grassy Mountain (Wayne County, Missouri), situated within the same nation?",difficulty-1,yes,Single Answer
2811,Do the filmmakers behind A Woman Of Distinction and Cocoon: The Return hail from the same country?,difficulty-1,no,Single Answer
2814,"Who was born first, Erland Van Lidth De Jeude or the inventor of the Tatham Odd-Even merge algorithm?",difficulty-1,David Tatham,Single Answer
2817,On what date did the creator of the movie Andru Kanda Mugam pass away?,difficulty-1,21 June 2001,Single Answer
2820,When was the filmmaker behind The Harbour Lights (1923 Film) born?,difficulty-1,28 September 1872,Single Answer
2823,What is the citizenship of the filmmaker behind Yamadonga?,difficulty-1,India,Single Answer
2826,What is the homeland of the filmmaker behind Khatta Meetha (2010 Film)?,difficulty-1,India,Single Answer
2829,What is the citizenship of the filmmaker behind For The Love Of Rusty?,difficulty-1,American,Single Answer
2832,Are the filmmakers behind both The Buccaneer (1938 Movie) and Law Abiding Citizen from identical nations?,difficulty-1,yes,Single Answer
2835,When did the father of Sultan Ahmed III pass away?,difficulty-1,6 January 1693,Single Answer
2838,"Which motion picture features the filmmaker who was born earlier, The Devil'S Gondola or The Sins Of Ilsa?",difficulty-1,The Devil'S Gondola,Single Answer
2841,On what date was the filmmaker behind Wings Of Glass born?,difficulty-1,10 March 1958,Single Answer
2844,Where was the filmmaker behind The Midnight Alarm born?,difficulty-1,"Faversham, Kent",Single Answer
2847,"Which track was released first, Do The Bartman or Blue Skies (Noah And The Whale Song)?",difficulty-1,Do The Bartman,Single Answer
2850,Do both motion pictures The Hawk (1935 Film) and M. Kumaran Son Of Mahalakshmi have the filmmakers that share the same country of origin?,difficulty-1,no,Single Answer
2853,When was the filmmaker behind The Way We We Are (Movie) born?,difficulty-1,23 May 1947,Single Answer
2856,"Which movie whose filmmaker was born first, Mad Dog Time or the indie drama set near woodland?",difficulty-1,Seclusion Near A Forest,Single Answer
2859,On what date was the vocalist of the track Pareho Tayo born?,difficulty-1,"October 18, 1977",Single Answer
2862,Do Juan Pablo Magallanes and the author of 'Strange Peaches' hold identical citizenships?,difficulty-1,no,Single Answer
2865,Where was the final resting place of the filmmaker behind the movie Young Dr. Kildare?,difficulty-1,Forest Lawn Memorial Park,Single Answer
2868,Do Agzu and the city in Hormozgan Province share the same nation?,difficulty-1,no,Single Answer
2871,Are both Mokranje and the spring of Kuh Hoseynabad situated within identical national borders?,difficulty-1,no,Single Answer
2874,Do the motion pictures Neither Rich nor Poor and Burning Palms (film) feature directors who are of identical national origin?,difficulty-1,no,Single Answer
2877,Did Lisen Hockings and Jean-Louis Mandel possess identical citizenship?,difficulty-1,no,Single Answer
2880,Do the filmmaker behind Boss Of Bullion City and the filmmaker responsible for Renigunta (Film) share the same country of origin?,difficulty-1,no,Single Answer
2883,"Which movie was released earlier, Dc Super Hero Girls: Hero Of The Year or the educational documentary about societal changes?",difficulty-1,Americas In Transition,Single Answer
2886,"Who is Anna De' Medici, Archduchess Of Austria's father's mother?",difficulty-1,Christina of Lorraine,Single Answer
2889,What led to the demise of the filmmaker behind Overland Red?,difficulty-1,gunshot wound,Single Answer
2892,Do the filmmakers behind both Naukar Biwi Ka and Rising To The Bait hail from identical nations?,difficulty-1,no,Single Answer
2895,Where did the filmmaker of Avalanche (1928 Film) pass away?,difficulty-1,Hollywood,Single Answer
2898,"Are both films, The Crescent (Film) and Little Ashes, produced in the same nation?",difficulty-1,no,Single Answer
2901,On what date did the parent of Louis-Abraham Van Loo pass away?,difficulty-1,26 November 1670,Single Answer
2904,Which nation does the creator of the tune A Foggy Day hail from?,difficulty-1,American,Single Answer
2907,Are the filmmakers behind both movies Jetpiloter and Life Itself (2018 film) from the same nation?,difficulty-1,no,Single Answer
2910,From which nation does the filmmaker behind the movie Kiss The Bride Goodbye originate?,difficulty-1,Austrian,Single Answer
2913,When did the filmmaker behind The Wild North pass away?,difficulty-1,7 January 1992,Single Answer
2916,Did Anton Šoltis and Rolf Berggren hail from the same nation?,difficulty-1,no,Single Answer
2919,"Which movie came out later, Idyla Ze Staré Prahy or the third installment in the Narnia series featuring the Dawn Treader?",difficulty-1,The Chronicles Of Narnia: The Voyage Of The Dawn Treader,Single Answer
2922,Where was the filmmaker behind the 1987 movie No Man's Land born?,difficulty-1,New York,Single Answer
2925,Where did the filmmaker behind The Countess Of Paris pass away?,difficulty-1,Hollywood,Single Answer
2928,"Which movie has the filmmaker who was born earlier, The Sea Hornet or The Program (2015 Film)?",difficulty-1,The Sea Hornet,Single Answer
2931,Do the novel 'Burning Daylight: The Adventures of 'Burning Daylight' in Alaska and the motion picture Jericho (1937) originate from the same nation?,difficulty-1,yes,Single Answer
2934,From which nation does the filmmaker of Bhale Dampathulu originate?,difficulty-1,Indian,Single Answer
2937,Do the musical groups Modest Mouse and Overseas (Band) hail from the same nation?,difficulty-1,yes,Single Answer
2940,In which city was the filmmaker behind the movie Aap Ke Saath born?,difficulty-1,Sialkot,Single Answer
2943,On what date did the filmmaker behind Her Own Free Will pass away?,difficulty-1,17 January 1954,Single Answer
2946,Do Lucas Tirigall Caste and Naphtali Hirz Wessely both hail from the same nation?,difficulty-1,no,Single Answer
2949,What is the citizenship of the filmmaker behind Porky's Revenge!?,difficulty-1,American,Single Answer
2952,When did the filmmaker behind the movie Garibaldi pass away?,difficulty-1,3 June 1977,Single Answer
2955,"Which motion picture has the filmmaker born earlier, Twilight On The Rio Grande or Sound Of The Desert?",difficulty-1,Twilight On The Rio Grande,Single Answer
2958,From which nation does the filmmaker behind End Of A Priest originate?,difficulty-1,Czech,Single Answer
2961,Did both Sharm Scheuerman and Sixten Sild originate from the identical location?,difficulty-1,no,Single Answer
2964,Do the filmmakers behind both Black Or White (Film) and The Other Guys share the same nationality?,difficulty-1,yes,Single Answer
2967,Do the filmmaker behind Prison Ship and the filmmaker responsible for Aan Baan (1972 Film) share the same country of origin?,difficulty-1,no,Single Answer
2970,Do the filmmakers behind The Cliff Of Sin and the 1934 motion picture Little Jacques hail from the same country?,difficulty-1,no,Single Answer
2973,Where did the filmmaker behind Six-Gun Gold pass away?,difficulty-1,Los Angeles,Single Answer
2976,Do both movies That Night In Varennes and Den Starkaste have filmmakers originating from the identical nation?,difficulty-1,no,Single Answer
2979,Do the author of 'The Repression of Democracy in America' and the historian who wrote 'Wonderful Ethiopians of the Ancient Cushite Empire' share the same country of origin?,difficulty-1,yes,Single Answer
2982,Are both Dowlatabad-E Qeysariyeh and Duzan situated in the identical nation?,difficulty-1,yes,Single Answer
2985,Who is the offspring of the filmmaker responsible for The Singer Of Naples?,difficulty-1,David Bretherton,Single Answer
2988,What is the hometown of the filmmaker behind the movie Alias Mike Moran?,difficulty-1,Ogden,Single Answer
2991,"Which movie's filmmaker passed away first, Lure Of The Gold or Nocturne Of Love (1919 Film)?",difficulty-1,Lure Of The Gold,Single Answer
2994,Do the filmmaker behind Zila Ghaziabad and the filmmaker behind Teree Sang share the same country of origin?,difficulty-1,yes,Single Answer
2997,When was the filmmaker behind Li Chiamarono... Briganti! born?,difficulty-1,27 November 1938,Single Answer
3000,"Which periodical was established earlier, Arthur's Magazine or First for Women?",difficulty-1,Arthur's Magazine,Single Answer
3003,The Oberoi family is part of a hospitality enterprise that has its headquarters in which Indian metropolis?,difficulty-1,Delhi,Single Answer
3006,"Artist and humorist Allie Goertz composed a tune regarding 'The Simpsons' figure Milhouse, whom Matt Groening christened in honor of which U.S. leader?",difficulty-1,President Richard Nixon,Single Answer
3009,What was the citizenship of the spouse of James Henry Miller?,difficulty-1,American,Single Answer
3012,"Cadmium Chloride has limited solubility in this substance, which is commonly referred to by what name?",difficulty-1,alcohol,Single Answer
3015,"Which tennis player secured more Grand Slam championships, Henri Leconte or the American doubles specialist?",difficulty-1,Jonathan Stark,Single Answer
3018,Which group of moths in the world's seventh-largest nation consists of a single species?,difficulty-1,Crambidae,Single Answer
3021,"Which renowned Moroccan-Dutch fighter was once regarded as the top kickboxer globally, yet faced multiple scandals due to his 'unsportsmanlike behavior' in competitions and violent offenses beyond the arena?",difficulty-1,Badr Hari,Single Answer
3024,The television series from the Netherlands and Belgium that inspired 'House of Anubis' premiered in which year?,difficulty-1,2006,Single Answer
3027,What is the distance of the circuit where the 2013 Liqui Moly Bathurst 12 Hour took place?,difficulty-1,6.213 km long,Single Answer
3030,"Which hip hop mogul made guest appearances on the track Fast Cars, Danger, Fire and Knives?",difficulty-1,Jaime Meline,Single Answer
3033,Outlaws from Laredo featured which voice actor of 'Frontier'?,difficulty-1,Walter Darwin Coy,Single Answer
3036,Where did the musical style performed by Die Rhöner Säuwäntzt originate?,difficulty-1,United States,Single Answer
3039,In which NFL championship event was Malcolm Smith awarded the MVP title?,difficulty-1,Super Bowl XLVIII,Single Answer
3042,Which American roadway provides entry to Zilpo Road and is alternatively referred to as the Midland Trail?,difficulty-1,US 60,Single Answer
3045,"The 1988 American comedy film, The Great Outdoors, featured a performer nominated for four Oscars, who was honored with a star on the Hollywood Walk of Fame in which year?",difficulty-1,2006,Single Answer
3048,Who are the present members of the renowned American heavy metal group that composed the soundtrack for Hurt Locker The Musical?,difficulty-1,"Hetfield and Ulrich, longtime lead guitarist Kirk Hammett, and bassist Robert Trujillo.",Single Answer
3051,Human Error is the season finale of the third season of a television series that was broadcast on which broadcasting company?,difficulty-1,Fox,Single Answer
3054,"Dua Lipa, a British vocalist, composer, and fashion icon, the album produced the chart-topping track 'New Rules' is a song by the English artist Dua Lipa from her self-titled first studio album, launched in which year?",difficulty-1,2017,Single Answer
3057,"U.S. politician Joe Heck was defeated by Democrat Catherine Cortez Masto, a female who formerly held the position of the 32nd Attorney General of which state?",difficulty-1,Nevada,Single Answer
3060,"In which U.S. state are the pharmacies, led by chief executive Warren Bryant, situated?",difficulty-1,Hawaii,Single Answer
3063,Which U.S. legislator was succeeded by Donahue?,difficulty-1,Kelli Ward,Single Answer
3066,"Which group was established earlier, Hole, the rock band fronted by Courtney Love, or the English indie rock outfit known as The Wolfhounds?",difficulty-1,The Wolfhounds,Single Answer
3069,What is the age of the leading female character in Catching Fire?,difficulty-1,16-year-old,Single Answer
3072,Chang Ucchin was born in Korea during a period that culminated with the end of what global conflict?,difficulty-1,World War II,Single Answer
3075,Who is the filmmaker behind the 2003 movie that includes scenes shot at the Quality Cafe in Los Angeles?,difficulty-1,Todd Phillips,Single Answer
3078,"New Faces of 1952 is a musical revue featuring songs and comedy sketches, it helped launch the career of which rising star, an American thespian?",difficulty-1,Carol Lawrence,Single Answer
3081,Were the mathematicians Pavel Urysohn and Leonid Levin recognized for identical contributions?,difficulty-1,no,Single Answer
3084,Are both The New Pornographers and the group behind 'Sex on Fire' rock bands from the United States?,difficulty-1,no,Single Answer
3087,"750 7th Avenue and 101 Park Avenue, are situated in which metropolis?",difficulty-1,New York City,Single Answer
3090,"Which performer portrayed the role of the fictional character Kimberly Ann Hart, in the series centered on a real-life superhero TV show that heavily utilized footage from the Japanese tokusatsu 'Super Sentai'?",difficulty-1,Amy Jo Johnson,Single Answer
3093,"Who was born earlier, Pablo Trapero or the Polish filmmaker behind 'Knights of the Teutonic Order'?",difficulty-1,Aleksander Ford,Single Answer
3096,Are Jane and First for Women both publications aimed at female readers?,difficulty-1,yes,Single Answer
3099,What occupation do Nicholas Ray and Elia Kazan share?,difficulty-1,director,Single Answer
3102,In which city is the firm that acquired Aixam headquartered?,difficulty-1,"Roseau, Minnesota, USA",Single Answer
3105,"Which film focuses on Finnish rock bands, Adam Clayton Powell or The Saimaa Gesture?",difficulty-1,The Saimaa Gesture,Single Answer
3108,"Who was inducted into the Rock and Roll Hall of Fame, the flamboyant frontman of Van Halen or Cia Berg?",difficulty-1,David Lee Roth,Single Answer
3111,Zimbabwe's Guwe Secondary School has a sister institution in which New York administrative division?,difficulty-1,Nassau County,Single Answer
3114,"The Royal Commission into Drug Trafficking (1977–1979) or Woodward Royal Commission was a royal commission initiated by the New South Wales Government to investigate drug trafficking in New South Wales, the land down under, especially links between the New South Wales Police and Mafia, The Honoured Society, is a Calabrian 'Ndrangheta criminal confederation, started in Melbourne and currently active in all of which nation?",difficulty-1,Australia,Single Answer
3117,"The 337th Flight Test Squadron (337 FLTS) was most recently part of the 46th Test Wing and based at McClellan Air Force Base, a former United States Air Force base located in the North Highlands area of Sacramento County, in which western US state?",difficulty-1,California,Single Answer
3120,The axial turbojet Pirna 014 was developed by experts from this German aviation and propulsion systems company headquartered in which urban area?,difficulty-1,Dessau,Single Answer
3123,"Which religious denomination is associated with the University of Providence, a private institution accredited by the Northwest Commission on Colleges and Universities and situated in Montana's third most populous urban area following Missoula?",difficulty-1,Roman Catholic,Single Answer
3126,Pauline Henry was recognized as the singer of a widely acclaimed rendition. Which record did this track originate from?,difficulty-1,The Joshua Tree,Single Answer
3129,Guitars for Wounded Warriors is an album that was recorded in the village located in which New York administrative division?,difficulty-1,Ulster County,Single Answer
3132,"Which American country music artist, born in May of 1942, performed a duet with her former spouse the same year he released the song 'The Battle'?",difficulty-1,Tammy Wynette,Single Answer
3135,"Who was born first, the English diplomat Sir Francis Nethersole or Elizabeth Stuart?",difficulty-1,Sir Francis Nethersole,Single Answer
3138,What must the Hacker-Pschorr Brewery restrict to adhere to German laws?,difficulty-1,ingredients in beer,Single Answer
3141,"Don Barry Mason established the Psychedelic Shamanistic Institute (PSI), which other participant from Wales passed away on April 10, 2016?",difficulty-1,Dennis Howard Marks,Single Answer
3144,Which male performer appeared in The Messenger?,difficulty-1,Robert Sheehan,Single Answer
3147,Are Gin and tonic and Paloma both mixed drinks based on tequila?,difficulty-1,no,Single Answer
3150,"Who is older, the bassist known as the 'Voice of Rock' or Ross Lynch?",difficulty-1,Glenn Hughes,Single Answer
3153,In which year was the composer responsible for the existing version of the 'Simpson's Theme' born?,difficulty-1,"March 28, 1941",Single Answer
3156,"The Southern Railway extends from Vienna to Graz and the Slovenian border at Spielfeld, passing through the inaugural European mountain railway constructed to utilize which type of track?",difficulty-1,standard gauge track,Single Answer
3159,In which television series did Cynthia Nixon win the 2004 Primetime Emmy Award for Outstanding Supporting Actress in a Comedy Series and a Screen Actors Guild Award for her role?,difficulty-1,Sex and the City,Single Answer
3162,Which role did Bruce Lee portray in the TV show 'The Green Hornet'?,difficulty-1,Kato,Single Answer
3165,"The 1895/96 Football League season was the eighth in Football League history with Everton, their Goodison Park home, is a football stadium located in Walton, Liverpool, in which nation?",difficulty-1,England,Single Answer
3168,"The A Head Full of Dreams Tour marks Coldplay's seventh concert series, debuting at a venue called Estadio Unico. This stadium is under the jurisdiction of which Argentine administrative division?",difficulty-1,Province of Buenos Aires,Single Answer
3171,"Roger Avary (born August 23, 1965) is a Canadian film and television producer, screenwriter and director in the American mass media industry, he wrote the screenplay for Beowulf, a 2007 British-American 3D motion capture epic fantasy film, directed by which filmmaker?",difficulty-1,Robert Zemeckis,Single Answer
3174,"The American Pre-Code comedy movie starring a famous entertainer from the United States, renowned for her roles in dance and song performances as well as RKO's musical productions, debuted in which year?",difficulty-1,1932,Single Answer
3177,"A modified rendition of 'Just the Two of Us' peaked at position two on the 'Billboard' Hot 100, trailing behind a track penned and arranged by Donna Weiss and Jackie DeShannon. How many weeks did this leading song remain at the top spot on the 'Billboard' Hot 100?",difficulty-1,nine,Single Answer
3180,"Which musical group has a larger lineup, Saint Motel or Curve?",difficulty-1,Saint Motel,Single Answer
3183,"""Funnybot"" is the second installment of the fifteenth season of which satirical cartoon show, developed by Trey Parker and Matt Stone?",difficulty-1,South Park,Single Answer
3186,"Which private research institution, known for its liberal arts programs and situated in Chestnut Hill, Massachusetts, is being referred to: Boston College or Stanford University?",difficulty-1,Boston College,Single Answer
3189,"Which American performer known for roles in theater, movies, and TV, as well as numerous musical productions, portrayed Samson in the 1949 movie 'Samson and Delilah'?",difficulty-1,Victor John Mature,Single Answer
3192,Iqaluit Airport and Canadian North operate from which nation known for its vast wilderness and universal healthcare?,difficulty-1,Canada,Single Answer
3195,In what political party was the individual who officially inaugurated the Royal Spa Centre in 1972?,difficulty-1,Conservative,Single Answer
3198,Which Academy Award-nominated movie was penned by the scriptwriter responsible for a 1991 love story adapted from a script by Sooni Taraporevala?,difficulty-1,Salaam Bombay,Single Answer
3201,Are both Tim McIlrath and Spike Slawson performers in the American punk rock genre?,difficulty-1,yes,Single Answer
3204,The recipient of the Golden Globe for best performance in 'Roseanne' acted alongside which female star in the film Gigantic?,difficulty-1,Zooey Deschanel,Single Answer
3207,The professional coach for the stars appearing on 'Splash!' clinched the 2009 FINA World Championship in the solo competition at what age?,difficulty-1,15,Single Answer
3210,"Still Da Baddest is the fourth studio album by American rapper Trina, following the poor chart performance, 'I Got a Thang for You' features which Oakland-born artist known for her roles as a singer/songwriter, record producer, businesswoman, and television personality?",difficulty-1,Keyshia Cole,Single Answer
3213,What occupation do Am Rong and Alexandre Rockwell share?,difficulty-1,filmmaker,Single Answer
3216,"El Nuevo Cojo and the premier golf periodical are both niche publications, but which one is under the ownership of Time Inc.?",difficulty-1,Golf Magazine,Single Answer
3219,Who sponsors the bowling squad that features the bus operator for Springfield's primary educational institution?,difficulty-1,Mr. Burns,Single Answer
3222,What urban area are George Washington University Hospital and MedStar Washington Hospital Center situated in?,difficulty-1,"Washington, D.C.",Single Answer
3225,What is the link between Peter O'Meara and Norman Dike?,difficulty-1,Band of Brothers,Single Answer
3228,"Which writer has contributed to publications like 'New Statesmen', 'The Nation', and 'The Atlantic', among others, and is linked with the concept of Dysteleology?",difficulty-1,Christopher Hitchens,Single Answer
3231,Who created the initial model of the pacemaker utilized by the leader of the United States during the mid-20th century?,difficulty-1,R Adams Cowley,Single Answer
3234,Which media firm has released Bizarre and a related periodical focused on the unexplained phenomena championed by Charles Fort?,difficulty-1,Dennis Publishing,Single Answer
3237,"Which country music artist performed the lead single on the album Friends in Low Places, No Fences, that topped the Billboard charts?",difficulty-1,Garth Brooks,Single Answer
3240,Hate to Feel is the tenth track on which Alice in Chains' record that reached number six on the Billboard 200?,difficulty-1,Dirt,Single Answer
3243,"What alias does the frontman and guitarist of the Portland, Oregon-based rock group, which includes members John Gourley, Zach Carothers, Kyle O'Quin, Jason Sechrist, and Eric Howk, go by?",difficulty-1,The Fantastic The,Single Answer
3246,In which year was the champion of the 2016 Marrakesh electric car race born?,difficulty-1,1988,Single Answer
3249,"South Korean performer Kim Yool-ho appeared in which 2016 film helmed by Yeon Sang-ho and featuring actors Gong Yoo, Jung Yu-mi, and Ma Dong-seok?",difficulty-1,Train to Busan,Single Answer
3252,"Based on the 2006 census, what is the number of inhabitants in the urban area where James Iroha Uchechukwu originated?",difficulty-1,"722,664",Single Answer
3255,Which performer featured in the movie D.C. Cab also appeared in the television show Barney Miller?,difficulty-1,Max Gail,Single Answer
3258,In which sector do Richard Hawley and the musical group from the Windy City operate?,difficulty-1,rock band,Single Answer
3261,Are the creator of 'CSI: NY' and the filmmaker behind 'All the Vermeers in New York' both from the United States?,difficulty-1,yes,Single Answer
3264,Maurice Hines and his sibling were renowned for what?,difficulty-1,dancer Gregory Hines,Single Answer
3267,Do the drainage channels in New Orleans have identical measurements to the waterway in Augusta?,difficulty-1,yes,Single Answer
3270,At which venue do the squads owned by the spouse of Myra Kraft compete?,difficulty-1,Gillette Stadium,Single Answer
3273,Which group originating from southern California performed a rendition of Blue Öyster Cult's Godzilla?,difficulty-1,Fu Manchu,Single Answer
3276,"The Swedish-British entertainment studio leader and movie executive producer, who was the Executive producer for a 2016 American action thriller film directed by Babak Najafi, currently holds which position?",difficulty-1,CEO of Lionsgate UK & Europe,Single Answer
3279,"An Emmy Award recipient and two-time Tony Award recipient, who appeared in episode 15 of the third season of 'Chuck', what is her name?",difficulty-1,Swoosie Kurtz,Single Answer
3282,"What is the present designation of the grand residence constructed for the offspring of Atlanta, Georgia's 41st Mayor?",difficulty-1,Lullwater Estate,Single Answer
3285,Which ancient civilization developed the form of writing utilized in signatures?,difficulty-1,the Sumerians,Single Answer
3288,Roughly what proportion of the world's inhabitants consists of the cultural community the film Princess Fragrant was created to foster better ties with?,difficulty-1,17%,Single Answer
3291,The Boren-McCurdy initiatives were partly influenced by which legislator from Oklahoma in 1992?,difficulty-1,David Lyle Boren,Single Answer
3294,The Thoen Stone is exhibited at a museum in which administrative division?,difficulty-1,Lawrence County,Single Answer
3297,"Is Children's National Medical Center or the primary healthcare facility of MedStar Health in the District of Columbia the biggest non-public hospital in Washington, D.C.?",difficulty-1,MedStar Washington Hospital Center,Single Answer
3300,"Prince William, Duke of Gloucester and Prince George of Denmark, eventually ruled over which island nation known for its constitutional monarchy?",difficulty-1,Great Britain,Single Answer
3303,"The carrier servicing Whitehorse, Yukon accommodated what number of travelers in 2012?",difficulty-1,"294,000",Single Answer
3306,"Which U.S. state features a Disney Resort & Spa that serves as a coastal hotel, holiday spot, and provides free kids' activities and programs, where Djuan Rivers once held the position of General Manager?",difficulty-1,Hawaii,Single Answer
3309,Are the cities of Wenling and Xinzheng both located within the territory of the People's Republic of China?,difficulty-1,yes,Single Answer
3312,When was the mentor of the 2014-15 Michigan Wolverines men's basketball squad born?,difficulty-1,"February 5, 1953",Single Answer
3315,Which institution bestows the honor for which Chris Noonan received a nomination for his contribution to 'Babe'?,difficulty-1,Academy of Motion Picture Arts and Sciences,Single Answer
3318,In which town is the headquarters of one of the three primary UK espionage organizations located?,difficulty-1,Cheltenham,Single Answer
3321,"In the 2013 South Korean drama 'When a Man Falls in Love', featuring Song Seung-heon, Shin Se-kyung, and Chae Jung-an, what is the birthdate of the fourth lead actor from the Korean Peninsula?",difficulty-1,"July 5, 1984",Single Answer
3324,Which retail chain ranks as the second-biggest in the U.S. and ran an advertisement campaign with the musician who placed second in USA Weekend Magazine's 2005 songwriting contest?,difficulty-1,Target Corporation,Single Answer
3327,"Which performer from the UK, known for her work in theater, movies, and TV, starred in the 1978 BBC production 'Pennies From Heaven' and later featured in the 2006 BBC Four biographical drama 'Kenneth Williams: Fantabulosa!'?",difficulty-1,Cheryl Campbell,Single Answer
3330,Which television personality presided over both Miss USA 1968 and The Price Is Right?,difficulty-1,Bob Barker,Single Answer
3333,Which interactive entertainment title released by Sierra Entertainment features a villain whose enigma is central to the franchise?,difficulty-1,F.E.A.R.,Single Answer
3336,Close to the Enemy featured the British performer recognized as Ash Morgan in which BBC show?,difficulty-1,Hustle,Single Answer
3339,The Bass Rock Lighthouse was adjacent to which historic fortress?,difficulty-1,Tantallon Castle,Single Answer
3342,"Gülhane Park and Zografeion Lyceum, are situated in which nation?",difficulty-1,Turkey,Single Answer
3345,"What is the title of the film where Edwin Brown portrays an individual responsible for the deaths of over 400 individuals, among them William Joyce and John Amery?",difficulty-1,10 Rillington Place,Single Answer
3348,What category of music is the individual performer who worked on Real Damage a type of?,difficulty-1,synth-pop,Single Answer
3351,Jake David Shapiro was most recognized for penning the screenplay of a movie helmed by which filmmaker?,difficulty-1,Roger Christian,Single Answer
3354,"Which manuscript includes a poetic work that, alongside 'Beowulf' and the 'Anglo-Saxon Chronicle', maintains a mythical roster of the rulers of the Angles?",difficulty-1,Exeter Book,Single Answer
3357,Norbert Holm was taken into custody and subsequently reduced in rank due to his Chief of Operations' connection with a warfare strategist commonly referred to by what nickname?,difficulty-1,the Desert Fox,Single Answer
3360,In which state does Sang-Wook Cheong conduct his research as a materials scientist?,difficulty-1,New Jersey,Single Answer
3363,What kind of flora do Kniphofia and Baptisia share?,difficulty-1,plant,Single Answer
3366,"The rock group from California, Lit, released A Place in the Sun in 1995, but which track is their most famous?",difficulty-1,My Own Worst Enemy,Single Answer
3369,"Gary Harrison, who started his professional journey in the 1970s, has composed more than how many songs released under major labels, featuring multiple chart-topping hits? Another performer who has interpreted his compositions is Bryan White, a notable figure in the American country music scene.",difficulty-1,300,Single Answer
3372,The 1976 German Grand Prix was won by a racer who retired in what year?,difficulty-1,1979,Single Answer
3375,Which competition at the Asian Junior Athletics Championships features both male and female participants simultaneously?,difficulty-1,3000 metres steeplechase,Single Answer
3378,"Which tennis player, born in Russia on June 7, 1981, finished as the women's doubles runner-up at the 1999 French Open?",difficulty-1,Anna Kournikova,Single Answer
3381,What is the length of the watercourse that includes Wild Horse Creek as a feeder stream?,difficulty-1,375 mi long,Single Answer
3384,Are Manhattan West and the Singer Building both developments in New York?,difficulty-1,yes,Single Answer
3387,Who is the U.S. web entrepreneur who established the business highlighted in 24 Hours on Craigslist?,difficulty-1,Craig Newmark,Single Answer
3390,"Between two tennis players Kim Clijsters and the French Open champion Mary Pierce, who has more years under their belt?",difficulty-1,Mary Pierce,Single Answer
3393,Which U.S. institution of higher learning that has dispatched students to the Centre for Medieval and Renaissance Studies was established in 1874?,difficulty-1,St. Olaf College,Single Answer
3396,"Hot Coffee, Mississippi occasionally shares a postal code with a neighboring town that had what number of residents according to the 2010 census?",difficulty-1,"2,586",Single Answer
3399,Jo Ann Terry claimed victory in the 80m hurdles competition at which Sao Paulo-hosted tournament in 1963?,difficulty-1,Pan American Games,Single Answer
3402,"Pearl Lowe and Alison Goldfrapp, what is their country of origin?",difficulty-1,English,Single Answer
3405,Which British firm with most of its operations in Asia was connected to the London-based trading firm Matheson & Company?,difficulty-1,Jardine Matheson,Single Answer
3408,"Which individual, referred to as mi Sde-Or, established a combat technique designed for the armed forces of Israel?",difficulty-1,"Emrich ""Imi"" Lichtenfeld",Single Answer
3411,Do vocalists Robert Fleischman and Jimmy Barnes share the same country of origin?,difficulty-1,no,Single Answer
3414,"What is the name of this US-based global enterprise specializing in information technology solutions, based in New Jersey, that purchased Mirabeau?",difficulty-1,Cognizant,Single Answer
3417,On what date was the offspring of Fannie Lee Chaney delivered?,difficulty-1,"May 30, 1943",Single Answer
3420,"The Canada Memorial in Green Park, London, United Kingdom, honors members of the Canadian Forces who died in the First and Second World Wars. The monument was established through lobbying and fundraising efforts, largely in Canada, by the ex-Canadian media mogul Conrad Moffat Black. What is the title of this British former newspaper proprietor and writer?",difficulty-1,Lord Black of Crossharbour,Single Answer
3423,WNP-3 and WNP-5 were built by the organization established in what year?,difficulty-1,1957,Single Answer
3426,"The Central Harbourfront is a waterfront area formed by the Central and Wan Chai Reclamation, located to the east of the International Finance Centre (IFC), a high-rise building and mixed-use complex along the shoreline of the Central District. Which special administrative region does this describe?",difficulty-1,Hong Kong,Single Answer
3429,What metropolis do the Bundestag and Reichstag building share?,difficulty-1,Berlin,Single Answer
3432,"Which artist, Edwyn Collins or the vocalist for The Olympics, played the bass guitar?",difficulty-1,Jimmie Ross,Single Answer
3435,"What is the 3,112-acre Pennsylvania state park that required over 11,000 tons of material to construct because of the wave activity from Lake Erie known as?",difficulty-1,Presque Isle,Single Answer
3438,Teri W. Odom is affiliated with a scholarly periodical initially released in 2007 by which organization?,difficulty-1,the American Chemical Society,Single Answer
3441,"Which forensic psychiatrist provided expert consultation on several legal cases, including one involving a hitman linked to the DeCavalcante organized crime syndicate?",difficulty-1,Park Dietz,Single Answer
3444,"Which U.S. musician, referred to as 'the Caruso of Rock', was signed to Monument Records and released popular tracks like 'Pretty One' and 'Uptown'?",difficulty-1,Roy Orbison,Single Answer
3447,The main protagonist in 'The Adventures of Brer Rabbit' was eventually featured in which 1946 animated production by the entertainment giant founded by Walt Disney?,difficulty-1,"""Song of the South"".",Single Answer
3450,Abraham Weinberg was a suspect in the murder of which notorious Irish-American gangster known for his violent temper?,difficulty-1,"Vincent ""Mad Dog"" Coll",Single Answer
3453,Benjamin Halfpenny was a soccer player for a team that hosts its games at which venue?,difficulty-1,Select Security Stadium,Single Answer
3456,"The 2000–01 NBA season marked the Jazz's 27th campaign in the National Basketball Association, and their 22nd in Salt Lake City, Utah. Following Jeff Hornacek's retirement, the team acquired free agents John Starks, and which former All-Star forward?",difficulty-1,Danny Manning,Single Answer
3459,What was the number of inhabitants in the municipality where the former Dutch soccer player Foeke Booy originated?,difficulty-1,"108,249",Single Answer
3462,In what year was the firm that jointly created and marketed the BlackBerry DTEK60 established?,difficulty-1,1984,Single Answer
3465,Who presided over the event where the movie penned by Canet and Philippe Lefebvre received the Best Film accolade?,difficulty-1,Isabelle Mergault,Single Answer
3468,"Mookychick is an independent daily online magazine and community with more than 100,000 readers a month and over 5,000 forum members, content includes analysis of current sociopolitical events, social and cultural trends, alternative fashion, movies, books, music and arts and crafts from a feminist perspective, in contrast with feminist publications and communities such as which women's lifestyle periodical that is published six times a year, and is published by Debbie Stoller and Laurie Henzel?",difficulty-1,BUST,Single Answer
3471,The celestial body was composed by the man who was best known for what cantata?,difficulty-1,Carmina Burana,Single Answer
3474,Mackenzie Davis starred in the 2013 Canadian rom-com helmed by which filmmaker?,difficulty-1,Michael Dowse,Single Answer
3477,The inaugural executive director of the Developing Communities Project was which past U.S. leader?,difficulty-1,Barack Hussein Obama II,Single Answer
3480,Jane's Addiction and Weeping Willows perform in which musical style?,difficulty-1,rock,Single Answer
3483,"Throne of Glass is a young adult high fantasy novel series, by which renowned American fantasy writer?",difficulty-1,Sarah Janet Maas,Single Answer
3486,The biggest vessel in the 'Imperator' class ocean liners had how many gross register tons?,difficulty-1,"56,551",Single Answer
3489,"Axle Whitehead appeared in a US comedy-drama TV show, which is a reboot of the UK series sharing its title, located in which Midwestern metropolis?",difficulty-1,Chicago,Single Answer
3492,Were both Joseph Roth and Cid Corman writers?,difficulty-1,yes,Single Answer
3495,What was the competition that Afghanistan participated in for the inaugural time in 2017 formally titled?,difficulty-1,the 23rd Summer Deaflympics,Single Answer
3498,Who was the filmmaker behind the 2001 American romantic comedy penned by Marc Klein featuring a minor appearance by Lucy Gordon?,difficulty-1,Peter Chelsom,Single Answer
3501,Which small settlement and census-designated area hosted the sole pay-per-view Bunkhouse Stampede event?,difficulty-1,"Uniondale, New York",Single Answer
3504,La Barredora was a criminal organization that initiated hostilities against the head of the drug trafficking syndicate headquartered in which Mexican state?,difficulty-1,Sinaloa,Single Answer
3507,In which year did the leader of the Jenkins Commission pass away?,difficulty-1,2003,Single Answer
3510,"Who was born earlier, the Nobel Prize-winning Greek poet or Cornel West?",difficulty-1,Odysseas Elytis,Single Answer
3513,"""Let Me Out"" is a track released as the fifth single from which animated musical group's fifth studio album ""Humanz"", recorded in cities including London, Paris, New York City, Chicago, and Jamaica?",difficulty-1,alternative rock virtual band Gorillaz,Single Answer
3516,What is the maximum deviation the Time Signal Device can have from UTC?,difficulty-1,0.9 s.,Single Answer
3519,"Superheaven and Oceansize, are musical groups of which shared genre?",difficulty-1,rock,Single Answer
3522,What is the origin of a historical drama film's director?,difficulty-1,Argentine,Single Answer
3525,"Which author has a broader range of professional work, the Pulitzer Prize-winning novelist or Robert E. Howard?",difficulty-1,Richard Ford,Single Answer
3528,The American Aircraft Penetrator was adapted from a helicopter manufactured by which country's armed forces?,difficulty-1,United States,Single Answer
3531,"The intended Canton Road Station, part of the Kowloon Southern Link on the West Rail Line, was designed to be situated underneath a major retail complex in which area of Hong Kong?",difficulty-1,"Tsim Sha Tsui, Hong Kong",Single Answer
3534,Which comedy series from South Korea featured a performer who launched her singing journey when she was 15 years old?,difficulty-1,The Producers,Single Answer
3537,The track 'Ghostbusters' was composed and performed by Ray Parker Jr. as the main theme for a film featuring a Canadian-American performer who was part of the initial cast of the Not Ready for Prime Time Players on which television program?,difficulty-1,Saturday Night Live,Single Answer
3540,"Gelatine was an airship flown on September 19, 1905 by a trailblazing U.S. pilot and what type of performer?",difficulty-1,barnstormer,Single Answer
3543,"Which film debuted earlier, The Hunchback of Notre Dame or the animated feature Saludos Amigos?",difficulty-1,Saludos Amigos,Single Answer
3546,In which nation did the suppression of civilians by an authoritarian ruler take place from 1973 to 1990?,difficulty-1,Chile,Single Answer
3549,The mother of the deputy head of Hillary Clinton's 2016 presidential bid leads which organization?,difficulty-1,Institute of Muslim Minority Affairs,Single Answer
3552,"Michael Ralph DeVito (born June 10, 1984) is a former American football defensive end who played in the National Football League (NFL). DeVito went to high school at Nauset Regional High School, an institution accredited by the New England Association of Schools and Colleges (NEASC), situated in North Eastham. In which U.S. state is this high school located?",difficulty-1,Massachusetts,Single Answer
3555,The track 'Apocalypic' is performed by vocalist Lizzy Hale as part of which rock ensemble?,difficulty-1,Halestorm,Single Answer
3558,Ted Sutton portrays Sergeant Cunningham in a 2002 movie featuring Mel Gibson in which role?,difficulty-1,Graham Hess,Single Answer
3561,"Which of these athletes, Chris Evert or the Italian tennis pro, competed professionally in the past?",difficulty-1,Mara Santangelo,Single Answer
3564,Which filmmaker helmed a movie featuring Sarah Manninen?,difficulty-1,Martha Coolidge,Single Answer
3567,"The nation with the fewest inhabitants among all the Council of Europe members is one of the rare European locations where a type of beetle, first documented in 1809 by whom, is absent?",difficulty-1,Panzer,Single Answer
3570,"At the 2011 census, what was the number of inhabitants in the birthplace of Kerry Saxby-Junna?",difficulty-1,"6,960",Single Answer
3573,"What was the count of German experts in science, engineering, and technical fields recruited through a secretive initiative after World War II, where Arthur Rudolph emerged as a key figure in the American space exploration effort?",difficulty-1,"more than 1,600",Single Answer
3576,Marion is roughly 50 miles north of a metropolis that ranks as the third-most populous what in the United States?,difficulty-1,state capital,Single Answer
3579,Jayantabhai Ki Luv Story features a lead role for the film actress and model who hails from which state known for its ancient Nalanda University?,difficulty-1,Bihar,Single Answer
3582,"Which is presently more valuable, Temagami-Lorrain Mine or the gold extraction site in Nunavut?",difficulty-1,Meadowbank Gold Mine,Single Answer
3585,St James Street is depicted as a section of Whitecross Street on the 1610 map of Monmouth by an English historian renowned as a cartographer of which era?,difficulty-1,Stuart period,Single Answer
3588,The Pineground Bridge previously facilitated Depot Road's crossing over the Suncook River into a municipality whose demographic count was what?,difficulty-1,"2,523",Single Answer
3591,"Which urban center in the Land of Enchantment is the American rock band, that released their album on March 19, 2012, from?",difficulty-1,"Albuquerque, New Mexico",Single Answer
3594,How many miles north of Manchester does the Rossendale Free Press cover?,difficulty-1,19 mi,Single Answer
3597,Which U.S. leader's father worked in agriculture and he previously served as a congressman from New York?,difficulty-1,Millard Fillmore,Single Answer
3600,The End of the Innocence was a single by which ex-member of the iconic rock band the Eagles?,difficulty-1,Donald Hugh Henley,Single Answer
3603,Which suburban county on Long Island and the easternmost county in the U.S. state of New York contains a settlement known as Lindenhurst?,difficulty-1,Suffolk County,Single Answer
3606,Which Lightweight category mixed martial artist established the American Combat Association?,difficulty-1,Kamal Shalorus,Single Answer
3609,Which video game developers collaborated with a British movie director to create a film centered on athletics?,difficulty-1,Rockstar Games,Single Answer
3612,Which physicist was awarded a Nobel Prize in 1943 and collaborated with Max Volmer?,difficulty-1,Otto Stern,Single Answer
3615,"Who was born first, Neil LaBute or the director of 'Charlie Chan at the Opera'?",difficulty-1,"H. Bruce ""Lucky"" Humberstone",Single Answer
3618,Were the pizza chains Eatza Pizza and Your Pie established in identical U.S. states?,difficulty-1,no,Single Answer
3621,"Who is younger, the violinist Mary Ramsey or Lee Ranaldo?",difficulty-1,Mary Ramsey,Single Answer
3624,What kind of organism is classified as a Boreo-arctic Montane species located in the northernmost of the five principal parallels of latitude depicted on Earth's maps?,difficulty-1,beetle,Single Answer
3627,In which year was the academic advisor of Jocelyn Bell Burnell honored with the Eddington Medal?,difficulty-1,1969,Single Answer
3630,"What style of music was the track that, as per Annet Artani, motivated the Britney Spears single 'Everytime'?",difficulty-1,R&B,Single Answer
3633,British group The Wanted's third studio release features a track named after which music icon from Barbados?,difficulty-1,Rihanna,Single Answer
3636,"Jonas Hummels is the younger brother of a German professional footballer who plays for the German national team, and which Bundesliga powerhouse?",difficulty-1,Bayern Munich,Single Answer
3639,How many test centuries did the ancestor of Fabian Cowdrey score for England?,difficulty-1,22,Single Answer
3642,Anti-Semetism in the 21st Century: The Resurgence was hosted by a reporter and author who serves as the presenter of which television program?,difficulty-1,PBS NewsHour,Single Answer
3645,Which of the following is best known for publicly advocating a terminally ill individual's right to die through doctor-assisted suicide: Christy Canyon or the pathologist nicknamed 'Dr. Death'?,difficulty-1,"Jacob ""Jack"" Kevorkian",Single Answer
3648,The claimant in the legal case Paul v. Clinton was born in what year?,difficulty-1,1948,Single Answer
3651,What was the duration of the reign of the ruling family during the period when the Rosetta Stone was carved?,difficulty-1,275 years,Single Answer
3654,What type of printed material do Sojourners and KO Magazine both produce?,difficulty-1,magazine,Single Answer
3657,"At which venue does the squad, for which Baltimore's Marching Ravens serves as the official marching band, host its home matches?",difficulty-1,M&T Bank Stadium,Single Answer
3660,"The John Messer Barn is a historic structure within the Great Smoky Mountains National Park in Sevier County, Tennessee. This barn is a different Messer Barn in which valley, situated in the Great Smoky Mountains of North Carolina, found in the Southeastern United States?",difficulty-1,Cataloochee,Single Answer
3663,"The television station affiliated with the National Broadcasting Company, owned by a U.S. telecommunications firm established by Julian Sinclair Smith, designated as WJAR, is popularly referred to by what name?",difficulty-1,NBC 10,Single Answer
3666,"What is the citizenship of the performer who portrayed Trudy, the spouse of Sam Sloan, in the television series The Single Guy?",difficulty-1,American,Single Answer
3669,"Which retail center is the biggest in southern Texas, Malle del Norte or the shopping complex in McAllen?",difficulty-1,La Plaza Mall,Single Answer
3672,Who is the parent of the royal figure involved in the legal case 'Two Jane Does v US'?,difficulty-1,Queen Elizabeth II,Single Answer
3675,"Between the primary air hub of Memphis and Southwest Georgia Regional Airport, which one is located in Tennessee?",difficulty-1,Memphis International Airport,Single Answer
3678,"Which airfield is nearer to Cleveland, Ohio, Luis Muñoz Marín International Airport or the primary cargo hub in central Ohio?",difficulty-1,Rickenbacker International Airport,Single Answer
3681,What occupation do the author of 'The Woman in the Dunes' and the creator of Miss Marple have in common?,difficulty-1,playwright,Single Answer
3684,Which all-girls secondary institution is situated in a settlement within the Sunyani West District of the Brong-Ahafo Region in Ghana?,difficulty-1,Notre Dame High School,Single Answer
3687,"Jinchang and Liling, are situated in which nation?",difficulty-1,China,Single Answer
3690,What kind of flora do Fothergilla and Clerodendrum share?,difficulty-1,plants,Single Answer
3693,What are the flora in the same genus as the Dendranthema boreale commonly referred to as?,difficulty-1,mums or chrysanths,Single Answer
3696,Who is the songwriter Howard Ashman collaborated with on his theatrical production launched in 1982?,difficulty-1,Alan Menken,Single Answer
3699,Which performer played a role in a TV show centered on an imagined group of enhanced individuals featured in comic books released by Marvel Comics?,difficulty-1,"Kenneth ""Ken"" Leung",Single Answer
3702,Which comic book series introduced the female superhero developed by J. H. Williams III?,difficulty-1,DC Comics,Single Answer
3705,What nation of origin do Nick Kroll and Get Him to the Greek share?,difficulty-1,American,Single Answer
3708,The individual depicted in 'Giuliani Time' serves as an unofficial consultant to the White House in what field?,difficulty-1,cybersecurity,Single Answer
3711,Thomas Harris is a writer renowned for crafting which infamous figure?,difficulty-1,Hannibal Lecter,Single Answer
3714,"Who established the educational institution attended by Thomas Balston, a scion of the Whatman paper-manufacturing dynasty?",difficulty-1,William of Wykeham,Single Answer
3717,Joh Bruce Yeh established a small musical group that received a Grammy in 1985 for their performance of this composition inspired by which Russian folk story?,difficulty-1,The Runaway Soldier and the Devil,Single Answer
3720,"Which filmmaker is from the United States, Mark L. Lester or Ken Loach?",difficulty-1,Mark L. Lester,Single Answer
3723,The producer of Kerrygold Irish Cream Liqueur primarily deals in which category of goods?,difficulty-1,dairy products,Single Answer
3726,"The vessel USS LST-510 operates as a ferry connecting New London and Orient, but how many residents does Orient have?",difficulty-1,743,Single Answer
3729,"Which musical group has more members, Muse or the band featuring Jack White?",difficulty-1,The Raconteurs,Single Answer
3732,Titus is the musical score for the movie featuring which performers?,difficulty-1,Anthony Hopkins and Jessica Lange,Single Answer
3735,"The creator of The Wreckage of Stars also worked on albums for Texas in July, Everclear, and which other U.S. metalcore group originating from Lancaster, Pennsylvania?",difficulty-1,August Burns Red,Single Answer
3738,"Which American monthly publication focusing on cuisine and way of life, established in 1987, is being referred to: Cooking Light or Hot Rod?",difficulty-1,Cooking Light,Single Answer
3741,"Which athlete has achieved a superior World singles ranking, Xavier Malisse or the British tennis champion Virginia Wade?",difficulty-1,Virginia Wade,Single Answer
3744,"Atoms for Peace are an English-American experimental rock supergroup featuring the vocalist and main composer of which iconic alternative rock band, known for their innovative soundscapes and albums like 'OK Computer'?",difficulty-1,Radiohead,Single Answer
3747,In what year was the soccer club that Aaron Galindo presently plays for established?,difficulty-1,1928,Single Answer
3750,What is the origin of the musician who composed the anthology of poems titled Early Work?,difficulty-1,American,Single Answer
3753,At which venue does Lance Stephenson of the Indiana Pacers basketball squad compete in his home matches?,difficulty-1,Bankers Life Fieldhouse,Single Answer
3756,In which nation did the progenitor of Maria Brontë predominantly reside during his mature years?,difficulty-1,England,Single Answer
3759,"Who was the designer of the Lincoln Memorial, which was officially opened in 1922?",difficulty-1,Henry Bacon,Single Answer
3762,The capital of Ontario's Insight Sports has partial ownership by which entrepreneur from Canada?,difficulty-1,Lawrence M. Tanenbaum,Single Answer
3765,"Who was born first, George Marshall or the pioneering film director Allan Dwan?",difficulty-1,Allan Dwan,Single Answer
3768,The 2005 film 'The Aristocrats' was dedicated to a stand-up performer who won how many Emmy Awards?,difficulty-1,six,Single Answer
3771,The Nike Mercurial Vapor is a football boot worn by which Colombian forward?,difficulty-1,Carlos Arturo Bacca Ahumada,Single Answer
3774,The leader of a higher education institution provides how many academic programs?,difficulty-1,85,Single Answer
3777,West Ridge and the elevation that has Independence Avenue/Liberation Avenue as its eastern border are divided by which route?,difficulty-1,Castle Road,Single Answer
3780,What is the archaic designation for the corrosive substance that breaks down phenazine?,difficulty-1,oil of vitriol,Single Answer
3783,"Who authored a greater number of works during their existence, Anne Frank or the Pulitzer Prize-winning writer of 'A Confederacy of Dunces'?",difficulty-1,John Kennedy Toole,Single Answer
3786,"Die Meistersinger von Nürnberg and Iphigénie en Aulide, are which type of musical theater?",difficulty-1,opera,Single Answer
3789,"Which part of the city does the Chicago mayor-backed, 38th Ward of the City of Chicago council member represent?",difficulty-1,Northwest Side,Single Answer
3792,"Which U.S. pro basketball athlete, born in 1986, received the Dave Gavitt Trophy at the 2007 Big East Men's Basketball Championship?",difficulty-1,Jeffrey Lynn Green,Single Answer
3795,Where is the firm that constructed Woodvale Historic District situated?,difficulty-1,"Rockhill Furnace, Pennsylvania",Single Answer
3798,"Which Russian author, known for her works in literature and theater, penned the novella 'The Time: Night'?",difficulty-1,Lyudmila Stefanovna Petrushevskaya,Single Answer
3801,From what nation are both Maurice Newman and Macquarie University?,difficulty-1,Australia,Single Answer
3804,Did the animated film Up and the movie The Watercolor come out in the same year?,difficulty-1,yes,Single Answer
3807,Which judge in the 3rd Sa Re Ga Ma Pa Challenge passed away at the Kokilaben Dhirubhai Ambani Hospital?,difficulty-1,Aadesh Shrivastava,Single Answer
3810,"Which urban center in Gauteng, South Africa features a neighborhood known as Kew?",difficulty-1,Johannesburg,Single Answer
3813,Which digital music group's track 'Dangerous' received gold certification from the Recording Industry Association of America in May 2015?,difficulty-1,Big Data,Single Answer
3816,Are the director of Halloween (2018) and the star of Dallas both performers?,difficulty-1,no,Single Answer
3819,In which North American motorsport championship organized by the Sports Car Club of America does Jack Baldwin compete with a Porsche Cayman S?,difficulty-1,Pirelli World Challenge,Single Answer
3822,Are Calochone and Adlumia both classified as botanical species?,difficulty-1,yes,Single Answer
3825,In which year was the British performer and movie maker born who also appeared in a film adaptation alongside Renee Zellweger?,difficulty-1,1960,Single Answer
3828,"Who's the US filmmaker of Hungarian descent famous for turning Stephen King's short novels into movies, such as The Mist and The Green Mile?",difficulty-1,Frank Darabont,Single Answer
3831,"Which plant genus, Cardwellia or the Chilean bromeliad, is indigenous to South America?",difficulty-1,Ochagavia,Single Answer
3834,Are Grasshopper and Sake bomb both varieties of beverages?,difficulty-1,yes,Single Answer
3837,"Donington School F.C. was an English football club, located in which sizable settlement and administrative division in the South Holland area of Lincolnshire, England?",difficulty-1,"Donington, Lincolnshire",Single Answer
3840,Which actor gained recognition performing with John Richard Schneider in a TV show?,difficulty-1,Tom Wopat,Single Answer
3843,"Who was born earlier, Joe Manganiello or the Armenian-American business magnate?",difficulty-1,"Kerkor ""Kirk"" Kerkorian",Single Answer
3846,The debut feature film of Lee Il-hyung was distributed by which entertainment firm?,difficulty-1,Showbox,Single Answer
3849,Rick Seibold has collaborated with which vocalist recognized for her appearance in 'Big Time Rush'?,difficulty-1,Katelyn Tarver,Single Answer
3852,In which city in Nevada is the musical group that composed 'The Drug in Me Is You' headquartered?,difficulty-1,"Las Vegas, Nevada",Single Answer
3855,Who is the screenwriter and filmmaker behind the movie featuring Adam Beach as Slipknot?,difficulty-1,David Ayer,Single Answer
3858,"Alamgir became a panelist alongside Meesha Shafi, Strings, Ali Azmat and Shahzad Hasan on which renowned musical competition program?",difficulty-1,"""Music Icons""",Single Answer
3861,Which broadcasting channel airs the reality TV program showcasing a retired MLB left fielder with a 22-season career split between the Pittsburgh Pirates and San Francisco Giants?,difficulty-1,ESPN,Single Answer
3864,Who is the filmmaker from Los Angeles that helmed a 2016 U.S. superhero movie featuring a doctor who masters mystical arts following a devastating auto accident?,difficulty-1,Scott Derrickson,Single Answer
3867,Emprise Bank operates branches in a city located beside which waterway?,difficulty-1,Neosho River,Single Answer
3870,Which legislator is responsible for the constituency encompassing Gawthorpe?,difficulty-1,Julie Cooper,Single Answer
3873,"George Palmer Putnam, an American publisher, author, and explorer, was married to which trailblazing female pilot and writer, renowned for being the initial woman to complete a solo transatlantic flight?",difficulty-1,Amelia Earhart,Single Answer
3876,What was the earnings of Emma Rose Kenney's role in a movie produced by the animation studio behind 'Ice Age'?,difficulty-1,$268 million,Single Answer
3879,The leader of Egypt who altered the Hamayouni Decree was born in which year?,difficulty-1,1928,Single Answer
3882,Are the skunk cabbage and flossflower genera part of the identical plant family?,difficulty-1,no,Single Answer
3885,A 2001 Indian epic sports-drama film featured a performer who also appeared in which 1999 motion picture?,difficulty-1,Sarfarosh,Single Answer
3888,"Huddersfield Giants R.L.F.C. are a professional rugby league club from Huddersfield, West Yorkshire, the birthplace of rugby league, who compete in the Super League, playing their home matches at the Kirklees Stadium, a multi-use sports venue shared with Huddersfield Town F.C. In which nation is this club based?",difficulty-1,England,Single Answer
3891,"Javier Mora, a Mexican pugilist competing in the Heavyweight category, suffered a 5-round technical knockout (TKO) at the hands of Alexander Vladimirovich 'Sasha' Povetkin. In which European nation did this bout take place?",difficulty-1,Germany,Single Answer
3894,"Dixit Dominus is a psalm setting by which German-born, later British, baroque composer renowned for his operas, oratorios, anthems, and organ concertos?",difficulty-1,George Frideric Handel,Single Answer
3897,Who is the Russian figure skater who performed with a Russian pair skater and won Olympic gold in 1988 and 1994?,difficulty-1,Ekaterina Gordeeva,Single Answer
3900,It Takes a Family is a response to this 1996 book that was published by the former First Lady of the United States,difficulty-1,Hillary Rodham Clinton,Single Answer
3903,"In 2016, the Washington State Cougars were under the guidance of a coach who had previously been in charge of which collegiate football program?",difficulty-1,Texas Tech Red Raiders,Single Answer
3906,"The San Diego Gulls are a professional ice hockey team in the American Hockey League (AHL) which began playing in the 2015–16 season. The Gulls play their home games at which indoor venue situated on Sports Arena Blvd in Point Loma, San Diego?",difficulty-1,Valley View Casino Center,Single Answer
3909,Which series links Arthur Darvill and Matt Smith?,difficulty-1,Doctor Who,Single Answer
3912,"Which member of the Acolytes Protection Agency was born on November 29, 1966?",difficulty-1,John Layfield,Single Answer
3915,Which musical duo originating from the capital of Ohio is known for blending genres like 'schizoid pop'?,difficulty-1,Twenty One Pilots,Single Answer
3918,Which presenter of The Voice UK appeared in 'Doctor Who'?,difficulty-1,Reggie Yates,Single Answer
3921,What period was the individual linked to Fanny Talbot the foremost art critic of?,difficulty-1,Victorian era,Single Answer
3924,Who composed the tune that led the Columbia Kingsmen to rebrand as Sha Na Na?,difficulty-1,Richard Berry,Single Answer
3927,Which artist featured on the record 'Animal Ambition' was originally named Albert Johnson?,difficulty-1,Prodigy,Single Answer
3930,In which municipality was the rock group established that was honored by Listen Without Distraction?,difficulty-1,"Palm Desert, California",Single Answer
3933,What pigment is present in Prochlorococcus and crucial for the process of photosynthesis?,difficulty-1,Chlorophyll,Single Answer
3936,In which entertainment venue in Los Angeles did the former host of 'Chelsea Lately' present the 2010 MTV Video Music Awards?,difficulty-1,Nokia Theatre,Single Answer
3939,"Brian Keith 'Herbie' Flowers, an English musician skilled in electric bass, double bass, and tuba, played on the recording of 'Give My Regards to Broad Street,' which is the fifth studio album by which legendary Beatles member, also serving as the soundtrack for his 1984 film of the same title?",difficulty-1,Paul McCartney,Single Answer
3942,The initial conflict in Silesia was waged against the Prussian monarch who passed away in which year?,difficulty-1,1786,Single Answer
3945,"The Chandrasekhar limit was named after an astrophysicist, what is the name of his uncle who also won the Nobel Prize?",difficulty-1,Sir C. V. Raman,Single Answer
3948,"What does Trevor Prangley's alternate category in combat sports signify, apart from competing in the Light Weight division?",difficulty-1,refers to different weight classes,Single Answer
3951,Which performer starred in 'Shanghai Knights' and provided the voice for the protagonist in the 'Cars' series?,difficulty-1,Owen Wilson,Single Answer
3954,What incident involved an unexpected assault by the Imperial Japanese Navy Air Service during the tenure of Magruder Hill Tuttle as a high-ranking officer in the U.S. Navy?,difficulty-1,attack on Pearl Harbor,Single Answer
3957,"Simone Kirby, a performer from Ireland, appeared as Tracey Moynihan in which dramatic TV series shown on RTÉ Television from 2010 to 2014?",difficulty-1,Love/Hate,Single Answer
3960,Who did the professional tennis player currently ranked World No. 1 in men's singles defeat in the 2017 Barcelona Open Banco Sabadell - Singles?,difficulty-1,Dominic Thiem,Single Answer
3963,In which professional football competition does the 2010 head coach of the SMU Mustangs currently lead a team?,difficulty-1,Canadian Football League,Single Answer
3966,Instrument – Sound – Percussion is the fourth live album by a group that created how many gold albums?,difficulty-1,eight,Single Answer
3969,The musical group that produced the album 'Let's Cheers to This' originates from which city in Florida known for its theme parks?,difficulty-1,Orlando,Single Answer
3972,Which canine breed is no longer in existence: the hairless dog from China or the gray hunting dog?,difficulty-1,Chien-gris,Single Answer
3975,Which African-American musician collaborated on the composition of Air?,difficulty-1,Scott Joplin,Single Answer
3978,"Anil V. Kumar, a television and film director and producer in India, co-produced the movie 'Zanjeer' starring Priyanka Chopra through his production house, Flying Turtle Films. Which prominent figure in Telugu cinema, known for his acting and entrepreneurial ventures, was also part of this film?",difficulty-1,Ram Charan,Single Answer
3981,"On which day did a Canadian lawmaker born on the second day of January, 1979, take over as head of the New Democratic Party in Canada?",difficulty-1,October 1st,Single Answer
3984,"Which was introduced earlier, the No Card or the contactless smart card used in Hong Kong?",difficulty-1,Octopus card,Single Answer
3987,What is the expression that is frequently employed on the commemoration day held annually on the 25th of April?,difficulty-1,"""Lest we forget""",Single Answer
3990,"Which hard rock group's track served as the anthem at the Pepsi Arena on January 8, 2006?",difficulty-1,Disturbed,Single Answer
3993,The inaugural selection by the Colts in the draft was a running back who earned the Heisman Trophy in which year?,difficulty-1,1952,Single Answer
3996,"The primary Masonic body in Liberia traces its origins to a division of Freemasonry from North America, established on which date?",difficulty-1,"September 29, 1784",Single Answer
3999,"The inaugural woman to join the board of the Liberal Party, she was born in which Norwegian region?",difficulty-1,Vestfold,Single Answer
4002,Mary Small served the county whose administrative center is what town?,difficulty-1,Bath,Single Answer
4005,Which 1998 movie featuring Arthur Nascarella was helmed by Tony Scott?,difficulty-1,Enemy of the State,Single Answer
4008,"During the 2017–18 NBA draft, which athlete who spent a single year with the Kansas Jayhawks was selected by the Phoenix Suns?",difficulty-1,Josh Jackson,Single Answer
4011,Which institution established by Byron Edmund Walker was initially under the governance of the Church of England?,difficulty-1,The University of Toronto,Single Answer
4014,In which id Software title can the weapon BFG be encountered?,difficulty-1,Doom,Single Answer
4017,Which legal dispute involved the leader of the Moral Law Foundation and a granite display of the Decalogue?,difficulty-1,Glassroth v. Moore,Single Answer
4020,The 2016 Liberty Bowl was sponsored by a corporation headquartered in which Mississippi River city?,difficulty-1,Memphis,Single Answer
4023,"During the 2003-04 season, Wolfsburg acquired a promising young talent from River Plate who operates in which role on the pitch?",difficulty-1,attacking midfielder,Single Answer
4026,"Hollywood performer, Peter Hansen, renowned for his part in General Hospital, also appeared in The War of the Roses alongside a U.S. cinema and theater actress and filmmaker who has received how many Golden Globe Awards?",difficulty-1,two,Single Answer
4029,Arthur Noss was awarded a Military Cross as the artilleryman of a serviceman born in which year?,difficulty-1,1892,Single Answer
4032,Which animation studio was responsible for creating the film that 'Puss in Boots: The Three Diablos' follows?,difficulty-1,DreamWorks Animation,Single Answer
4035,On which historic property was the location of Aloha from Hawaii Via Satellite situated?,difficulty-1,Ward Estate,Single Answer
4038,In which city is the music label headquartered that was established by the lead vocalist of Minor Threat and Fugazi?,difficulty-1,"Washington, D.C.",Single Answer
4041,"Kiawah Island, South Carolina was referenced in 'Porgy and Bess,' created by the musician most famous for what other orchestral piece from 1924?",difficulty-1,Rhapsody in Blue,Single Answer
4044,"Richard Yates released a collection titled 'Eleven Kinds of Loneliness', one of Italo Calvino's most famous pieces belonged to the same category and was called what?",difficulty-1,"""Cosmicomics""",Single Answer
4047,"Extras, a British comedy series focusing on background performers in the entertainment industry, was co-created by the BBC and HBO. The multi-talented English entertainer Ricky Dene Gervais, who served as the show's creator, writer, and director, was born on what date?",difficulty-1,25 June 1961,Single Answer
4050,Are Patrick White and Katherine Anne Porter both authors?,difficulty-1,yes,Single Answer
4053,Which filmmaker helmed a 2016 musical shot in the coastal town of Howth?,difficulty-1,John Carney,Single Answer
4056,The performer and vaudeville artist featured in Son of Paleface hailed from which country?,difficulty-1,American,Single Answer
4059,Which TV show featured the performer who acted alongside Penny Layden in The Libertine and later gained fame as a youth icon?,difficulty-1,21 Jump Street,Single Answer
4062,On which television channel did the series featuring Kim Roberts as Neeva broadcast?,difficulty-1,FX,Single Answer
4065,Which nations were involved in the chant referencing the UK's triumphs in World War I and World War II?,difficulty-1,England and West Germany,Single Answer
4068,Which two co-founders and creators of the renowned Italian fashion house did Marpessa Hennink showcase designs for?,difficulty-1,Domenico Dolce and Stefano Gabbana.,Single Answer
4071,"Officially known as the Games of the XXX Olympiad, in which international athletic competition did Dirkie Chamberlain compete for her nation?",difficulty-1,2012 Summer Olympics,Single Answer
4074,"""Touch"" is a track from an album distributed by which music companies?",difficulty-1,Syco Music and Columbia Records,Single Answer
4077,In what year was the venue where the Wollongong Wolves Football Club competes inaugurated?,difficulty-1,1911,Single Answer
4080,"Irma Pamela Hall, a U.S. performer who has starred in many movies and TV series since the 1970s, and is renowned for portraying maternal characters including in which 2004 dark humor suspense movie helmed by the Coen brothers?",difficulty-1,The Ladykillers,Single Answer
4083,"In an Andrey Zvyagintsev film, which U.S. municipality located at an elevation of 7,935 feet was the setting for the real-life incidents that inspired the story?",difficulty-1,"Granby, Colorado",Single Answer
4086,Alan Furst and Lee Child are what?,difficulty-1,is a British author,Single Answer
4089,"Tenth Avenue Freeze-Out is the second track on which of The Boss's landmark records, which happens to be his third studio release?",difficulty-1,Born to Run,Single Answer
4092,In which New York county can the Hartland Swamp Wildlife Management Area be found?,difficulty-1,Niagara County,Single Answer
4095,In which municipality did Duane Swank earn his doctoral degree?,difficulty-1,"Evanston, Illinois",Single Answer
4098,Which periodical has a higher frequency of release: the magazine dedicated to percussionists or Bookmarks?,difficulty-1,Modern Drummer,Single Answer
4101,"Which performer portrays both Iris Carr in The Lady Vanishes, and Riley Blue in Sense8?",difficulty-1,Tuppence Middleton,Single Answer
4104,Mindless Self Indulgence and Tappi Tíkarrass are both classified as what musical ensemble?,difficulty-1,band,Single Answer
4107,"Tothill Fields was an 18th-century area of Westminster in the county of Middlesex, a historic county in the south-east region of which nation?",difficulty-1,England,Single Answer
4110,Which signal-caller for the Atlanta Falcons did Baker Mayfield surpass to become the starting quarterback at Oklahoma?,difficulty-1,Trevor Knight,Single Answer
4113,"Terenzo is a municipality in the Province of Parma, which part of Italy is Terenzo situated in?",difficulty-1,northern Italian region,Single Answer
4116,When was the head of government of India after which V. K. Krishna Menon was considered the second most influential person in India born?,difficulty-1,14 November 1889,Single Answer
4119,The Colombian airline that has served as the nation's primary and emblematic air carrier since 1919 is entirely controlled by a corporation based in which South American country?,difficulty-1,Brazil,Single Answer
4122,What is the estimated number of inhabitants in the nation where Koularo is situated?,difficulty-1,1 million,Single Answer
4125,"Which performer in Holding the Fort is also recognized for hosting television programs such as 'Game for a Laugh', 'You Bet!' and 'Stars in Their Eyes'?",difficulty-1,Matthew Kelly,Single Answer
4128,Which musical group appeared on the front of the Alternative Press magazine's '100 Bands You Need to Know in 2010' issue together with The Cab's body of work and Never Shout Never?,difficulty-1,Hey Monday,Single Answer
4131,In which year did the British performer from the movie The System pass away?,difficulty-1,1999,Single Answer
4134,One of the soccer strikers who competes for SC Pinkafeld originates from which European nation that shares a boundary with Austria?,difficulty-1,Slovenia,Single Answer
4137,"What is the date of birth for this ruler of Luxembourg and monarch of Bohemia, who was the father of the Psalter of Bonne de Luxembourg?",difficulty-1,10 August 1296,Single Answer
4140,Do both Simon Wincer and the French filmmaker Patrice Leconte work in the motion picture industry as directors?,difficulty-1,yes,Single Answer
4143,Which poet penned the lyrics that were set to the renowned melody of the musician often referred to as the progenitor of the Symphony?,difficulty-1,Ottokar Kernstock,Single Answer
4146,What is the birth name of the Welsh electronic music producer known for frequenting the nightclub Flex in Vienna numerous times?,difficulty-1,Lincoln Barrett,Single Answer
4149,Nakayama Miho no Tokimeki High School featured music by the composer most recognized for the titles developed by which gaming corporation?,difficulty-1,Square Enix,Single Answer
4152,What was the 2011 census count for the administrative district encompassing the hamlet of Eastoft?,difficulty-1,"167,446",Single Answer
4155,Robinsons and Pocari Sweat are both categorized under which type of consumable item?,difficulty-1,drink,Single Answer
4158,Rani Silautia is an Indian politician from a party affiliated with which right-wing Hindu nationalist group?,difficulty-1,the Hindu nationalist Rashtriya Swayamsevak Sangh,Single Answer
4161,"What is a luxury retreat and National Historic Landmark situated in Palm Beach, Florida, constructed between 1924 and 1927 by cereal-company heiress and socialite Marjorie Merriweather Post, that offers Periodicals available at no cost to its members?",difficulty-1,Mar-a-Lago,Single Answer
4164,Did both Carl Boese and the creator of 'Romeo and Juliet' (1968) serve as directors and producers in the film industry?,difficulty-1,yes,Single Answer
4167,"Route 146, Interstate 890, and which additional interstate highway traverse Schenectady, New York?",difficulty-1,I-90,Single Answer
4170,Which candidate secured victory in the electoral contest that coincided with the North Dakota gubernatorial race in 2016?,difficulty-1,Donald Trump,Single Answer
4173,Which record label issued the LP featuring a track that initially peaked at position 60 on the UK Singles Chart in 1997?,difficulty-1,Wiiija,Single Answer
4176,What was the formal designation for the mandatory enlistment that Thomas E. O'Donnell vocally opposed?,difficulty-1,Conscription in the United States,Single Answer
4179,"The formation of Fontana Lake flooded Proctor, North Carolina and which additional settlement?",difficulty-1,Judson,Single Answer
4182,"Which military installation serves as the headquarters for the Eastern Air Defense Sector and is situated 12 miles east of Panama City, Florida?",difficulty-1,Tyndall Air Force Base,Single Answer
4185,"Which automobile, launched in the 2006 model year, is Patrick Carpentier presently operating in the NASCAR Sprint Cup Series?",difficulty-1,Ford Fusion,Single Answer
4188,In what year was the corporation responsible for issuing the periodical Magnetic Resonance Imaging founded?,difficulty-1,1880,Single Answer
4191,"Ian Hunter and Stuart Murdoch share what role in the music industry, known for vocal projection and stage presence?",difficulty-1,lead singer,Single Answer
4194,"Signet Jewelers possesses which retailer headquartered in Delaware, in addition to Kay and Jared?",difficulty-1,Zale Corporation,Single Answer
4197,Since when has the vehicle operated by Garrett Smithley for MBM Motorsports been available for purchase?,difficulty-1,1982,Single Answer
4200,Who was the spouse of the inaugural Olympic gymnast to receive a flawless score of 10.0?,difficulty-1,Bart Conner,Single Answer
4203,Which actual pugilist did Mike Williams perform alongside in Rocky V?,difficulty-1,Tommy Morrison,Single Answer
4206,"The 1987 American comic science fiction film Spaceballs, co-written, produced and directed by Mel Brooks, includes which American performer, entrepreneur, and animal rights supporter, famous for portraying the family head Tom Bradford in the ABC television series 'Eight Is Enough'?",difficulty-1,Richard Vincent Van Patten,Single Answer
4209,Which electronic music producer from the Netherlands worked with Richard Bedford on the album 'Intense'?,difficulty-1,Armin van Buuren,Single Answer
4212,Is the semiconductor company known for Ryzen processors or Level 3 Communications based further west?,difficulty-1,Advanced Micro Devices,Single Answer
4215,"In Wayne's World, the performer was affiliated with which renowned improvisational group from Chicago?",difficulty-1,Second City Theatre,Single Answer
4218,Tulapur is a village located in which urban center that ranks as the second most populous in Maharashtra?,difficulty-1,Pune,Single Answer
4221,Peter Bakovic was a player for which NHL franchise based in British Columbia?,difficulty-1,Vancouver Canucks,Single Answer
4224,"Who is more senior in age, Vincent Walker or the Canadian singer-songwriter?",difficulty-1,David Usher,Single Answer
4227,"Yukio Mishima and Roberto Bolaño, are they from Chile?",difficulty-1,no,Single Answer
4230,Which Spanish-language soap opera inspired the television series that led to the formation of the musical group Eme 15 in 2012?,difficulty-1,Quinceañera,Single Answer
4233,"Which musician put out their sophomore album alongside a group hailing from Louisville, Kentucky?",difficulty-1,Andrew Bird,Single Answer
4236,Who is wedded to Jim Tomlinson and put out a record named Raconte-moi?,difficulty-1,Stacey Kent,Single Answer
4239,Which athletic activity did Jack Sock and Raffaella Reggi participate in?,difficulty-1,tennis,Single Answer
4242,"Heartbreak Express, Dolly Parton's 24th solo studio album, included this new version of which track, first cut in 1973 and part of the 'Best Little Whorehouse in Texas Soundtrack'?",difficulty-1,I Will Always Love You,Single Answer
4245,"In which New York City venue did a production, characterized as Marxist yet featuring a character from a British holiday theatrical tradition, take place?",difficulty-1,Adelphi Theatre,Single Answer
4248,"The institution that was guided to six national titles by Paul 'Bear' Bryant, saw its inaugural Heisman Trophy recipient selected by which professional football franchise?",difficulty-1,New Orleans Saints,Single Answer
4251,Which performer featured in 'Lisa Picard Is Famous' was born in Douglas County?,difficulty-1,Laura Ellen Kirk,Single Answer
4254,"What company is headquartered in Sankt Ulrich bei Steyr, Austria?",difficulty-1,Steyr Mannlicher,Single Answer
4257,"What is the designation for the governing entity overseeing more than 25,000 soccer associations in Germany?",difficulty-1,The DFB Sports Court,Single Answer
4260,"Which was stopped by a natural catastrophe, Camlaren Mine or the underground excavation site in northern Canada?",difficulty-1,Barton Mine,Single Answer
4263,"In which city, known for its bustling airport and as the capital of the Peach State, is the company headquartered that divested its New Zealand operations to Vodafone?",difficulty-1,"Atlanta, Georgia",Single Answer
4266,"""The Twentieth Century is Almost Over"" was re-recorded five years later by Cash and Waylon Jennings, Kris Kristofferson, and Willie Nelson, one of the most recognized artists in which musical genre?",difficulty-1,country,Single Answer
4269,"Charles Hutchison and Reginald Barker, what is their shared profession in the motion picture industry?",difficulty-1,film director,Single Answer
4272,"Which documentary, 'Beyond the Gates of Splendor' or 'Jesus Camp', had an earlier release date?",difficulty-1,Beyond the Gates of Splendor,Single Answer
4275,"Tura Beach, located in New South Wales, is a suburb of a town that recorded what number of residents during the 2016 census?",difficulty-1,"3,544",Single Answer
4278,What is the number of retail outlets in the principal shopping complex adjacent to the Garden City transit hub?,difficulty-1,440,Single Answer
4281,"Padgate is a neighborhood of an English settlement by the River Mersey, with a 2016 population estimate of 208,800. Under which ceremonial county's unitary authority does it fall?",difficulty-1,Cheshire,Single Answer
4284,"Which musical group, initially hailing from Tucson, Arizona and now based in Albany, New York, put out their debut record in 2000?",difficulty-1,Hector on Stilts,Single Answer
4287,Do Randal Kleiser and Kyle Schickner share the same country of origin?,difficulty-1,yes,Single Answer
4290,"Barbara Jordan and Mark Knowles are both what, considering their past involvement in the sport with aces and volleys?",difficulty-1,former tennis player,Single Answer
4293,Was the head of state who selected Thomas C. Mann affiliated with the Democratic Party or the GOP?,difficulty-1,Democrat,Single Answer
4296,Which English performer portrayed the character Walter O'Brien?,difficulty-1,Elyes Gabel,Single Answer
4299,"What coming-of-age comedy movie penned by Adam Herz and helmed by siblings Paul and Chris Weitz, featured an actress renowned for portraying Jessica?",difficulty-1,American Pie,Single Answer
4302,The track 'Never Give Up' by Sia is part of the score for a movie adapted from which memoir?,difficulty-1,"""A Long Way Home""",Single Answer
4305,Which two talents are shared by Lee Hong-gi and the frontman of Twisted Sister?,difficulty-1,"singer-songwriter, actor",Single Answer
4308,What region is the Spruce species inhabiting the Rensselaer Plateau indigenous to?,difficulty-1,eastern North America,Single Answer
4311,The 300 and 300 models from United were manufactured in which nation?,difficulty-1,American,Single Answer
4314,"1979, a track by the U.S. alternative rock group, the Smashing Pumpkins, the second single from their third LP, was released on October 23, 1995 in the UK, is named?",difficulty-1,Mellon Collie and the Infinite Sadness,Single Answer
4317,"Lookwell was a television pilot written and produced by Conan O'Brien and Robert Smigel, and was a personal favorite of which prominent TV executive who served as the head of NBC from 1980 to 1991?",difficulty-1,Brandon Tartikoff,Single Answer
4320,"In which town in Maine can the successor to the Globe of Peace, the largest revolving globe on Earth, be found?",difficulty-1,"Yarmouth, Maine",Single Answer
4323,"The institution for creative studies in Bath, England, which is a division of Bath Spa University, a state-funded higher education establishment in the same city, has its principal grounds situated at Newton Park. On what type of property is this campus located?",difficulty-1,Duchy of Cornwall land,Single Answer
4326,Do both the operator of the Nasdaq Stock Market and the virtualization solutions provider target identical client demographics?,difficulty-1,no,Single Answer
4329,Are George Avakian and the individual known as Bobby Managoff both involved in the music production industry?,difficulty-1,"Robert Manoogian Jr. (January 4, 1918 – April 3, 2002) was an American professional wrestler",Single Answer
4332,"Benji is an upcoming American drama film written, co-produced and directed by which individual, and serves as a reboot of the 1974 movie with the identical title?",difficulty-1,Brandon Camp,Single Answer
4335,The individual who released the track 'That's My Pa' portrayed which role in the movie 'High Noon'?,difficulty-1,Ben Miller,Single Answer
4338,Barclay Henley's birthplace had how many residents according to the 2010 census?,difficulty-1,"7,585",Single Answer
4341,Tess Asplund resisted the far-right extremist ideology prevalent in which Scandinavian nations?,difficulty-1,"Sweden, Finland, and Norway",Single Answer
4344,"The Pantanal is a mid-size pickup truck produced by the South American off-road vehicle maker Troller Veículos Especiais S/A, a company specializing in off-road vehicles located in which nation, from 2006 to 2008?",difficulty-1,Brazil,Single Answer
4347,In which country can you find a diminutive medieval fortress?,difficulty-1,Scotland,Single Answer
4350,What is the term for this approach of supporting individuals from an underrepresented community who face or have faced bias in a society where initiatives like Black Economic Empowerment are examples?,difficulty-1,Affirmative action,Single Answer
4353,The 32nd TCA Awards were hosted by a performer from Mexico most recognized for portraying Fernando Mendiola in which production?,difficulty-1,La Fea Mas Bella,Single Answer
4356,"Do the films Welcome to Durham, USA and The Agronomist both focus on the city in North Carolina known for Duke University?",difficulty-1,no,Single Answer
4359,"Which member of the Bad Seeds was older, Anita Lane or the frontman known for his baritone vocals?",difficulty-1,Nick Cave,Single Answer
4362,"Which close friend of George Washington, Alexander Hamilton, and Thomas Jefferson, did a descendant of the Huger family of South Carolina try to save?",difficulty-1,"Gilbert du Motier, Marquis de Lafayette",Single Answer
4365,"John Severin, a renowned illustrator from the United States, enjoyed a 45-year tenure with the publication Cracked, which was established in which year?",difficulty-1,1958,Single Answer
4368,How many years did the actor who played in Meet the People pass away after his role?,difficulty-1,II,Single Answer
4371,Do the creators Chris Carter and Theo van Gogh hail from the same country?,difficulty-1,no,Single Answer
4374,What category does The Warriors Gate belong to?,difficulty-1,action,Single Answer
4377,Brutti di notte is a parody of the film featuring which renowned French actress known for her roles in Belle de Jour and The Umbrellas of Cherbourg?,difficulty-1,Catherine Deneuve,Single Answer
4380,What verse by this author born in September 1872 was utilized in devotional and spoken word recordings?,difficulty-1,Desiderata,Single Answer
4383,Rhodochiton and Platystemon are both genuses of what type of botanical organisms?,difficulty-1,flowering plants,Single Answer
4386,What was the valuation of the firm linked to Jessica Alba in 2015?,difficulty-1,$1.7 billion,Single Answer
4389,James Mulgrew is the leading performer in which humorous sketch program?,difficulty-1,And There's More,Single Answer
4392,Elkhan Mammadov spearheads the bid proposal for which four-year international tournament?,difficulty-1,UEFA Euro 2020,Single Answer
4395,"Which performance hall, also referred to as 'Convent Garden,' was the location where Adrian Boult led the orchestra?",difficulty-1,The Royal Opera House,Single Answer
4398,Jess Weixler appeared in which horror-comedy movie helmed by Mitchell Lichtenstein?,difficulty-1,Teeth,Single Answer
4401,"Who led the Paris Opera Ballet from 1983 to 1989 and served as its principal choreographer until October 1992, and bestowed the title of étoile upon a dancer from the Paris Opera Ballet in 1978?",difficulty-1,Rudolf Khametovich Nureyev,Single Answer
4404,Which carrier established by Frank Lorenzo was impacted by a labor stoppage in 1989?,difficulty-1,International Association of Machinists,Single Answer
4407,"What 2001 literary work by Britney Spears is dedicated to a U.S. writer and parent of Bryan Spears, a producer in the entertainment industry, and Jamie Lynn Spears, a vocalist in the country music genre?",difficulty-1,A Mother's Gift,Single Answer
4410,"Which county, named for a distinguished figure in the French and Indian War and a military leader during the American Revolution, is represented by Assemblyman Kevin Byrne?",difficulty-1,Putnam County,Single Answer
4413,"Rob Jenkins is a performer from Australia, which of his films, was a 2014 sci-fi thriller movie?",difficulty-1,Predestination,Single Answer
4416,Which Carnegie library structure situated in Kansas's largest city was constructed in 1915 and added to the National Register of Historic Places in 1987?,difficulty-1,Wichita City Carnegie Library Building,Single Answer
4419,Which pro-Confederate bushwhacker was responsible for the Centralia Massacre?,difficulty-1,William T. Anderson,Single Answer
4422,Which Premier League team has secured three UEFA Super Cups and once had Scottish player Hugh 'Hughie' Clifford on their roster?,difficulty-1,Liverpool Football Club,Single Answer
4425,What profession did Garth Jennings and Lee Cheol-ha both pursue?,difficulty-1,film director,Single Answer
4428,When was the music producer behind Love Has Come for You born?,difficulty-1,22 June 1944,Single Answer
4431,For how many weeks did the primary track from Culture Beat's follow-up album hold the top position on Canada's 'RPM' Dance rankings?,difficulty-1,ten weeks,Single Answer
4434,"Walloon Legion, a collaborationist volunteer unit, that served on the Eastern Front, in which global conflict?",difficulty-1,World War II,Single Answer
4437,"Prior to completing her motion picture, Something's Got to Give, on what date did the iconic Hollywood starlet and 1950s pin-up girl, Marilyn Monroe, pass away?",difficulty-1,"August 5, 1962",Single Answer
4440,"Which was released second, Charley and the Angel or the animated aviation film?",difficulty-1,Planes,Single Answer
4443,Which of the following records the concerns of the LGBTQ+ population: Pride Divide or The Big Melt?,difficulty-1,Pride Divide,Single Answer
4446,Silent Möbius draws significant inspiration from the film helmed by which visionary British filmmaker known for 'Blade Runner' and pioneering practical effects?,difficulty-1,Ridley Scott,Single Answer
4449,For which ordinal release of the pop singer did Colbie Marie Caillat receive a Grammy award?,difficulty-1,second,Single Answer
4452,"Who was born first, the philosopher known for 'Being and Time' or Lydia Davis?",difficulty-1,Martin Heidegger,Single Answer
4455,Mike Gibbons secured the middleweight title following the tragic homicide of the prior titleholder in which U.S. state?,difficulty-1,Missouri,Single Answer
4458,Do Thums Up and Mott's originate from the same nation?,difficulty-1,no,Single Answer
4461,What types of characters did the American performer who appeared in Manfish portray in her first film appearance?,difficulty-1,comic roles,Single Answer
4464,"Which plant genus boasts a greater number of species, the coniferous trees known as Firs or Chelone?",difficulty-1,Firs,Single Answer
4467,Do John Kassir and Tom Kenny both provide the voice for the ruler of the Ice Kingdom?,difficulty-1,Ice King,Single Answer
4470,In which year did the German musician whose works feature in The Individualism of Gil Evans pass away?,difficulty-1,1950,Single Answer
4473,At which research facility did Carsten Olsen work as an aide to the Danish scientist who developed the pH scale concept?,difficulty-1,Carlsberg Laboratory,Single Answer
4476,What is the citizenship of the actor portraying the main character in the movie Fishtales?,difficulty-1,American,Single Answer
4479,Which German car brand is the focus of the high-performance aftermarket tuning firm Brabus?,difficulty-1,Smart,Single Answer
4482,In which 20th Century Fox production did Zazie Beetz portray the character Domino?,difficulty-1,Deadpool 2,Single Answer
4485,Which US cartoon show developed by Trey Parker and Matt Stone includes a figure named Butters who devises plans for global domination in its 86th installment?,difficulty-1,South Park,Single Answer
4488,Which venue is the site of the annual football clash between the historically Black men's institution in Atlanta and Tuskegee University?,difficulty-1,J. McClung Memorial Stadium,Single Answer
4491,Are both the Juniper plant and the Indigofera shrub members of the conifer family Cupressaceae?,difficulty-1,no,Single Answer
4494,Who holds the existing global record in the high jump and is the uncle of Lorenzo Sotomayor Collazo?,difficulty-1,Javier Sotomayor,Single Answer
4497,"Which filmmaker hails from Great Britain, Miloš Forman or Alexander 'Alex' Cox?",difficulty-1,"Alexander ""Alex"" Cox",Single Answer
4500,Which Category 5 tropical cyclone led to the flooding of the Sqannanoa River?,difficulty-1,Hurricane Ivan,Single Answer
4503,Navarone Garibaldi is the half-sibling of a vocalist who has entered matrimony how many times?,difficulty-1,four,Single Answer
4506,What was the initial designation of the soccer team that Samuel Johnson joined in 1901?,difficulty-1,the club was founded as Newton Heath LYR,Single Answer
4509,Both the Drever and Finnish Hound are two canine varieties that are developed for what objective?,difficulty-1,bred for hunting,Single Answer
4512,"Between the Australian tennis player Elizabeth Smylie and Vasek Pospisil, who has claimed more Grand Slam doubles championships?",difficulty-1,Elizabeth Smylie,Single Answer
4515,"During the 1990s, which architectural firm constructed one of the three iconic mill structures in California?",difficulty-1,Petrie Dierman Kughn in 1994.,Single Answer
4518,"Which ex-attorney and businessperson, found guilty of collusion and narcotics trafficking, was engaged in a legal dispute with the former U.S. president and his spouse?",difficulty-1,Peter F. Paul,Single Answer
4521,Girard town is situated in a county with what number of residents?,difficulty-1,"39,134",Single Answer
4524,In which year was the collection released that narrates the escapades of Anne Shirley and issued by Scholastic Press?,difficulty-1,1908,Single Answer
4527,The 1932 German soccer championship Final took place at an arena that was inaugurated in which year?,difficulty-1,1928,Single Answer
4530,"Dharmatama is a 1975 Hindi thriller movie, and the first Bollywood film to be shot in Afghanistan. The title character was based on matka, king Ratan Khatri. 'Matka gambling' or 'satta' is a form of lottery which originally involved betting on the opening and closing rates of cotton transmitted from which financial hub?",difficulty-1,New York Cotton Exchange,Single Answer
4533,"Which American musician who passed away in 1978 had ties to an opera organization based in Jackson, Mississippi?",difficulty-1,William Grant Still,Single Answer
4536,What profession was common between John Frankenheimer and Tiffanie DeBartolo?,difficulty-1,director,Single Answer
4539,"What is the number of inhabitants in the most populous urban area in Iraq, whose 1956–57 Iraq FA Cup Championship was open to teams from Baghdad?",difficulty-1,"8,765,000",Single Answer
4542,Which wrestling organization was established by the present NEVER Openweight titleholder?,difficulty-1,Pro Wrestling Fujiwara Group,Single Answer
4545,"Which excavation site in California, operating from 1873 to 1883, gained global recognition as a leading producer of quicksilver?",difficulty-1,Sulphur Bank Mine,Single Answer
4548,"Identify the parent of Edward Stafford, 4th Baron Stafford, who was the offspring of the English aristocrat and statesman Edward Stanley, 3rd Earl of Derby?",difficulty-1,Mary Stanley,Single Answer
4551,"Which playwright was born earlier, the creator of 'A Raisin in the Sun' or Sandra Gulland?",difficulty-1,Lorraine Vivian Hansberry,Single Answer
4554,What is the indigenous term for the watercourse that flows adjacent to Mount Torrens in South Australia?,difficulty-1,Ngangkiparri,Single Answer
4557,"What does the initial L represent in the name of the actor who starred in Patriot Games, Samuel L. Jackson?",difficulty-1,Leroy,Single Answer
4560,Which film was co-authored by the individual who helmed 'Blood'?,difficulty-1,The Awakening,Single Answer
4563,Are Kelly Jones and Martha Reeves both vocalists?,difficulty-1,yes,Single Answer
4566,Which NFL franchise located in Ohio was Ivan 'John' Jurkovic a member of?,difficulty-1,Cleveland Browns,Single Answer
4569,Who is the eldest member of the Van Dyke lineage?,difficulty-1,Dick Van Dyke,Single Answer
4572,"Choi Min-sik, a performer from South Korea, appeared with Scarlett Johansson in Lucy, an English-language French sci-fi action movie penned and helmed by which filmmaker?",difficulty-1,Luc Besson,Single Answer
4575,Snow White is a Disney media franchise based on a German fairy tale by which sibling duo?,difficulty-1,Brothers Grimm,Single Answer
4578,What link does the esteemed liberal arts institution recognized for its unique program focused on studying and debating the Great Books of Western Civilization share with EnVISIONing Annapolis?,difficulty-1,Important contributors and co-sponsors,Single Answer
4581,The Prancing Horse was utilized by which leading Italian combat pilot?,difficulty-1,Count Francesco Baracca,Single Answer
4584,"Which theological institution in Louisville, Kentucky, did Paul R. House attend before he became president of the Evangelical Theological Society?",difficulty-1,Southern Baptist Theological Seminary,Single Answer
4587,The rock band led by Joan Jett performed a rendition of a track originally sung by the initial non-Japanese musician to gain widespread fame in Japan. What year was the original version of this song produced?,difficulty-1,1975,Single Answer
4590,This member of the Federation of Indian Airlines is owned by which prominent Indian corporate entity?,difficulty-1,Wadia Group,Single Answer
4593,"Who was at the helm of the 2015 Austrian sci-fi movie MindGamers, which features Antonia Campbell-Hughes, a Northern Irish performer and ex-fashion designer recognized for her role in Jack Dee's comedy series 'Lead Balloon'?",difficulty-1,Andrew Goth,Single Answer
4596,When was the disclosure by Jordan Mintz made known to the public?,difficulty-1,October 2001,Single Answer
4599,Who portrayed the television spouse of a musician skilled in playing the banjo on a classic variety program?,difficulty-1,"banjo player and former member of the television variety show ""Hee Haw"" gang having played the role of Ida Lee Nagger, the ironing, nagging wife of Laverne Nagger (Gordie Tapp).",Single Answer
4602,The highway referred to as the Mid Wirral Motorway is situated in a neighborhood recognized for which structures?,difficulty-1,Joseph Groome Towers,Single Answer
4605,What self-destructive assault occurred within the Forward Operating Base Chapman?,difficulty-1,Camp Chapman attack,Single Answer
4608,"Which leading performer in the Bolshoi Ballet, who entered the world in 1988, was trained by Valery Lagunov?",difficulty-1,Vladislav Lantratov,Single Answer
4611,"In what year was the fifth leader of a British settlement in North America, which was established in 1632 and dissolved in 1776, born?",difficulty-1,1626,Single Answer
4614,"Which part-time football team is based in Hyde, a town in Greater Manchester, England?",difficulty-1,Hyde United Football Club,Single Answer
4617,The vocalist starring in 'Tere Bin Laden' was honored with how many Lux Style Awards?,difficulty-1,five,Single Answer
4620,What precious metal was featured in an expansive terrain driving simulation created by Playground Games and released under which company's banner?,difficulty-1,Microsoft Studios,Single Answer
4623,Which region in the northern part of the island of Ireland was the target of Queen Medb of Connacht's military campaign?,difficulty-1,Ulster,Single Answer
4626,Jeremy Brock is the writer and director of this 2011 drama that was adapted from him and what other author?,difficulty-1,Rosemary Sutcliff,Single Answer
4629,Gabe Turner has worked with the performer and filmmaker who earned his initial Oscar in which 1995 crime thriller?,difficulty-1,The Usual Suspects,Single Answer
4632,Door into the Dark is a poetry collection by a male author who was awarded the Nobel Prize in Literature in which year?,difficulty-1,1995,Single Answer
4635,The creator of the publication 'A New Kind of Science' developed a computer algebra system at which institution?,difficulty-1,Caltech,Single Answer
4638,"The third track released as a single from 50 Cent's sophomore studio album, 'The Massacre', titled 'Just a Lil Bit', was made available to the public on what date?",difficulty-1,"March 3, 2005",Single Answer
4641,Mark Rankin and Cedric Bixler-Zavala's musical group is categorized under which genre?,difficulty-1,rock,Single Answer
4644,"A Common Man is a 2013 American-Sri Lankan thriller film featuring Ben Kingsley, a British performer whose professional journey has extended beyond how many decades?",difficulty-1,40 years,Single Answer
4647,Which roadway that intersects at Cairo Junction spans a distance of 1286 miles?,difficulty-1,U.S. Route 51,Single Answer
4650,Summit1g began broadcasting the last-man-standing game developed by which firm?,difficulty-1,PUBG Corp.,Single Answer
4653,"Which film debuted first, Almost Sunrise or the documentary about a family's hidden secrets at 51 Birch Street?",difficulty-1,51 Birch Street,Single Answer
4656,"Faugh a Ballagh, a battle cry of Irish origin translating to 'clear the way', serves as the motto for which British Army infantry unit, formed from the amalgamation of the 27th (Inniskilling), 83rd, 87th, and the Ulster Defence Regiment?",difficulty-1,Royal Irish Regiment,Single Answer
4659,"Four Shores, an album by the Latvian group Brainstorm, features a track titled 'Lonely Feeling' that pays homage to which iconic Swedish-American silver screen star of the 1920s and 1930s?",difficulty-1,Greta Garbo,Single Answer
4662,In what year was the musical group that featured Bob Welch as a lead guitarist established?,difficulty-1,1967,Single Answer
4665,"Which Canadian vocalist, born in 1940, collaborated on the composition of 'I Saw Her Again'?",difficulty-1,Dennis Gerrard Stephen Doherty,Single Answer
4668,What is the name of the individual in Quantico portrayed by the performer who also appeared in Tower Block?,difficulty-1,Harry Doyle,Single Answer
4671,"Who is a Grammy Award-winning artist from the United States with Armenian heritage, Armen Nalbandian or the renowned musician Arto Tunçboyacıyan?",difficulty-1,Arto Tunçboyacıyan,Single Answer
4674,Seoul Train and Making North America are both movies in what category of motion pictures or film production type?,difficulty-1,documentary,Single Answer
4677,"War for the Planet of the Apes is a 2017 American science fiction film directed by Matt Reeves, a sequel to which 2014 American science fiction movie helmed by the same filmmaker and penned by Mark Bomback, Rick Jaffa, and Amanda Silver?",difficulty-1,Dawn of the Planet of the Apes,Single Answer
4680,"Which musician was Hungarian, Béla Viktor János Bartók or Johann Christoph Pepusch?",difficulty-1,Béla Viktor János Bartók,Single Answer
4683,"Enterprise Car Sales was founded in 1962 by Jack Taylor, which U.S. vehicle rental firm is based in Clayton, Missouri, within the Greater St. Louis area?",difficulty-1,Enterprise Rent-A-Car,Single Answer
4686,"Which renowned American string instrumentalist and bluegrass artist, originally from Danville, Virginia, did Rebecca Rippy perform alongside?",difficulty-1,Tony Rice,Single Answer
4689,"Borovička (also known as Juniper brandy), is a Slovak alcoholic drink flavored with juniper berries, today's commercially produced borovička contains about 40% alcohol by volume, what is it called, also referred to as liquor, ethyl hydroxide, and beverage alcohol, is a substance and basic alcohol with the molecular formula C2H5OH?",difficulty-1,Ethanol,Single Answer
4692,"The 2016 campaign of the Kansas City Chiefs marked the franchise's 47th year in the NFL, the 57th total and the fourth with head coach Andy Reid, as well as the last under GM John Dorsey who was dismissed on June 22, 2017. Which season does this describe?",difficulty-1,2016 Kansas City Chiefs season,Single Answer
4695,The Volkswagen Golf Estate is the station wagon variant of the compact automobile that topped European sales in which year?,difficulty-1,2001,Single Answer
4698,"What was the name of the musical group that featured Belinda Carlisle and put out the record, Germicide in 1977?",difficulty-1,The Go-Go's,Single Answer
4701,Which 2017 drama featuring Logan Lerman was helmed by Shawn Christensen?,difficulty-1,Sidney Hall,Single Answer
4704,"Which flowering plant, Buddleja or the genus honoring a German botanist, is an herbaceous species?",difficulty-1,Burchardia,Single Answer
4707,Which Brazilian soccer star promoted the Mercurial Vapor cleat?,difficulty-1,Philippe Coutinho Correia,Single Answer
4710,"Which movie debuted earlier, Roving Mars or the British espionage thriller?",difficulty-1,The London Connection,Single Answer
4713,"Blake Alexander Carrington, a fictional figure from the ABC drama 'Dynasty' developed by Richard and Esther Shapiro and played by John Forsythe, made appearances on multiple discussion and entertainment programs as well as serving as a participant on which category of TV program?",difficulty-1,game shows,Single Answer
4716,The movie Knocked Up featured the performer and director possessing which dual citizenship?,difficulty-1,American-Canadian,Single Answer
4719,What is the principal city of the island group where Djoièzi is situated?,difficulty-1,Moroni,Single Answer
4722,What is the main city of the state where Curly Ray Cline originated?,difficulty-1,Charleston,Single Answer
4725,Fritz von Brodowski was killed during what worldwide conflict that spanned from 1939 to 1945?,difficulty-1,World War II,Single Answer
4728,In which U.S. state are both Wizzo and YG headquartered?,difficulty-1,California,Single Answer
4731,In which nation are the urban areas of Guilin and Ankang situated?,difficulty-1,China,Single Answer
4734,"Which plant genus has a name originating from Greek terminology, Micromeria or Pamianthe?",difficulty-1,Micromeria,Single Answer
4737,Do the San Diego International Airport and the primary airport serving Las Vegas share the same state?,difficulty-1,no,Single Answer
4740,Are the firecracker vine and the garden strawberry both suitable for consumption?,difficulty-1,no,Single Answer
4743,The 34th Infantry Regiment was dispatched to combat which group of people?,difficulty-1,Americans,Single Answer
4746,Splendor in the Grass was a movie helmed by a Greek-American filmmaker referred to as 'one of the most celebrated and impactful directors in Broadway and Hollywood history' by which publication?,difficulty-1,The New York Times,Single Answer
4749,Sameera Perera is a cricket player from which island nation situated to the southeast of the Republic of India and to the northeast of the Maldives?,difficulty-1,Sri Lanka,Single Answer
4752,"Abraham Bankier was a co-owner of the Rekord factory, which was seized by a prominent German businessman, intelligence operative, and Nazi Party member. How many Jewish lives did this individual reportedly rescue during the Holocaust?",difficulty-1,"1,200",Single Answer
4755,"The music retailer operated by Musicland Group, Inc., known as Sam Goody, declared insolvency in which year?",difficulty-1,2006,Single Answer
4758,"Kevin 'Jack' Haugrud served as the interim head of the U.S. Department of the Interior, starting from the conclusion of the Obama presidency on January 20, 2017, until the inauguration of Ryan Zinke, a former congressman and entrepreneur, on what specific day?",difficulty-1,"March 1, 2017",Single Answer
4761,Puklo srce is an album by a vocalist residing in which city?,difficulty-1,Belgrade,Single Answer
4764,"Hall of Fame Racing is a team established by a collaboration of several athletes, among them the quarterback who was the top selection in the draft during which year?",difficulty-1,1989,Single Answer
4767,Which federal agency oversees the legislation that the California Healthy Families Program enacts?,difficulty-1,the United States Department of Health and Human Services,Single Answer
4770,Cyril Briggs was committed to promoting which global intellectual ideology that seeks to foster and reinforce unity among individuals of African heritage?,difficulty-1,Pan-Africanism,Single Answer
4773,When was the individual who took over from Renee Montagne born?,difficulty-1,"May 16, 1947",Single Answer
4776,"A combat flight simulator video game published by Konami and released in 2012 features missions including the assault on this site by the Empire of Japan on December 7, 1941?",difficulty-1,Pearl Harbor,Single Answer
4779,In which year did the underwater vessel responsible for the sinking of the Tsushima Maru become accessible for visitor inspections?,difficulty-1,1981,Single Answer
4782,"From which city in the southeastern U.S., known for its vibrant music scene and as the capital of Georgia, did the metalcore group originate that produced their second complete album named Rage?",difficulty-1,"Atlanta, Georgia",Single Answer
4785,"The performer who portrays Amber in the sitcom ""The Old Guys"" was awarded a BAFTA TV Award in 2014 for her role in which television series?",difficulty-1,"""The IT Crowd""",Single Answer
4788,Which track performed by the Black Eyed Peas vocalist was created by Polow da Don and preceded Life Goes On?,difficulty-1,M.I.L.F. $,Single Answer
4791,"Which periodical is issued in the UK, Bella or Al Jamila?",difficulty-1,Bella,Single Answer
4794,"Which organization possesses a licensed brand that aims to involve the private sector in increasing awareness and generating funds to combat HIV/AIDS in eight African nations, whose collaborator is a Netherlands-based sportswear and apparel firm specializing in alpine skiing and tennis gear?",difficulty-1,RED,Single Answer
4797,Them Crooked Vultures and The Vines are both part of what music styles?,difficulty-1,Rock,Single Answer
4800,Who was the ex-spouse of the U.S. artist who fronted the musical group Kings of Rhythm?,difficulty-1,Tina Turner,Single Answer
4803,Are Mary Doria Russell and the author of 'Ulysses' both fiction writers?,difficulty-1,yes,Single Answer
4806,"James Clark McReynolds (February 3, 1862 – August 24, 1946) was an American attorney and magistrate who held the position of United States Attorney General under President Woodrow Wilson and as an Associate Justice of the United States Supreme Court. During his tenure on the Court, who was the 30th head of state of the United States (1923–29)?",difficulty-1,John Calvin Coolidge Jr.,Single Answer
4809,Which luminary in The Pokrovsky Gate also took on roles as a filmmaker and sometimes vocalist?,difficulty-1,Oleg Menshikov,Single Answer
4812,Who was the filmmaker behind the movie that earned Olympia Dukakis an Academy Award?,difficulty-1,Norman Jewison,Single Answer
4815,"Skyler Elizabeth Day (born August 2, 1991) is an American performer and vocalist, best known for her recurring roles as Maggie Ritter on the series 'Gigantic', on TeenNick is an American digital cable and satellite television channel that is owned by Nickelodeon Group, a unit of the Viacom Media Networks division of Viacom, targeted mainly at adolescents aged what range?",difficulty-1,13-18,Single Answer
4818,On what date was the British radio personality who presented 'The Voice UK' born?,difficulty-1,18 March 1985,Single Answer
4821,6 Interpretations included the composer who was part of what musical group from 1985 to 1995?,difficulty-1,Requiem in White,Single Answer
4824,"In which year did the individual after whom Fort Davis, Alaska is named pass away?",difficulty-1,1879,Single Answer
4827,"The Warlock in Spite of Himself is a science fantasy novel by American author Christopher Stasheff, published in 1969, the title is a play on the title of which renowned French dramatist and thespian, recognized by what pseudonym?",difficulty-1,Molière,Single Answer
4830,Which musical work was created in 1937 for the American Bandmasters Association and features a tune resembling Green Bushes?,difficulty-1,Lincolnshire Posy,Single Answer
4833,"Feodor Chin provides the voice for Zenyatta, a character from a game developed and published by a company headquartered in which Californian city?",difficulty-1,"Irvine, California",Single Answer
4836,"In which year was the Britain Burma Society established under the esteemed patronage of Earl Mountbatten of Burma and Sir Hubert Rance, whose title 'Sir' was regulated by legal and traditional protocols as a mark of honor?",difficulty-1,1957,Single Answer
4839,Pete Mount was the parent of the US Basketball Player who became the initial secondary school competitor featured on the front of which magazine?,difficulty-1,Sports Illustrated,Single Answer
4842,What is the most famous track by the musician who first performed the tune 'A Thousand Times a Day'?,difficulty-1,He Stopped Loving Her Today,Single Answer
4845,"Between the filmmakers Kenji Mizoguchi and the Polish auteur, who frequently challenged conventional commercialism in their cinematic works?",difficulty-1,Andrzej Żuławski,Single Answer
4848,Which female leader from India presented a Hindi-language talk program on Indian television?,difficulty-1,Smriti Malhotra,Single Answer
4851,"Jessica, is the second single from York-based rock band Elliot Minor, the band wrote this song out of their affection for which renowned Hollywood actress and entrepreneur?",difficulty-1,Jessica Marie Alba,Single Answer
4854,What was the number of fatalities caused by the vehicle explosive device in the case where Inga Bejer Engh was the prosecutor during a widely publicized court proceeding in 2012?,difficulty-1,eight,Single Answer
4857,The Jargon Society has released publications authored by the originator and chief thinker of which poetic movement?,difficulty-1,Objectivist,Single Answer
4860,"Restoration literature is the English literature written during the historical period commonly referred to as the English Restoration (1660–1689), which corresponds to the last years of the direct Stuart reign, it saw Locke's 'Treatises of Government', the founding of the Royal Society, the experiments and holy meditations of Robert William Boyle, was an Anglo-Irish natural philosopher, chemist, physicist and inventor born in Lismore, County Waterford, in which nation?",difficulty-1,Ireland,Single Answer
4863,John Martin & Co. is responsible for the event that has been referred to as what since 1996?,difficulty-1,Credit Union Christmas Pageant,Single Answer
4866,"Who helmed Revolver, the 2005 crime thriller featuring the English actor Jason Statham?",difficulty-1,Guy Ritchie,Single Answer
4869,Which athletic activity do Pieter Nys and Fortuna Sittard both participate in?,difficulty-1,football,Single Answer
4872,Which UK humorous movie featured Robin Weaver?,difficulty-1,The Inbetweeners 2,Single Answer
4875,Whitney Williams holds a position on the board of a charitable organization alongside Ben Affleck and which additional firm?,difficulty-1,williamsworks,Single Answer
4878,Which artist produced the 'Beguiling of Merlin' and was strongly linked to the latter phase of the Pre-Raphaelite Brotherhood?,difficulty-1,Edward Burne-Jones,Single Answer
4881,Nikolaas Tinbergen was jointly awarded the 1973 Nobel Prize in Physiology or Medicine with the animal behavior expert who hailed from which European country?,difficulty-1,Austrian,Single Answer
4884,"In which collegiate athletic association is the institution that employed a mentor born on September 9th, 1960?",difficulty-1,the Big 12 Conference,Single Answer
4887,"Oliver Boot played a part in the cinematic adaptation of Moliere's work, which initially debuted in which year?",difficulty-1,1664,Single Answer
4890,"""Your Love Had Taken Me That High"" is a track performed by a vocalist who earned multiple Country Music Association accolades for collaborations with which artist?",difficulty-1,Loretta Lynn,Single Answer
4893,What is the distance northward from Salzburg to the Austrian hamlet bearing the same name as a contentious German pale lager?,difficulty-1,33 km,Single Answer
4896,The Grinch is a fictional character created by a writer who passed away in which year?,difficulty-1,1991,Single Answer
4899,Did Nikos Koundouros and the director of 'L.A. Confidential' both work in the film industry?,difficulty-1,yes,Single Answer
4902,"Qwirkle and Evo, are which form of amusement?",difficulty-1,game,Single Answer
4905,Which actor who received an Emmy worked on the film Miles from Home?,difficulty-1,Gary Sinise,Single Answer
4908,"Who succeeded the recipient of the Peabody Award, renowned for hosting NPR's flagship show, in 2004?",difficulty-1,Renée Montagne,Single Answer
4911,What television series is an American-Canadian production featuring Scott Lowell in the role of Ted Schmidt?,difficulty-1,Queer as Folk,Single Answer
4914,"The HMS 'Sussex' was an 80-gun third-rate vessel, part of the naval fleet of the English monarchy, serving which historical realm on the island of Great Britain that originated from Anglo-Saxon kingdoms in the 10th century and later merged with Scotland in 1707 to create the Kingdom of Great Britain?",difficulty-1,Kingdom of England,Single Answer
4917,Arthur Bell participated as a non-professional cricket competitor in which competition recognized for hiring paid athletes?,difficulty-1,Lancashire League,Single Answer
4920,In which year was the female individual whose previous chief of staff was Rachel Noerdlinger born?,difficulty-1,1954,Single Answer
4923,"Regarding the record that features, as per Dave Grohl, his most cherished composition, what was its release date?",difficulty-1,"April 12, 2011",Single Answer
4926,Which protagonist from a Mark Twain story was initially depicted by True Williams?,difficulty-1,"Thomas ""Tom"" Sawyer",Single Answer
4929,"KKWQ-FM is a local radio station serving which region, which coincides with Angle Township?",difficulty-1,The Northwest Angle,Single Answer
4932,"Which individual served in both MI5 and MI6, and commenced his literary career under the pseudonyms Audre Lorde or John le Carré?",difficulty-1,David John Moore Cornwell,Single Answer
4935,"On what date did the UK/Ireland electronic broadcasting network, showcasing Spliced, initially commence operations?",difficulty-1,22 July 2002,Single Answer
4938,The Oxus cobra's venom requires which type of metallic element to function effectively?,difficulty-1,magnesium,Single Answer
4941,The squad Kevin Goldthwaite last represented hold their matches at Providence Park starting from which year?,difficulty-1,2011,Single Answer
4944,Are Naser Mestarihi and Justin Sane both musicians who compose and perform their own songs?,difficulty-1,yes,Single Answer
4947,"Abeliophyllum and Brillantaisia, are varieties of which botanical organisms?",difficulty-1,plants,Single Answer
4950,Which 2004 Nickelodeon series was developed by Sue Rose and featured Molly Hagan in a leading role?,difficulty-1,Unfabulous,Single Answer
4953,Charles Runnington was born in a nation in southern what?,difficulty-1,England,Single Answer
4956,"Chris Vance, is a British performer, and is the second thespian after which English actor, and a former fashion model and competitive diver, to portray Frank Martin?",difficulty-1,Jason Statham,Single Answer
4959,"At which educational institution did the animated figure from 'The Simpsons', voiced by Marcia Wallace, serve as an educator?",difficulty-1,Springfield Elementary School,Single Answer
4962,Kim Warwick and Matt Lucena both participate in which racket sport involving a net?,difficulty-1,tennis,Single Answer
4965,Which writer is renowned for her 'Anne of Green Gables' series: the creator of Avonlea or Jan Karon?,difficulty-1,Lucy Maud Montgomery,Single Answer
4968,Which accolade did the lead performer of The Nativity Story receive at the 2004 Broadcast Film Critics Association Awards?,difficulty-1,Best Young Actor/Actress,Single Answer
4971,La Valentina featured the performer who became the subsequent spouse of which Hollywood legend?,difficulty-1,John Wayne,Single Answer
4974,Effie Crockett is acknowledged for composing the tune inspired by which traditional English folk song?,difficulty-1,Lillibullero,Single Answer
4977,Who helmed the movie featuring 'Held' in its musical score?,difficulty-1,Stephen Frears,Single Answer
4980,"Björn Ulvaeus was a member of a Swedish pop band, established in Stockholm in 1972, as well as co-producer on the movie 'Mamma Mia!' alongside which individual?",difficulty-1,Benny Andersson,Single Answer
4983,"A renowned U.S. theoretical physicist specializing in particle physics and cosmology, also recognized as the Frank B. Baird, Jr., appeared as a guest on a podcast characterized as 'a think tank advocating for science, rationality, and secular principles in public policy and grassroots movements'; in which year did this podcast commence?",difficulty-1,2005,Single Answer
4986,What was the 2013 population of the nation where Fujairah College is situated?,difficulty-1,9.2 million,Single Answer
4989,Which municipality dispatches its pupils to Messalonskee High School and recorded a populace of 1010 in the 2010 census?,difficulty-1,Rome,Single Answer
4992,What is the instrument played by the musician who collaborated with Taj Mahal and N. Ravikiran on Mumtaz Mahal?,difficulty-1,Mohan Veena (slide guitar),Single Answer
4995,In which year was the baseball franchise established where Hal McRae was a player between 1973 and 1987?,difficulty-1,1969,Single Answer
4998,What is the Soninke language interpretation of the title for the democratic nation where Kumasi Airport is located?,difficulty-1,"""Warrior King""",Single Answer
5001,Shere Khan is a fictional Bengal tiger that was the primary adversary in which literary work by Rudyard Kipling?,difficulty-1,The Jungle Book,Single Answer
5004,"Biographic is a weekly comics feature by award-winning cartoonist and illustrator Steve McGarry, the feature is syndicated by Universal Uclick and appears in such publications as The Toronto Sun, an English-language daily tabloid newspaper published in Toronto, Ontario, in which nation?",difficulty-1,Canada,Single Answer
5007,"What other nation was the monarch who introduced Dannebrog, also a ruler for between 1918 and 1944?",difficulty-1,Iceland,Single Answer
5010,"Makers: Women Who Make America showcased a conversation with which television personality, often referred to as the 'Queen of all Media'?",difficulty-1,Oprah Winfrey,Single Answer
5013,Which mathematics educator wrote the publication Fashionable Nonsense?,difficulty-1,Alan Sokal,Single Answer
5016,Mathilde Ludendorff was the spouse of the German commander who triumphed in which pair of conflicts?,difficulty-1,Battle of Liège and the Battle of Tannenberg,Single Answer
5019,"The legislative assembly ('Sejm', 'Sojm', Belarusian: Сойм) initially served as an early governing body in the Grand Duchy of Lithuania. Following the Union of Lublin, which established the Polish–Lithuanian Commonwealth, this institution merged with its Polish counterpart to form a two-chambered governing body. What was the formal designation of this bicameral legislature in the newly formed state?",difficulty-1,Sejm of the Polish–Lithuanian Commonwealth,Single Answer
5022,"Lee Mi-sook (born April 2, 1960) is a South Korean actress, one of the most prominent stars of 1980s Korean cinema. Among her notable works from that period is a 1986 South Korean drama film directed by Lee Doo-yong, titled Mulberry, which is based on the classic story by which author?",difficulty-1,Na Do-hyang,Single Answer
5025,"Elwyn McRoy is a college basketball coach from the U.S. and presently serves as an assistant coach for the men's basketball team at Coppin State University, a historically black institution situated in Baltimore, Maryland. In which nation is this university located?",difficulty-1,United States,Single Answer
5028,"Which duo received an accolade earlier, the Brothers Quay or Alexandra Shiva?",difficulty-1,Brothers Quay,Single Answer
5031,"Catherine Louise Sagal (born January 19, 1954) is an American actress and singer-songwriter, she's known as well for starring in the role of Cate Hennessy, on the show '8 Simple Rules', is an American sitcom, originally featuring which actor as the paternal figure?",difficulty-1,John Ritter,Single Answer
5034,What was the citizenship of the ex-companion of Marco Garibaldi?,difficulty-1,American,Single Answer
5037,A conceptual elucidation of the Wien effect has been suggested by an individual honored with the Nobel Prize in Chemistry in which year?,difficulty-1,1968,Single Answer
5040,Which Native American group did the renowned warrior chief belong to?,difficulty-1,"American Horse (Oglala Lakota: ""Wašíčuŋ Tȟašúŋke"" in Standard Lakota Orthography) (a/k/a ""American Horse the Elder"") (1830–September 9, 1876) was an Oglala Lakota warrior chief renowned for Spartan courage and honor.",Single Answer
5043,"Which city is situated in Hunan province, Huaihua or Qitaihe?",difficulty-1,Huaihua,Single Answer
5046,"Which professional baseball athlete and team leader was born in Ellisville, Mississippi, a town with a population of 4448?",difficulty-1,Harry Francis Craft,Single Answer
5049,Hariharan Pillai Happy Aanu features musical arrangements by which renowned composer from Kerala?,difficulty-1,Stephen Devassy,Single Answer
5052,"Xiaogan and Mingguang, are situated in which sovereign state?",difficulty-1,People's Republic of China,Single Answer
5055,"Which institution was established earlier, Stellenbosch University or the university in Detroit with 13 schools and colleges?",difficulty-1,"Founded in 1868, WSU consists of 13 schools and colleges offering nearly 350 programs to more than 27,000 graduate and undergraduate students",Single Answer
5058,Are a Brandy Alexander and a Paloma both made with the spirit derived from the blue agave plant?,difficulty-1,no,Single Answer
5061,Who was the leader of the Kansas State Wildcats men's basketball program when Michael Beasley spent a season there prior to entering the 2008 NBA draft?,difficulty-1,Bruce Weber,Single Answer
5064,What is the origin of the performer who played Rene Russo's spouse in the 1997 film 'Buddy'?,difficulty-1,Scottish,Single Answer
5067,"Do the musical groups Tool and the artists behind 'Safe and Sound' both originate from the city known for Hollywood, California?",difficulty-1,yes,Single Answer
5070,What creature affected by the Foster's rule is the tiniest deer species in North America?,difficulty-1,Key deer,Single Answer
5073,Who is the professional partner of Yulia Zagoruychenko on the dance floor?,difficulty-1,Riccardo Cocchi,Single Answer
5076,In what year was the infamous arms dealer featured in the 2014 documentary 'The Notorious Mr. Bout' born?,difficulty-1,1967,Single Answer
5079,"What was the team, in which Anton Šťastný competed for 9 seasons, rebranded as following their relocation in 1995?",difficulty-1,Colorado Avalanche,Single Answer
5082,The performer adopting the pseudonym 'Li Ming' appeared alongside Donnie Yen in a 2005 Hong Kong movie helmed by which filmmaker?,difficulty-1,Tsui Hark,Single Answer
5085,"In 1956, the most potent ale in their selection, known as Tripel, was offered at a monastic beer-making establishment located in which nation?",difficulty-1,Belgium,Single Answer
5088,"Which 1982 movie, broadcast in 1983, ranked as the seventh most-watched non-sports program and included Kansas state route K-10?",difficulty-1,The Day After,Single Answer
5091,"Tressie Souders and Padmarajan, what profession do they share?",difficulty-1,film director,Single Answer
5094,"Who is a U.S. reporter and has served as the Literary Editor of 'The Weekly Standard,' Philip Terzian or Derek Sherinian?",difficulty-1,Philip Henry Terzian,Single Answer
5097,"Who is a musician from the United States, Peter Chelsom or the actor from 'Sling Blade'?",difficulty-1,"""Billy Bob"" Thornton",Single Answer
5100,"Did the director of 'Distant Voices, Still Lives' and the creator of 'Wallace and Gromit' share the same country of origin?",difficulty-1,no,Single Answer
5103,"In which year was the musical score for the Austrian-American humorous movie, helmed by Stephen Herek and featuring Charlie Sheen, made available to the public?",difficulty-1,1993,Single Answer
5106,The writer of 'Evolution: A Theory in Crisis' holds a Senior Fellow position at which organization's research division?,difficulty-1,Discovery Institute's Center for Science and Culture,Single Answer
5109,Which educational institution did the Chiefs' all-time leading rusher attend?,difficulty-1,University of Texas,Single Answer
5112,"On what date was the hip-hop artist from the capital of Georgia born, known for the track 'Sneakin'?",difficulty-1,"October 22, 1992",Single Answer
5115,"Which competitor from Bourne, Lincolnshire, England participated in the 1950 BRDC International Trophy?",difficulty-1,Raymond Mays,Single Answer
5118,"Which actress, born in 1976, collaborated on the script for the debut installment of 'Black Mirror'?",difficulty-1,Rashida Jones,Single Answer
5121,"If Cheung Kong Center were to host A Symphony of Lights, what feature of the building would be essential to achieve this?",difficulty-1,coloured lights,Single Answer
5124,The legal representative Geragos was implicated in the controversy that occurred during which ten-year period?,difficulty-1,1990s,Single Answer
5127,Which settlement is shared by both Bucklow and Trafford?,difficulty-1,Partington,Single Answer
5130,"Which team did a Swiss defender, mainly known for playing on the right side of the defense, join in 2013 when he moved to a professional soccer club located in Old Trafford, Greater Manchester, England?",difficulty-1,Saint-Étienne,Single Answer
5133,"Which tabletop game was designed by Reiner Knizia, Junta or the Florentine banking family's namesake?",difficulty-1,Medici,Single Answer
5136,The statistician Walter Francis Willcox was awarded three diplomas from an educational institution located in Massachusetts. Which school granted him these honors?,difficulty-1,Amherst College,Single Answer
5139,"Brisingr is the third installment in the 'Inheritance Cycle', a young adult tetralogy of high fantasy novels penned by which U.S.-based writer?",difficulty-1,Christopher Paolini,Single Answer
5142,Rakekniven was ascended in 1996 by a climber possessing which citizenship?,difficulty-1,American,Single Answer
5145,Who was the leader of the Duke Blue Devils football squad during their games at Wallace Wade Stadium and has received several college football coach of the year honors?,difficulty-1,David Cutcliffe,Single Answer
5148,"Dr. Donald John Pinkava, a botanist who focuses on cacti and succulents and has identified several of their species, holds what title at the public metropolitan research university with five campuses in the Phoenix area and four regional learning centers across Arizona?",difficulty-1,Professor Emeritus,Single Answer
5151,Which 2017 Bollywood crime action movie features the track Zaalima composed by Amitabh Bhattacharya?,difficulty-1,Raees,Single Answer
5154,Which judge on Germany's version of Pop Idol was a U.S. fashion model and dance instructor born in 1957?,difficulty-1,Bruce Darnell,Single Answer
5157,In which East Asian nation was the movie A Taxi Driver first shown?,difficulty-1,South Korea,Single Answer
5160,"What was a song issued in 1959 that reached number 4 on the 'Billboard' Hot 100, performed by a U.S. country-style rock and roll pair, recognized for their steel-string acoustic guitar skills and tight vocal harmonies?",difficulty-1,'Till) I Kissed You,Single Answer
5163,Have the vocalist from Chicago and the frontman of A Day to Remember both performed in a musical group?,difficulty-1,yes,Single Answer
5166,"The 2010–11 Tour de Ski was the 5th edition of the Tour de Ski and took place from 31 December 2010 to which date, Swiss cross-country skier, Dario Cologna won the Men's division?",difficulty-1,9 January 2011,Single Answer
5169,What was the number of inhabitants recorded in the 2010 census for the census-designated location where Max Loughan built a crystal radio?,difficulty-1,"8,777",Single Answer
5172,Meg is an upcoming American film featuring a past what?,difficulty-1,MTV VJ,Single Answer
5175,"In which calendar year was the animated film featuring the mischievous monkey launched, alongside the music label responsible for the film's score?",difficulty-1,2006,Single Answer
5178,What is a 2011 UK action-comedy movie that spoofs the James Bond spy genre and includes a track by the group Primal Scream?,difficulty-1,Johnny English Reborn,Single Answer
5181,Are Ima Robot and Of Montreal musical groups?,difficulty-1,yes,Single Answer
5184,What is the length of the waterway where Wilbur Dam is situated?,difficulty-1,78.5 mi,Single Answer
5187,What is the most heavily traveled Amtrak route that bypasses both Lortorn Station?,difficulty-1,The Northeast Regional,Single Answer
5190,"K. Shivaram Karanth is associated with which traditional performance art that integrates movement, attire, cosmetics, and spoken words?",difficulty-1,Yakshagana,Single Answer
5193,In which year were labor organizations permitted in the nation governed by Tony Blair?,difficulty-1,1871,Single Answer
5196,"The 2006-07 New Orleans/Oklahoma City Hornets season was the team's 5th in the NBA, the Hornets split their games between the New Orleans Arena and the Ford Center, which multi-purpose indoor arena, located in the city's Central Business District, in New Orleans, Louisiana?",difficulty-1,Smoothie King Center,Single Answer
5199,What is the performer who appeared in School Spirit most recognized for?,difficulty-1,surgeon Major Frank Burns,Single Answer
5202,In which Scandinavian nation are both Faxe and Heineken beers produced?,difficulty-1,Denmark,Single Answer
5205,What is the moniker of the aircraft model operated in Malaysian Airlines Flight 370?,difficulty-1,"""Triple Seven""",Single Answer
5208,"A humorous radio program aired on BBC Radio 4 that lampoons current events, in its initial episodes included the voice of a British stand-up comic born in which London district in 1969?",difficulty-1,East Dulwich,Single Answer
5211,"Which gold extraction site is situated in the Bridge River District, Bralorne or the Dome operation?",difficulty-1,Bralorne,Single Answer
5214,Portrait of Wally is a 1912 oil painting by a student of Gustav Klimt whose artwork is recognized for its passion and what?,difficulty-1,raw sexuality,Single Answer
5217,Stephen Williams serves as the head coach of which Lutheran educational institution situated in the capital city of South Australia?,difficulty-1,Immanuel College,Single Answer
5220,"What is the birthdate of this ex-NASA space traveler and a former captain in the U.S. Navy, who authored the book Lost Moon: The Perilous Voyage of Apollo 13?",difficulty-1,"March 25, 1928",Single Answer
5223,What is a compact digital hub and streaming gadget that functions as the playback unit for the iTunes Store?,difficulty-1,Apple TV,Single Answer
5226,"Abraham Roqueñi Iglesias (born April 16, 1978) is a Spanish welterweight kickboxer, he holds notable victories over Andy Souwer, a Dutch welterweight shoot boxer, a two-time K-1 World MAX titleholder, in which years?",difficulty-1,"2005, 2007",Single Answer
5229,Which segment of SOKOM was previously part of the Royal Danish Army?,difficulty-1,Jaeger Corps,Single Answer
5232,Which research institution was involved in the development of the game where the individual credited with inventing the C programming language was mistakenly listed as a collaborator?,difficulty-1,Bell Labs,Single Answer
5235,"Which novelist, the creator of 'Jesus' Son', defeated Mischa Berlinksi for the 2007 National Book Award?",difficulty-1,Denis Johnson,Single Answer
5238,"What role did the previous U.S. president's spouse, who hired Ann M. O'Leary during her partner's term, serve in the Obama administration?",difficulty-1,United States Secretary of State,Single Answer
5241,Who was the filmmaker behind the 2004 movie that included 'Más' by Kinky?,difficulty-1,Tony Scott,Single Answer
5244,What monarch to whom Reverend James MacGregor was appointed chaplain passed away in 1936?,difficulty-1,George V,Single Answer
5247,In which section of the Southeastern Conference did the football team participate where Damontre Lamounte Moore played collegiate football and received All-American recognition?,difficulty-1,Western Division,Single Answer
5250,What is the top-selling novel authored by Ruta Sepetys?,difficulty-1,Between Shades of Gray,Single Answer
5253,Which gaming publication was partially owned by a venture capital firm under Chinese ownership?,difficulty-1,GamePro,Single Answer
5256,"This athlete competed in the premier leagues of Italy, Spain, England, and Germany and is recognized for what attribute?",difficulty-1,his speed on the ball,Single Answer
5259,"The professional soccer team based in Manchester, England, relocated to the City of Manchester Stadium, commonly referred to as the Etihad Stadium due to sponsorship agreements, in which year?",difficulty-1,2003,Single Answer
5262,Both Corydalis and Cedrus belong to which taxonomic rank in the biological classification system?,difficulty-1,genus,Single Answer
5265,Did the author of 'A Death in the Family' and the poet from Germany both receive the Nobel Prize in Literature?,difficulty-1,no,Single Answer
5268,On which broadcasting network could you have seen the performer from 'My Fair Lady' portray a role in 'I Can Hear Your Voice'?,difficulty-1,SBS,Single Answer
5271,"The K-pop news site is headquartered in which municipality located in Bergen County, New Jersey?",difficulty-1,Edgewater,Single Answer
5274,What accolade did a track from the debut Foo Fighters record to include Chris Shiflett earn?,difficulty-1,Grammy Award,Single Answer
5277,"Which performer, humorist, and filmmaker starred in the film that featured Moment by Moment?",difficulty-1,"Mary Jean ""Lily"" Tomlin",Single Answer
5280,Reagan and Give Us Our Skeletons were both what type of cinematic productions?,difficulty-1,film,Single Answer
5283,"Which filmmaker is younger, Del Lord or Wang Xiaoshuai?",difficulty-1,Del Lord,Single Answer
5286,"The Messerschmitt Me 263 'Scholle' (plaice) was a rocket-powered fighter aircraft developed from the Me 163 'Komet' towards the end of, which major global conflict?",difficulty-1,World War II,Single Answer
5289,"Which publication focused on music, was active between 1942 and 2008, and released a collection titled 'The Wild Bunch' in 1984?",difficulty-1,Hit Parader,Single Answer
5292,"Hunter Mountain is the second tallest summit in the Catskills, located in the southeastern region of which American state?",difficulty-1,New York,Single Answer
5295,"Are Fuling District and Qidong, Jiangsu both situated in the People's Republic?",difficulty-1,yes,Single Answer
5298,"Which tap performer, who passed away on August 9, 2003, starred in the film White Nights?",difficulty-1,Gregory Hines,Single Answer
5301,"Steve Jones and Blag Dahlia, what profession do they share that involves vocal performance and often requires mastering techniques like vibrato?",difficulty-1,singer,Single Answer
5304,Diane Roark was falsely accused of divulging details to a journalist from The New York Times who has collaborated on a pair of publications concerning which intelligence organization?,difficulty-1,Central Intelligence Agency,Single Answer
5307,Alain Fossoul occupied this role whose main responsibility is to stop the rival team from netting points,difficulty-1,scoring goals,Single Answer
5310,The national emblem of Ghana created by Theodosia Okoh was officially accepted in what year?,difficulty-1,1957,Single Answer
5313,Which artist composes verses like those found in Glaring Through Oblivion and also fronts the hard rock group System Of A Down?,difficulty-1,Serj Tankian,Single Answer
5316,"Which academic institution is this American football coach currently leading as head coach, who guided the 2013 Boise State Broncos football squad?",difficulty-1,University of Washington,Single Answer
5319,"Blondie is a rock group from the United States established by vocalist Debbie Harry and guitarist Chris Stein. The ensemble produced numerous popular tracks, among which is a song from their fifth album 'Autoamerican' (1980). What is the title of this track by the American pop rock band Blondie?",difficulty-1,Rapture,Single Answer
5322,"This performer from the United States, known for his role in 'Veep,' also appeared in a comedic action movie helmed by Seth Rogen and Evan Goldberg, which drew significant inspiration from what?",difficulty-1,a Vice documentary,Single Answer
5325,Are the Shenandoah Valley Regional Airport and the airfield in Santa Barbara both located within the United States?,difficulty-1,yes,Single Answer
5328,"What is the title of the Tindersticks' musical score for the movie, penned by Denis and Jean-Pol Fargeau, that shares its name with the film?",difficulty-1,Trouble Every Day,Single Answer
5331,"What is the birth name of the artist behind the record launched on July 7, 2017 by Slaughter Gang and Epic Records?",difficulty-1,Shayaa Bin Abraham-Joseph,Single Answer
5334,"Which record did a vocalist from Montenegro, originally from Denmark and born in 1971, put out in the latter part of spring 2008?",difficulty-1,Kosači,Single Answer
5337,"In Terry Pratchett's The Colour of Magic, which actor from Only Fools and Horses, also known for his knighthood, played a leading role?",difficulty-1,Sir David John White,Single Answer
5340,For which movie did the musician responsible for the soundtrack of Interview with the Vampire receive the Oscar?,difficulty-1,Frida,Single Answer
5343,"Which UK legislator from Northern Ireland, affiliated with the Democratic Unionist Party and serving as the MP for East Antrim, holds office in the electoral district referred to as East Antrim?",difficulty-1,Sammy Wilson,Single Answer
5346,"Doloroso, Mississippi is situated on the US roadway that extends for how many miles?",difficulty-1,1400 mi,Single Answer
5349,What kind of expert was the religious leader who invited Rabbi Dovid Povarsky to join the prior two directors of the institution?,difficulty-1,Torah and Talmudic scholar,Single Answer
5352,"A Suitable Girl is an upcoming novel by Vikram Seth, which is a sequel to his 1993 book 'A Suitable Boy'. Vikram Seth (born June 20, 1952) is an Indian novelist and what other literary profession?",difficulty-1,poet,Single Answer
5355,"Created by Jay Joyce, Celabraison is the first album for which musical group?",difficulty-1,Sleeper Agent,Single Answer
5358,The institution of higher education where Peter Charanis held the position of Voorhees Professor of History is located in which U.S. state?,difficulty-1,New Jersey,Single Answer
5361,"Cohousing is a community designed around a shared space, an example being Sættedammen in which Scandinavian nation?",difficulty-1,Denmark,Single Answer
5364,Which reality competition series debuted in 2008 and included a participant known for their role in 'Hannah Montana'?,difficulty-1,Dancing with the Stars,Single Answer
5367,What is the name of the three-starred Michelin dining establishment situated in the second biggest hotel in the U.S.?,difficulty-1,Joël Robuchon,Single Answer
5370,Which individual established the chivalric order that included Gino Cassinis?,difficulty-1,Luigi Einaudi,Single Answer
5373,In what year was the performer who portrayed Nathan Appleby in The Living and the Dead born?,difficulty-1,1986,Single Answer
5376,The historic settlement from Roman times adjacent to Fusaro Lake is currently known as which municipality?,difficulty-1,Bacoli,Single Answer
5379,Do the renowned Frank Pepe Pizzeria Napoletana and the well-known Sarpino's Pizzeria both offer pizza on their menus?,difficulty-1,yes,Single Answer
5382,The ex-congressman from Minnesota's 10th district is currently represented by whom in the US House of Representatives?,difficulty-1,Erik Paulsen,Single Answer
5385,Did the director of 'Scarface' contribute to a greater number of films as a writer compared to Arthur Berthelet?,difficulty-1,yes,Single Answer
5388,The 2017 Supercheap Auto Bathurst 1000 will take place at the circuit known by what pair of official designations?,difficulty-1,Mount Panorama and Wahluu,Single Answer
5391,"What initial ride at Universal Studios Florida, starring Yogi Bear and Boo Boo, was substituted by Jimmy Neutron's Nicktoon Blast?",difficulty-1,The Funtastic World of Hanna-Barbera,Single Answer
5394,Roy Browns running mate in the 2008 Montana gubernatorial election won his current senate seat by defeating which Democratic opponent?,difficulty-1,Amanda Curtis,Single Answer
5397,Dumb Flesh is the third studio release by which electronic music project?,difficulty-1,Blanck Mass,Single Answer
5400,Are both the Aşiyan Museum and the Blue Mosque situated in Istanbul?,difficulty-1,yes,Single Answer
5403,Who was the percussionist for the album 'The Man Who Sold the World' issued in the United States in 1970?,difficulty-1,Mick Woodmansey,Single Answer
5406,"Which South Korean musician, actor, author, and style creator, was part of the rock group F.T. Island that launched their fifth album The Mood?",difficulty-1,Lee Hong-gi,Single Answer
5409,Which significant Albanian music competition did Aurela Gaçe triumph in?,difficulty-1,Kënga Magjike,Single Answer
5412,Leigh Silverman received a nomination for the 2014 Tony Award in the category of Best Direction for a musical adapted from which brief narrative?,difficulty-1,The Ugliest Pilgrim,Single Answer
5415,"In which year was the British performer who appeared alongside David Hemmings and Douglas Wilmer in 'Unman, Wittering and Zigo' born?",difficulty-1,1945,Single Answer
5418,"Which Scottish musician, known for his songwriting and guitar skills, incorporated calypso rhythms into his work and composed the track Hey Gyp?",difficulty-1,Donovan,Single Answer
5421,Who was at the helm of the 2013 horror movie featuring Alexandra Daddario?,difficulty-1,John Luessenhop,Single Answer
5424,The Abbey of Saint-Étienne was established by an heir of which Viking leader?,difficulty-1,Rollo,Single Answer
5427,What is the citizenship of the lead vocalist of New Edition and the drummer of Red Hot Chili Peppers?,difficulty-1,American,Single Answer
5430,In what year did the corporation responsible for creating 'Six Gates Far Away Mon Colle Knight' commence operations?,difficulty-1,in 1986,Single Answer
5433,In which Argentine football league does Augusto Solari currently play as a professional athlete?,difficulty-1,Primera División,Single Answer
5436,Who provided the voice for the animated figure featured in the TV show where Pablo Aurrecochea sports jerseys decorated with its imagery?,difficulty-1,Dan Castellaneta,Single Answer
5439,Which Broadway show featured Jordan Fisher portraying the character of John Laurens?,difficulty-1,Hamilton,Single Answer
5442,What is the name of the enterprise that George Dayton established and Bruce Dayton subsequently grew?,difficulty-1,Target Corporation,Single Answer
5445,"Arlette Roxburgh is renowned for performing a national anthem whose words originate from which poetic work, prior to each New Jersey Devils home match?",difficulty-1,Defence of Fort M'Henry,Single Answer
5448,Márcio Borges hailed from the second most densely inhabited city in which nation?,difficulty-1,Brazil,Single Answer
5451,A crater on the Red Planet is named after the individual who followed whom?,difficulty-1,John Flamsteed,Single Answer
5454,Which 2004 book by Judith Guest details the crime perpetrated by John Norman Collins referred to as the Michigan Murders?,difficulty-1,The Tarnished Eye,Single Answer
5457,Where is a region that features both the Lano Estacado and Buda Limestone geological formations?,difficulty-1,High Plains,Single Answer
5460,Do the lead vocalist of Confederate Railroad and the guitarist of Manic Street Preachers perform together in a musical group?,difficulty-1,no,Single Answer
5463,"Which nation, with its capital and biggest urban center being the hometown of the American artist and music producer Tomo Miličević, is known for its complex political structure and diverse ethnic composition?",difficulty-1,Bosnia and Herzegovina,Single Answer
5466,In which TV series does Katie Cassidy portray the supernatural entity known as Ruby?,difficulty-1,Supernatural,Single Answer
5469,Which individual from the United Kingdom was falsely found guilty of killing television presenter Jill Dando?,difficulty-1,Barry George,Single Answer
5472,In which year was the writer of 'Trading Christmas' born?,difficulty-1,1948,Single Answer
5475,"Which is the ancestor of the dingo, the native Indian stray canine or the Anglo-Français de Petite Vénerie?",difficulty-1,Indian pariah dog,Single Answer
5478,Which U.S. high-end jewelry and specialty store employed Jean Michel Schlumberger?,difficulty-1,Tiffany & Company,Single Answer
5481,What is the number of outlets operated by the American quick-service restaurant chain that was the sponsor of the Subway 400?,difficulty-1,"45,000",Single Answer
5484,Which UK rock group contributed to the success of Quiet Riot's popular track 'Mental Health'?,difficulty-1,Slade,Single Answer
5487,Which mosaic in the principal cathedral of Florence is credited to Gaddo Gaddi?,difficulty-1,Coronation of the Virgin,Single Answer
5490,The pugilist who secured the silver medal in the men's super heavyweight division at the 2016 Summer Olympics was born in which year?,difficulty-1,1985,Single Answer
5493,Which nation are K. R. Kaushik and Narendra Modi citizens of?,difficulty-1,India,Single Answer
5496,Both Martha Stewart Living and Tall Timber Short Lines are categorized as what type of publication?,difficulty-1,magazine,Single Answer
5499,"Which had been in existence for a longer period by 2010, the international beauty pageant or Miss Perú?",difficulty-1,Miss Universe,Single Answer
5502,The firm that produced PDQ Chocolate holds its registered trademark under which corporation?,difficulty-1,Associated British Foods,Single Answer
5505,Who was the spouse of the nobleman who held the positions of Foreign Secretary and Prime Minister between 1955 and 1957?,difficulty-1,Anne Clarissa Eden,Single Answer
5508,Ex-player Darius Maskoliūnas is the coach for which of the most historic basketball clubs in Lithuania?,difficulty-1,Žalgiris Kaunas.,Single Answer
5511,"The track 'From Eden', which peaked at number two on the Irish Singles Chart, is featured on which album that debuted on September 19th?",difficulty-1,Hozier,Single Answer
5514,Who is this former U.S. lawmaker who served as the congressman for Oklahoma's 2nd Congressional District and faced opposition from state legislator Jim Wilson in the Democratic primary on July 27?,difficulty-1,Dan Boren,Single Answer
5517,"Which renowned drama by the Bard of Avon includes the line, 'Et tu, Brute'?",difficulty-1,"Shakespeare's play ""Julius Caesar""",Single Answer
5520,Frederic de Hoffmann aided which Hungarian-born American scientist in the creation of the thermonuclear weapon?,difficulty-1,Edward Teller,Single Answer
5523,"The collection of visual interface operating systems created, promoted, and distributed by the tech giant from Redmond provides what type of assistance to vocalists?",difficulty-1,software for singing training,Single Answer
5526,Which role did Pam Ferris portray in the movie adaptation of a J.K. Rowling book?,difficulty-1,Aunt Marge,Single Answer
5529,The Office of the Federal Register is an office of the United States government within which independent agency responsible for safeguarding and cataloging governmental and historical documents?,difficulty-1,National Archives and Records Administration,Single Answer
5532,"From which album by the iconic thrash metal band does the track, utilized by Niels de Ruiter as his entrance theme, originate?",difficulty-1,Metallica,Single Answer
5535,To which movie genre do both Call Me Kuchu and That's Dancing! pertain?,difficulty-1,documentary film,Single Answer
5538,In which movies does the actress who starred in M.S. Dhoni: The Untold Story appear?,difficulty-1,Hindi and Telugu films,Single Answer
5541,"Johanna Veenstra (1894–1933) was the first missionary of the Christian Reformed Church (CRC) to go to Nigeria, was an ocean liner designed by Leonard Peskett and built by Swan, Hunter & Wigham Richardson for the renowned British shipping company, on October 2, 1919, she left New York City on the RMS Mauretania, was an ocean liner designed by Leonard Peskett, and built by Swan, Hunter & Wigham Richardson, for which maritime organization?",difficulty-1,British Cunard Line,Single Answer
5544,"Which musician entered the world earlier, the co-founder of Belly or Trace Cyrus?",difficulty-1,Tanya Donelly,Single Answer
5547,Do the musical groups 'Halestorm' and 'Say Anything' originate from separate U.S. states?,difficulty-1,yes,Single Answer
5550,The Crocodile Stream feeds into a waterway known by what moniker?,difficulty-1,"""Rhine of North America""",Single Answer
5553,Did Serguei Kouchnerov and Arvid E. Gillstrom both work in the same field?,difficulty-1,yes,Single Answer
5556,Do Clarence Brown and Peter Glenville share the same country of origin?,difficulty-1,no,Single Answer
5559,"The 2003 Seattle Seahawks season was the team's 28th year in the NFL. After this season, which legendary defensive tackle, known for his time with the Minnesota Vikings, ended his career?",difficulty-1,John Anthony Randle,Single Answer
5562,The Tamil horror-comedy 'Yaamirukka Bayamey' is inspired by which late 1990s South Korean movie helmed by Kim Jee-woon?,difficulty-1,The Quiet Family,Single Answer
5565,"Between the two musicians, the former Midnight Oil frontman and Ryo Kawakita, who has had more diverse job experiences?",difficulty-1,Peter Robert Garrett,Single Answer
5568,"Which musical group originating from Savannah, Georgia featured vocalist John Dyer Bailey?",difficulty-1,Baroness,Single Answer
5571,What was the duration of the Underdog program hosted by the British humorist Julian Clary?,difficulty-1,six-week television series,Single Answer
5574,What type of pastime are the specialized items Bookchase and San Marco?,difficulty-1,board game,Single Answer
5577,"Born on the Fourth of July is a 1989 American biographical war drama film based on the best-selling autobiography of the same name by which Vietnam War veteran, and an American anti-war activist, author, and ex-United States Marine Corps sergeant, who was injured and left paralyzed?",difficulty-1,"Ronald Lawrence ""Ron"" Kovic",Single Answer
5580,In which year was the piece Lux Aurumque created?,difficulty-1,1970,Single Answer
5583,Which literary work served as the foundation for the 1965 movie featuring the character Agent Zeke Kelso?,difficulty-1,Undercover Cat,Single Answer
5586,Which municipality in Franklin county was represented by Bruce Bryant?,difficulty-1,Jay,Single Answer
5589,"In which financial turmoil was the acronym PIGS employed to denote the struggling economies of Portugal, Ireland, Greece, and Spain, four nations within the European Union?",difficulty-1,The European debt crisis,Single Answer
5592,"Which show debuted earlier, Auction Kings or the reality program featuring a Las Vegas pawn shop?",difficulty-1,Pawn Stars,Single Answer
5595,Were both Ted Tetzlaff and David Siegel performers in movies?,difficulty-1,no,Single Answer
5598,What movie title do J. F. Lawton and Shawn Levy share as creators?,difficulty-1,producer,Single Answer
5601,"Jolen belongs to which category of individuals, crafted by Marvel Comics, that possess abilities beyond normal human limits?",difficulty-1,superhumans,Single Answer
5604,What is the title of the covertly recorded album by the legendary musician David Bowie?,difficulty-1,Blackstar,Single Answer
5607,In which year was the educational institution located in Montgomery where the father of Mabel Murphy Smythe-Haith served as an instructor established?,difficulty-1,1867,Single Answer
5610,"As of 2016, which musical group had a larger discography, The Last Shadow Puppets or the Seattle-based alternative rock band?",difficulty-1,The Classic Crime,Single Answer
5613,"Which year marked the earlier occurrence, the launch of the Vessel or the introduction of the Debut?",difficulty-1,1993,Single Answer
5616,"Otryadyn Gündegmaa, a Mongolian sports shooter, participated in the 10 m and 25 m pistol events during the 1996 Summer Olympics, officially termed the Games of the XXVI Olympiad and colloquially known as the Centennial Olympic Games. This major international multi-sport event was hosted in Atlanta, Georgia, from July 19 to August 4, 1996. In which nation did this occur?",difficulty-1,United States,Single Answer
5619,"Ettore or Edoardo Ettore Forti was an Italian artist, known for his detailed Neo-Pompeian portrayals of Ancient Roman life, a style that gained traction in the late-Victorian era, much like the works of Lawrence Alma-Tadema, who hailed from Dronrijp. In which nation was Alma-Tadema born?",difficulty-1,Netherlands,Single Answer
5622,Which member of Joe Perry's musical group collaborated on the song 'Monkey On My Back' and earned the nickname 'Demon of Screamin'?,difficulty-1,Steven Tyler,Single Answer
5625,What group is the present Congressperson from Texas's 6th district affiliated with?,difficulty-1,Tea Party Caucus,Single Answer
5628,Vladimir Yaroshenko performed as a soloist under the artistic director who led Russian ballet for how many years?,difficulty-1,30,Single Answer
5631,"Martha Graham, the renowned American modern dancer and choreographer whose innovative style transformed dance globally, was born on what date? Her signature method, known as the Graham technique, remains a cornerstone of modern dance instruction.",difficulty-1,"May 11, 1894",Single Answer
5634,Lacu is a percussionist from an independent nation in Northern Europe whose inhabitants in 2016 numbered what?,difficulty-1,5.5 million,Single Answer
5637,Which shot-stopper prevented the most accomplished English soccer legend from scoring?,difficulty-1,Jens Lehmann,Single Answer
5640,What is the Gallic designation for the inlet that receives the Big Salon River?,difficulty-1,Baie de Fundy,Single Answer
5643,"In the 2016 romantic drama 'Me Before You' helmed by Thea Sharrock, Sam Claflin (known for his role in The Hunger Games) portrays which quadriplegic protagonist?",difficulty-1,Will Traynor,Single Answer
5646,"The Stage"" is a song by Avenged Sevenfold and the first single from their seventh studio album of the same name, which was released on which date?",difficulty-1,"October 28, 2016",Single Answer
5649,What kind of flora do Cerastium and Pavonia share?,difficulty-1,plants,Single Answer
5652,Are A Tiger Walks and A Kid in King Arthur's Court both movies suitable for children?,difficulty-1,yes,Single Answer
5655,Daniel Heartz is an American musicologist and Professor emeritus of Music at which public research institution situated in the city known for its liberal activism in California?,difficulty-1,"University of California, Berkeley",Single Answer
5658,"On what date was the performer in The Guardians born who is a South Korean vocalist, actor, fashion designer, and television host?",difficulty-1,"September 23, 1991",Single Answer
5661,Are the ancient Greek city-state and the current British monarch both citizens of the same nation?,difficulty-1,no,Single Answer
5664,Ray Winstone starred in which 2005 Franco-British CGI-animated fantasy film adapted from a television show?,difficulty-1,The Magic Roundabout,Single Answer
5667,Which performer starred in the films 'Janie Jones' and 'Signs'?,difficulty-1,Abigail Breslin,Single Answer
5670,What former US soccer player is the head coach of the squad owned by Anthony Precourt and Precourt Sports Ventures LLC?,difficulty-1,Gregg Berhalter,Single Answer
5673,"Between Xinzhou and Guanghan, which urban area in China holds the administrative status of a prefecture-level city?",difficulty-1,Xinzhou () is a prefecture-level city,Single Answer
5676,"South Somercotes is a settlement and administrative division located 8 miles northeast of Louth and roughly 2 miles south of which seaside community in the East Lindsey borough, within the Marshes region of Lincolnshire, England?",difficulty-1,North Somercotes,Single Answer
5679,On which post-Beatles LP by the former bassist of the Fab Four was the track 'No Words' featured?,difficulty-1,fifth,Single Answer
5682,What is the municipality where Victor Estrada was born officially referred to as?,difficulty-1,Heroica Matamoros,Single Answer
5685,"Route 42 extends northwest from the intersection with Route 24, crossing the Northern Transcon of the major freight railroad known as BNSF. Which railway operates this key rail corridor?",difficulty-1,BNSF,Single Answer
5688,Which game studio created the title where Folkenstal showcases weaponry and armor in a cosplay setting?,difficulty-1,ZeniMax Online Studios,Single Answer
5691,How are the actor portraying Selene's love interest and the character Michael Corvin connected?,difficulty-1,Underworld,Single Answer
5694,A 2005 French-language Canadian coming of age drama features artists including an American country music singer who died in the crash of an aircraft owned by which individual?,difficulty-1,Randy Hughes,Single Answer
5697,"Downton is a civil parish in Herefordshire, situated in the northern part of the county and encompassing the village of Downton-on-the-Rock. In which historical document, completed in 1086 as part of the 'Great Survey' covering much of England and parts of Wales, is Downton recorded as 'Duntune', signifying 'hill settlement'?",difficulty-1,Domesday Book,Single Answer
5700,"Which secondary institution did the NFL quarterback, Heisman Trophy recipient, and University of Oklahoma football athlete attend?",difficulty-1,Putnam City North High School,Single Answer
5703,Which performer appeared alongside James Franco in Palo Alto and portrayed Kristina Jung in 'Blow'?,difficulty-1,Emma Roberts,Single Answer
5706,"Stainby is a small village in the South Kesteven district of Lincolnshire, located 2 miles west of the A1 highway, which holds the distinction of being the longest numbered road in which nation?",difficulty-1,UK,Single Answer
5709,"In addition to A Bayou Legend, how many other works did William Grant Still compose?",difficulty-1,"more than 150 works, including five symphonies and eight operas.",Single Answer
5712,"Jim Keller, a renowned microprocessor engineer recognized for his contributions at AMD and Apple, played a role in the development of which 32-bit package-on-package (PoP) system-on-a-chip (SoC) created by the Cupertino-based tech giant and produced by Samsung?",difficulty-1,Apple A4,Single Answer
5715,In which TV show featuring Deborah Ann Woll was a derivative of Marvel's Daredevil?,difficulty-1,The Punisher,Single Answer
5718,"In which city, known for its Victorian architecture and as the largest in Scotland, was the British musician who created the score for The Princess Bride born?",difficulty-1,Glasgow,Single Answer
5721,Do the Braque d'Auvergne and the tawny-coated Breton Griffon both hail from France?,difficulty-1,yes,Single Answer
5724,Amara Karan starred as the romantic lead in the movie directed by a filmmaker of which country?,difficulty-1,American,Single Answer
5727,"Which Golden Globe-nominated performer from the Juilliard School, known for his method acting, starred in the 1986 romantic drama Children of a Lesser God, helmed by Randa Haines?",difficulty-1,William Hurt,Single Answer
5730,"The former Dutch goalkeeper addressed the audience following the pyrotechnics event on April 20, 2014, at the KNVB Cup final. Which squad emerged victorious in that contest?",difficulty-1,Zwolle,Single Answer
5733,The rock band Lynyrd Skynyrd suffered the loss of three members in an aircraft accident involving a leased plane from which firm?,difficulty-1,L&J Company,Single Answer
5736,The Alvarezsauroidea dinosaur group was christened in honor of a physicist awarded the Nobel Prize in Physics during which year?,difficulty-1,1968,Single Answer
5739,"The World's Best Prom and Shape of the Moon, are motion pictures belonging to which category?",difficulty-1,documentary,Single Answer
5742,Jack Harvey was born in a civil parish that as of 2011 had a resident count of what?,difficulty-1,"1,425",Single Answer
5745,Which administrative division in Nevada encompasses both the City of Las Vegas and the College of Southern Nevada?,difficulty-1,Clark County,Single Answer
5748,"Which operator oversees the railway facility catering to a minor settlement and ecclesiastical district in the Pendle district of Lancashire, England, with a populace of 8,200 recorded in 2011?",difficulty-1,Northern,Single Answer
5751,Which broadcaster airs the cartoon developed by Nicholas Boshier?,difficulty-1,Australian Broadcasting Corporation,Single Answer
5754,What was the name of the competition in which the hockey club from Geneva participated before the 2017-2018 season?,difficulty-1,National League A.,Single Answer
5757,"Which performer from Norway appeared in Anton Checkhov's 'Three Sisters' and also in a three-act drama penned by Henrik Ibsen, taking place in Norway circa 1879?",difficulty-1,Gisken Armand Lillo-Stenberg,Single Answer
5760,"Are the Monastery of the Transfiguration, Kinaliada, and the Süreyya Opera House all Eastern Orthodox religious institutions?",difficulty-1,no,Single Answer
5763,"Which of these has its entrance in Piyer Loti Caddesi, the famous Byzantine church or the ancient underground reservoir?",difficulty-1,Theodosius Cistern,Single Answer
5766,"A principal figure in the 2000 novel ""Storm Front"" had her name altered to what when the book series was adapted for television?",difficulty-1,Connie Murphy,Single Answer
5769,Reader's Digest and Scientific American are both examples of what type of periodical?,difficulty-1,magazine,Single Answer
5772,Which do-it-yourself publication is authored by William Gurstelle?,difficulty-1,Make,Single Answer
5775,"Andover, situated in Essex County, Massachusetts, serves as an illustration of a fundamental local governance entity and a subdivision of state jurisdiction in each of the six New England states, typically known in other states by what term?",difficulty-1,cities,Single Answer
5778,"While both vocalists and composers have demonstrated remarkable skill, what distinguishes the performer of 'Addicted to Love' from the frontman of The Flaming Lips, leading him to achieve widespread acclaim across North America and Europe?",difficulty-1,eclectic mix of musical styles,Single Answer
5781,What genre of music do the groups Nada Surf and Madina Lake perform?,difficulty-1,alternative rock,Single Answer
5784,"Which film, Crumb or Cancer, was released earlier?",difficulty-1,Crumb,Single Answer
5787,"The television biographical film Ishi: The Last of His Tribe, inspired by Alfred L. Kroeber's work, focuses on which indigenous group known for their hunter-gatherer lifestyle, kinship-based social structure, and the practice of acorn leaching?",difficulty-1,the Yahi tribe,Single Answer
5790,"What language was the radio station which played oldies from artists such as Leopoldo Dante Tévez, transmitted in?",difficulty-1,Spanish,Single Answer
5793,"What was the scriptwriter, Caroline Thompson, inspired by in a 19th-century English setting for the characters Victor and Emily?",difficulty-1,Corpse Bride,Single Answer
5796,"What was the professional designation of this U.S. engineer and ex-space traveler on the Apollo 11 mission, who motivated the creation of the Moon Landing musical?",difficulty-1,Lunar Module Pilot,Single Answer
5799,"The track ""Good Life"" performed by G-Eazy and Kehlani was featured in the soundtrack of which 2017 action movie helmed by F. Gary Gray?",difficulty-1,The Fate of the Furious,Single Answer
5802,On what date was the athlete selected 15th in the 2011 National Football League draft born?,difficulty-1,"July 24, 1989",Single Answer
5805,"Which individual, Ben Bagdikian or the actor who portrayed Carmine 'The Big Ragu' Ragusa on the sitcom 'Laverne & Shirley', is more renowned for that particular role?",difficulty-1,Eddie Mekka,Single Answer
5808,"Mfon Sunday Udoka, a Nigerian American former professional basketball player and the new Assistant Coach of the Nigeria women's national basketball team the Lady Tigers, is the sister of Ime Sunday Udoka, a Nigerian-American former professional basketball player, and current assistant coach for the San Antonio Spurs. Which premier basketball league does the San Antonio Spurs belong to?",difficulty-1,National Basketball Association (NBA),Single Answer
5811,Fred Mundee went to the state-funded secondary school that was constructed in which year?,difficulty-1,1909,Single Answer
5814,Are the Beyazıt Tower and the miniature park both located in the largest city of Turkey?,difficulty-1,yes,Single Answer
5817,"Which occurred earlier, the Battle of Okinawa or the German offensive in Alsace?",difficulty-1,Operation North Wind,Single Answer
5820,Ezhou and Yangzhong are both urban areas located in which nation?,difficulty-1,China,Single Answer
5823,The 2016 Baylor Bears football squad was invited to which postseason game after their victory over the 2016 Boise State Broncos?,difficulty-1,Cactus Bowl,Single Answer
5826,What do Italians call the condiment that is used inside a BiFi Carazza?,difficulty-1,Salsa di pomodoro,Single Answer
5829,What is the Urdu term for individuals from Afghanistan residing as refugees in nations excluding Iran?,difficulty-1,Afghan Muhajreen,Single Answer
5832,Which luxury car manufacturer's boutique in Beverly Center has its headquarters in Maranello?,difficulty-1,Ferrari,Single Answer
5835,"The creators of 'Editors' and 'Working for a Nuclear Free City', what is their country of origin?",difficulty-1,English,Single Answer
5838,Into the Labyrinth was later broadcast in the U.S. as part of a series whose segments highlighted individuals possessing what extrasensory powers?,difficulty-1,psychic abilities,Single Answer
5841,Talking Smack is a U.S. talk program where previous presenters have featured the reigning Intercontinental titleholder during which of his championship tenures?,difficulty-1,seventh reign,Single Answer
5844,"David J. Wineland shared the 2012 Nobel Prize in Physics with which researcher from France, recognized for his work on the quantum particle associated with illumination?",difficulty-1,Serge Haroche,Single Answer
5847,When did the incident that led to the naming of Rue d'Alésia occur?,difficulty-1,"September, 52 BC",Single Answer
5850,In which Australian metropolis did the United States transport provisions in 1943 under the Lend-lease agreement during World War II?,difficulty-1,Sydney,Single Answer
5853,Eric Jacobson portrayed the puppet persona who belonged to which imaginary musical group?,difficulty-1,Dr. Teeth and The Electric Mayhem,Single Answer
5856,How many international appearances for England did the offspring of Lee Devonshire achieve?,difficulty-1,eight,Single Answer
5859,"On what date did the by-election for a district represented in the UK Parliament's House of Commons, currently served by David Rutley since 2010, take place?",difficulty-1,30 September 1971,Single Answer
5862,"Lucy Elizabeth Fry portrayed the protagonist in a TV show that tracks Eve, a 19-year-old visitor from the United States who is what?",difficulty-1,American tourist,Single Answer
5865,"Jasminum multipartitum is indigenous to which landlocked nation situated in southern Africa, bordered by the Zambezi and Limpopo Rivers?",difficulty-1,Zimbabwe,Single Answer
5868,"At what age was the sibling of supermodel Audrey Kathryn Lindvall, who is also a model, spotted by a talent scout from IMG?",difficulty-1,14 years old,Single Answer
5871,"What is the fifth studio album by the English singer-songwriter George Harrison, issued as the successor to the record that was awarded gold certification by the RIAA within 48 hours of its launch?",difficulty-1,Dark Horse,Single Answer
5874,What genre of movies are 'Transparent' and 'Werner Herzog Eats His Shoe'?,difficulty-1,documentary,Single Answer
5877,In which year did the renowned entertainment venue adjacent to Axeltory first welcome visitors?,difficulty-1,1843,Single Answer
5880,"Which musical group was established first, Better Than Ezra or the Washington-based sludge metal band?",difficulty-1,The Melvins,Single Answer
5883,What is the moniker of the emcee for which 'Winner Take All' is most famous?,difficulty-1,"""Dean of Game Show Hosts""",Single Answer
5886,Steve Peterson portrayed which role in a festive Shakespearean play designed for the conclusion of the Yuletide festivities?,difficulty-1,Aguecheek,Single Answer
5889,The Hoosier Lottery involves the distribution of the lottery game provided by what number of states?,difficulty-1,44,Single Answer
5892,Did the films The Mosuo Sisters and Quantum Hoops come out in the same year?,difficulty-1,no,Single Answer
5895,"The tempest that altered the course of American history, documented in 'BLIZZARD! The Storm That Changed America', is commonly known by what other name?",difficulty-1,Great White Hurricane,Single Answer
5898,Emilio Botin was a financier who led a bank that combined with which financial consortium?,difficulty-1,Santander Group,Single Answer
5901,"Which performer, fashion icon, and vocalist born in 1926 is featured in the movie Golden Hoofs?",difficulty-1,Jane Withers,Single Answer
5904,"What was the population count in the 2011 census for this Lincolnshire, England settlement and ecclesiastical district, traversed by High Dyke road near Colsterworth?",difficulty-1,"1,647",Single Answer
5907,Are the dawn flower and the mountain ash both classifications of flora?,difficulty-1,yes,Single Answer
5910,In which city of the Netherlands can the Peace Palace Library be found?,difficulty-1,"It is located in The Hague, Netherlands, and was established to support the Permanent Court of Justice",Single Answer
5913,Where was the performer who appeared in Trishna alongside Riz Ahmed born?,difficulty-1,"Mumbai, India",Single Answer
5916,"The track 'Boom' includes a performer whose date of birth is January 17, 1971. What is this individual's official name?",difficulty-1,Jonathan Smith,Single Answer
5919,Are the wild hyacinth and the turtlehead both indigenous to the continent that includes the United States?,difficulty-1,yes,Single Answer
5922,What genre of musical group performed a rendition of a hit track that achieved sales of two million units between 1969 and 1970?,difficulty-1,English glam rock band,Single Answer
5925,Are the University of West Florida and FH Joanneum both institutions of higher education located in the United States?,difficulty-1,no,Single Answer
5928,When was the filmmaker behind King of the Dancehall born?,difficulty-1,"October 8, 1980",Single Answer
5931,WERT is a radio station that transmits from its facilities on which coast-to-coast roadway?,difficulty-1,Lincoln Highway,Single Answer
5934,"What is a tune from the 1966 stage production with compositions by Cy Coleman, words by Dorothy Fields and script by Neil Simon, staged and choreographed for Broadway by Bob Fosse featuring his spouse and inspiration Gwen Verdon along with John McMartin, where the protagonist Charity muses about her incredible fortune while hanging out with Vittorio?",difficulty-1,If My Friends Could See Me Now,Single Answer
5937,"What genre of dance music influenced the musical group, 'The Kabalas'?",difficulty-1,Polka,Single Answer
5940,Plastic is a British-American action comedy-crime film featuring an English actress renowned for portraying Hannah Ashworth in which enduring soap opera?,difficulty-1,Hollyoaks,Single Answer
5943,"What series developed by Michael G. Moye and Ron Leavitt was broadcast on May 2, 2006 in Chile?",difficulty-1,Married... with Children,Single Answer
5946,In which year did the action movie featuring the renowned Elizabethan-era English naval commander and privateer debut?,difficulty-1,1962,Single Answer
5949,Which entertainment corporation was behind the creation of The Littlest Outlaw and The Jungle Book?,difficulty-1,Walt Disney,Single Answer
5952,"What Australian retail property firm, operational from 1960 to 2014, owned Westfield Culver City?",difficulty-1,Westfield Group,Single Answer
5955,Which nation is home to both Fetteresso Castle and Cowie Castle?,difficulty-1,Scotland,Single Answer
5958,Which two-time recipient of the Walter Camp Coach of the Year award guided the 2000 Oklahoma Sooners to a triumph in the Orange Bowl?,difficulty-1,Bob Stoops,Single Answer
5961,The host of The Chase started her television career in which Spanish-American teen sitcom?,difficulty-1,"""Out of the Blue""",Single Answer
5964,Bob Scucci was the former Assistant Race and Sports Book Manager at what gaming establishment situated on 63 acres along the Las Vegas Strip?,difficulty-1,Stardust Resort and Casino,Single Answer
5967,"The 1920 NCAA football season had no clear-cut champion, with the 'Official NCAA Division I Football Records Book' listing California, Georgia, Harvard, Notre Dame, and Princeton as national champions. Notre Dame was led by its first Walter Camp All-American, nicknamed 'The Gipper', who passed away before the year concluded. What was this individual's name?",difficulty-1,George Gipp,Single Answer
5970,Are the lead vocalist of SHINee and the frontwoman of The Seekers both vocalists?,difficulty-1,yes,Single Answer
5973,"Who co-starred with the performer who appeared in numerous TV shows spanning over fifty years, including a well-known part as Bret Maverick in a 1959 installment of the Western comedy TV program where a ruthless murderer grows envious?",difficulty-1,Clint Eastwood,Single Answer
5976,"Shanghai Noon marked the first directing role of a filmmaker from the United States, known for works such as Showtime, Failure to Launch, and which additional movie?",difficulty-1,Marmaduke,Single Answer
5979,"Which criminal organization in Chicago were Charles 'Chuckie' Anthony Nicoletti and Salvatore 'Mooney Sam' Giancana, also referred to as Sam Giancana, members of?",difficulty-1,Outfit,Single Answer
5982,Peter Thomas Ward was a member of a squad that underwent an official name change in which year?,difficulty-1,1913,Single Answer
5985,Which writer of Superman: The Wedding Album is recognized for developing the comic book character Booster Gold?,difficulty-1,Dan Jurgens,Single Answer
5988,"Which artist was born earlier, the lead vocalist of Obituary or Tom Barman?",difficulty-1,John Tardy,Single Answer
5991,"The Wrekin is a prominent elevation visible from a distance, even from a 47-story mixed-use high-rise that serves as a landmark. What is the height of this skyscraper?",difficulty-1,554 ft,Single Answer
5994,Party Never Ends is an album by the Romanian vocalist who attended which higher education institution?,difficulty-1,Ovidius University,Single Answer
5997,Who is the creator of The Scarlet Letter and initially appeared in the music industry as the mentee of Missy Elliott?,difficulty-1,Cynthia Karen Loving,Single Answer
6000,In what year was the establishment that possesses The Collegian established?,difficulty-1,1960,Single Answer
6003,In which year was the administrative division established that encompasses Hertfordshire?,difficulty-1,1994,Single Answer
6006,When did the distributor of The Game cease operations?,difficulty-1,1999,Single Answer
6009,In which year was the company responsible for publishing Crux established?,difficulty-1,1998,Single Answer
6012,In which nation was Jan Šindel born?,difficulty-1,Czech Republic,Single Answer
6015,Which urban center is the individual who expanded the theory of linguistic philosophy from?,difficulty-1,Copenhagen,Single Answer
6018,In what year was the MLB franchise that clinched the 2015 Fall Classic established?,difficulty-1,1969,Single Answer
6021,In which city did the director of Baldevins bryllup pass away?,difficulty-1,Copenhagen,Single Answer
6024,Who served as the inaugural leader of the organization responsible for drafting the ethical guidelines for the study of the mind?,difficulty-1,G. Stanley Hall,Single Answer
6027,Which prominent metropolis in Russia lies adjacent to the aquatic expanse where Saaremaa is situated?,difficulty-1,Saint Petersburg,Single Answer
6030,In what year was the company that employed John J. Collins founded?,difficulty-1,1822,Single Answer
6033,When did the U.S. President announce the military engagement that led to Kerry's critique in the 2004 election?,difficulty-1,2003,Single Answer
6036,What is the institution of higher learning that Francis Walsingham was a member of an example of?,difficulty-1,college of the University of Cambridge,Single Answer
6039,What category of higher education institution did the college Kyeon Mi-ri enroll in belong to?,difficulty-1,private university,Single Answer
6042,In which year was the founder of The Insider's Guide to the Colleges born?,difficulty-1,1878,Single Answer
6045,In what year was the area served by the Royal Institute of British Architects' Cambridge regional division established?,difficulty-1,1994,Single Answer
6048,What's the significance of the title of the institution that excludes the Mahayava texts from its teachings?,difficulty-1,The School of the Elders,Single Answer
6051,At which institution did the filmmaker responsible for the lyrics of A Time for Singing receive their education?,difficulty-1,Northwestern's School of Communication,Single Answer
6054,In which year did the nation previously referred to as Zaire gain its sovereignty?,difficulty-1,1960,Single Answer
6057,In which city did the architect of Peter and Paul Fortress pass away?,difficulty-1,Saint Petersburg,Single Answer
6060,When did the television channel that broadcasts Alt for Norge begin operations?,difficulty-1,1988,Single Answer
6063,Which forces were unable to reclaim what the French considered crucial for their protection?,difficulty-1,the Russian defences,Single Answer
6066,What is the professional domain of the individual who introduced the contemporary synthetic theory of evolution?,difficulty-1,bio,Single Answer
6069,When did production commence for the installment of Grey's Anatomy featuring Derek's demise?,difficulty-1,"filming for the eleventh season would begin on July 25, 2014",Single Answer
6072,In what year did the producer of a step-counting device for the iPod go public on the stock market?,difficulty-1,1980,Single Answer
6075,Which music company released the track featuring the vocalist who performed Beauty and the Beast alongside Celine Dion?,difficulty-1,Capitol Records,Single Answer
6078,Which institution employed the Iranian researcher who collaborated on developing the initial gas laser?,difficulty-1,M.I.T.,Single Answer
6081,How many consecutive titles were secured by the athlete who participated in the highest number of NBA championship series?,difficulty-1,eight,Single Answer
6084,In which tongue is the lead actor of Koyelaanchal proficient?,difficulty-1,Hindi,Single Answer
6087,"What stringed instrument, known for its use of the bow, did the performer for Vi skall fara bortom månen utilize?",difficulty-1,violin,Single Answer
6090,In which year did the assembly that convened in 1949 approve the cybercrime treaty?,difficulty-1,2001,Single Answer
6093,In which year did the creator of the seventh installment of the fantasy series Game of Thrones start composing The Winds of Winter?,difficulty-1,2010,Single Answer
6096,"What languages are spoken, written or signed by the individual associated with the Schiff test?",difficulty-1,Italian,Single Answer
6099,What language did the head of the most moderate group use?,difficulty-1,Chinese,Single Answer
6102,In which year did most of the intellectual property rights managed by the representative from Italy's patent agency reach their termination date?,difficulty-1,2015,Single Answer
6105,What tongue is employed by the individual after whom the Panizzi lectures are named?,difficulty-1,Italian,Single Answer
6108,What is the mother tongue of the individual responsible for rendering Plato's writings into Latin?,difficulty-1,Italian,Single Answer
6111,What did Hermann Göring think the individual he declined to collaborate with during 1940 and 1941 would achieve with additional backing?,difficulty-1,control of more Luftwaffe units,Single Answer
6114,Who was the leader of the assembly that appealed to the monarch of England to acknowledge the liberties of settlers when the proclamation of independence was ratified?,difficulty-1,President John Hancock,Single Answer
6117,"In which metropolis, known for its strategic position straddling two continents and once called Constantinople, did Kara Vâsıf Bey pass away?",difficulty-1,Istanbul,Single Answer
6120,"Which languages can the lead actor of Accident on Hill Road communicate in, either verbally, in writing, or through gestures?",difficulty-1,Hindi,Single Answer
6123,In which year did the host country of the Eiffel Tower organize the championship finals involving Samoa for nearly three decades?,difficulty-1,2007,Single Answer
6126,In what year did the company responsible for Roald Dahl's Guide to Railway Safety stop operating?,difficulty-1,2001,Single Answer
6129,When was the establishment of the firm that launched Poptropica?,difficulty-1,1998,Single Answer
6132,In which year did the provider of Poptropica commence operations?,difficulty-1,1998,Single Answer
6135,What is the origin of the waterway that supplies the majority of water to Southern California?,difficulty-1,La Poudre Pass,Single Answer
6138,In which year was the institution of higher learning that Elizabeth Harwood was a student at established?,difficulty-1,1972,Single Answer
6141,What is the number of inhabitants in the urban area where the Olympic flame ceremony took place in Vietnam?,difficulty-1,"8,426,100",Single Answer
6144,Who is the partner of one of the performers who have held concerts in the stadium?,difficulty-1,David Furnish,Single Answer
6147,"What kind of settlement is the administrative division where Norbert Pfretzschner passed away, an example of?",difficulty-1,comune,Single Answer
6150,During which U.S. war did the renowned military force of the Southern states participate?,difficulty-1,American Civil War,Single Answer
6153,The educational institution where Mushtaq Minhas graduated is an illustration of which category of higher education establishment?,difficulty-1,private university,Single Answer
6156,What is the literacy rate in the primary urban center close to where Guerra was killed?,difficulty-1,98%,Single Answer
6159,Which war featured the most renowned Confederate military force?,difficulty-1,American Civil War,Single Answer
6162,What is the designation of the aviation hub in the metropolis where the torch ceremony occurred in Vietnam?,difficulty-1,Tân Sơn Nhất International Airport,Single Answer
6165,When was the educational institution attended by Rosalind Plowright established?,difficulty-1,1972,Single Answer
6168,What is the reading proficiency percentage in the recently established government center established in 1709?,difficulty-1,98%,Single Answer
6171,What year marked the conclusion of production for the White armored vehicle?,difficulty-1,1980,Single Answer
6174,Which group did the artists from Kassetten work alongside?,difficulty-1,the Birthday Party,Single Answer
6177,Which higher education institution is Anthony Marten's academic institution affiliated with?,difficulty-1,college of the University of Cambridge,Single Answer
6180,In which year did the manufacturer of the White armored vehicle cease operations?,difficulty-1,1980,Single Answer
6183,Which higher education institution is the academic establishment where Roland Moyle studied affiliated with?,difficulty-1,college of the University of Cambridge,Single Answer
6186,What does the acronym of the organization that formally acknowledged women's soccer in 1971 represent?,difficulty-1,European Championship,Single Answer
6189,What does the four-letter acronym of the body that encompasses the Gibraltar Football Association represent?,difficulty-1,European Championship,Single Answer
6192,From which franchise did the squad that clinched the 2007 MLB World Series acquire Brandon Phillips?,difficulty-1,Los Angeles Angels,Single Answer
6195,What is the designation of the water body supplied by the stream that the Vyatka merges with?,difficulty-1,Kuybyshev Reservoir,Single Answer
6198,Which actor portrays the individual with the most prominent autograph on the declaration of independence in Sons of Liberty?,difficulty-1,Rafe Spall,Single Answer
6201,From which dynasty does the current monarch of Saudi Arabia originate?,difficulty-1,Al Saud,Single Answer
6204,When did the primary water source for Southern California begin carving out the Grand Canyon?,difficulty-1,about 5 to 6 million years ago,Single Answer
6207,In which year did the airline group that includes Novair International Airways disband?,difficulty-1,1995,Single Answer
6210,Which NFL franchise did the athlete belong to when they recorded the initial touchdown in the inaugural Super Bowl?,difficulty-1,Green Bay Packers,Single Answer
6213,How did Japan defeat the nation whose administration disputed the terminology for the flame path?,difficulty-1,First Sino-Japanese,Single Answer
6216,What is the primary language utilized by the filmmaker behind Thenum Vayambum?,difficulty-1,Hindi,Single Answer
6219,In which location was the individual who established the American Institute of public opinion in 1935 born?,difficulty-1,Jefferson,Single Answer
6222,Which administrative division encompasses the state that includes Wonderland Village?,difficulty-1,Wayne County,Single Answer
6225,What tongue is employed by the filmmaker of Tiffany Memorandum?,difficulty-1,Italian,Single Answer
6228,What is the dynasty of the present ruler of Saudi Arabia?,difficulty-1,Al Saud,Single Answer
6231,Which band did the artists from the ensemble that first played Kollaps work alongside?,difficulty-1,the Birthday Party,Single Answer
6234,In which administrative division is the fast-food restaurant featured in Harold and Kumar's adventure located?,difficulty-1,Camden County,Single Answer
6237,In which year did the discipline Montini earn a doctoral degree in confirm celibacy among clergy members?,difficulty-1,1983,Single Answer
6240,Who was the inaugural Muslim leader chosen as the head of the political organization that established governance in the North-West Frontier Province following the 1937 polls?,difficulty-1,Badruddin Tayyab Ji,Single Answer
6243,When did the elevated green spaces above the metropolis housing the Albert Memorial and Royal Albert Hall become accessible to visitors?,difficulty-1,1980s,Single Answer
6246,What was the mother tongue of the architect who designed Sacro Cuore di Cristo Re?,difficulty-1,Italian,Single Answer
6249,During which calendar year was the practice of celibacy among clergy members officially upheld in the ecclesiastical regulations that the apostle Paul had earlier sought to modify?,difficulty-1,1983,Single Answer
6252,Who was the leader of the United States after the occurrence that came after Joseph Schumpeter and Norman Angell's most productive period of writing?,difficulty-1,Thomas Woodrow Wilson,Single Answer
6255,In what year did the leader of Yugoslavia initially meet the individual who asserted sovereignty over Eritrea and Italian Somaliland in correspondence with Franklin D. Roosevelt?,difficulty-1,1954,Single Answer
6258,During which period did The Presbyterian Church in the nation whose administration disputed the terminology for the torch route witness significant membership expansion?,difficulty-1,era of Guomindang,Single Answer
6261,"During the conflict that occurred after Joseph Schumpeter's and Norman Angell's most productive writing era, where was the opening German advance on the Western Front halted?",difficulty-1,First Battle of the Marne,Single Answer
6264,In which Brazilian city did the writer of Ressurreição pass away?,difficulty-1,Rio de Janeiro,Single Answer
6267,Who is the offspring of Franz Liszt's paramour?,difficulty-1,Cosima Wagner,Single Answer
6270,"During which years did the philosopher who declared 'I think, therefore I am' exist?",difficulty-1,1596-1650,Single Answer
6273,In what year was the music company responsible for Lovely Creatures established?,difficulty-1,2003,Single Answer
6276,In which year did the company that produced the CMA CGM Vela cease operations?,difficulty-1,1999,Single Answer
6279,In what year did the organization that bestows the Elliott Cresson Medal commence operations?,difficulty-1,1824,Single Answer
6282,In which year did the firm responsible for constructing the K200 KIFV cease operations?,difficulty-1,1999,Single Answer
6285,In which metropolis did the writer of Quincas Borba pass away?,difficulty-1,Rio de Janeiro,Single Answer
6288,In which city did the writer of Posthumous Memoirs pass away?,difficulty-1,Rio de Janeiro,Single Answer
6291,To which location was the educational institution where Chopin's father secured a teaching role relocated?,difficulty-1,Kazimierz Palace,Single Answer
6294,The individual who devised the system of rectangular coordinates lived from what year to what year?,difficulty-1,1596-1650,Single Answer
6297,In what year did the organization that bestows the John Price Wetherill Medal commence operations?,difficulty-1,1824,Single Answer
6300,"During which years did the philosopher who declared 'I think, therefore I am' exist?",difficulty-1,1596-1650,Single Answer
6303,What music label does the vocalist from 4 Non Blondes belong to?,difficulty-1,Custard Records,Single Answer
6306,When was the music company that issued Buried In Your Black Heart established?,difficulty-1,2003,Single Answer
6309,Which dynasty is the mother of Louise of Great Britain a member of?,difficulty-1,House of Hohenzollern,Single Answer
6312,On what date did the squad that defeated the New England Patriots in the championship game have a winless record of 0-5?,difficulty-1,October 6,Single Answer
6315,Which music label represents the vocalist of 4 Non Blondes?,difficulty-1,Custard Records,Single Answer
6318,In what year was the institution responsible for awarding the Frank P. Brown Medal established?,difficulty-1,1824,Single Answer
6321,In which year did the squad that defeated the New England Patriots in the championship game last claim the Vince Lombardi Trophy?,difficulty-1,2011,Single Answer
6324,Who is the offspring of the organizer of the event where Frédéric met George Sand?,difficulty-1,Cosima Wagner,Single Answer
6327,What is the lineage of the mother of Prince George William of the United Kingdom?,difficulty-1,House of Hohenzollern,Single Answer
6330,"Which dynasty is the mother of Anne, Princess Royal and Princess of Orange affiliated with?",difficulty-1,House of Hohenzollern,Single Answer
6333,Who was the initial leader from the faction succeeding the Anti-Administration Party?,difficulty-1,Jefferson,Single Answer
6336,In which year did the squad that defeated the Patriots claim the Super Bowl victory?,difficulty-1,2011,Single Answer
6339,During what period did the Polish composer receive instruction at the institution where Chopin's paternal figure formerly held a faculty role?,difficulty-1,1823 to 1826,Single Answer
6342,Who was the mother of the woman who hosted the gathering where Chopin encountered George Sand?,difficulty-1,Cosima Wagner,Single Answer
6345,In which year did the organization responsible for overseeing the Presidential Library system gain autonomy?,difficulty-1,1985,Single Answer
6348,"In what year did the automobile company from South Korea, which acquired the facility in 1995, cease operations?",difficulty-1,1999,Single Answer
6351,What was a remarkable creation by the architect of the Chet Holifield Federal Building?,difficulty-1,Transamerica Pyramid,Single Answer
6354,Which educational institution currently encompasses the location where Chopin's father was employed as an instructor during that era?,difficulty-1,Warsaw University,Single Answer
6357,In which year did the baseball squad featuring Gerónimo Berroa secure their most recent championship?,difficulty-1,1993,Single Answer
6360,In what year did the baseball squad featuring Junior Félix secure their most recent Fall Classic victory?,difficulty-1,1993,Single Answer
6363,Who was the initial leader from the recently developed political faction Jeremiah Morrow belonged to?,difficulty-1,Jefferson,Single Answer
6366,In which city did the creator of Honeyburst first see the light of day?,difficulty-1,Copenhagen,Single Answer
6369,Which entertainment company released the production featuring Bosko?,difficulty-1,Warner Bros.,Single Answer
6372,Which entertainment conglomerate released the animated series featuring Barnyard Dawg?,difficulty-1,Warner Bros.,Single Answer
6375,Which entertainment company was responsible for the production of the series A-Haunting We Will Go?,difficulty-1,Warner Bros.,Single Answer
6378,The municipality where Renzo Zorzi passed away is an example of what?,difficulty-1,comune,Single Answer
6381,Which entertainment company is responsible for the production of the series Acme Animation Factory?,difficulty-1,Warner Bros.,Single Answer
6384,When did the individual who oversaw the creation and execution of the iPod's interface pass away?,difficulty-1,2011,Single Answer
6387,What tongue was employed by the writer of Train to Pakistan?,difficulty-1,English language,Single Answer
6390,The municipality housing WNZK is situated in which administrative division?,difficulty-1,Wayne County,Single Answer
6393,What tongue was employed by the mother of Renana Jhabvala?,difficulty-1,English language,Single Answer
6396,In which year did the individual who acknowledged that Apple was tardy to the scene with recordable compact disc innovation pass away?,difficulty-1,2011,Single Answer
6399,In which administrative division is the municipality located where KZOI holds its broadcasting license?,difficulty-1,Dakota County,Single Answer
6402,What is the native tongue of the filmmaker behind Teesri Manzil?,difficulty-1,Hindi,Single Answer
6405,In which administrative division did the tragic death of Brandon Teena occur?,difficulty-1,Allen County,Single Answer
6408,Who was the leader of the United States right after the initial worldwide conflict that saw the widespread adoption of indoor plumbing in America?,difficulty-1,Thomas Woodrow Wilson,Single Answer
6411,Which military commander directed the troops that subsequently advanced far into Poland's lands?,difficulty-1,Marshal Mikhail Tukhachevsky,Single Answer
6414,Where did the initial German offensive occur during the conflict just before toilets became widespread in London?,difficulty-1,First Battle of the Marne,Single Answer
6417,In what year did the manufacturer of the SS.11 missile cease operations?,difficulty-1,1970,Single Answer
6420,In which year did the creator of the SS.11 missile conclude?,difficulty-1,1970,Single Answer
6423,In which year did the corporation responsible for producing the AA.20 cease operations through a merger?,difficulty-1,1970,Single Answer
6426,In what year did the producer of the SS.11 cease operations?,difficulty-1,1970,Single Answer
6429,In which year did production cease for the Hudson Wasp automobile?,difficulty-1,1954,Single Answer
6432,What was the final year of the corporation that manufactured the Hudson Commodore?,difficulty-1,1954,Single Answer
6435,What year marked the conclusion of the corporation that manufactured the Hudson Commodore?,difficulty-1,1954,Single Answer
6438,In which year did the manufacturer of the Hudson Wasp cease production?,difficulty-1,1954,Single Answer
6441,Which music company released the works of the composer behind Up on Cripple Creek?,difficulty-1,Capitol Records,Single Answer
6444,Which institution employs the individual who advocated for the maximum benefit for the majority?,difficulty-1,New York University,Single Answer
6447,Which force disarmed the combined body of all Estonia military?,difficulty-1,the Red Army,Single Answer
6450,In what year did the producer of the Nord 1500 Griffon cease operations?,difficulty-1,1970,Single Answer
6453,In what year did the military power responsible for introducing armored vehicles to the fronts of the Great War occupy the territory?,difficulty-1,1773,Single Answer
6456,Which corporation possesses the firm responsible for releasing the TCM Vault Collection?,difficulty-1,Warner Bros.,Single Answer
6459,In which year did production of the Hudson Greater Eight cease?,difficulty-1,1954,Single Answer
6462,Which entertainment conglomerate is the proprietor of the production company behind Scooby-Doo and the Ghoul School?,difficulty-1,Warner Bros.,Single Answer
6465,Who was the initial torch carrier in the location where Manuel John Johnson originated?,difficulty-1,Leong Hong Man,Single Answer
6468,The composer of The Night They Drove Old Dixie Down is signed to which music company?,difficulty-1,Capitol Records,Single Answer
6471,Which recording company is the artist who composed 'The Day They Drove Old Dixie Down' associated with?,difficulty-1,Capitol Records,Single Answer
6474,In what year did the armed forces that first deployed tanks during World War I begin utilizing the SA80 rifle?,difficulty-1,1987,Single Answer
6477,Which institution employs the author of the book Animal Liberation?,difficulty-1,New York University,Single Answer
6480,In which administrative division is the radio station WGLB situated?,difficulty-1,Waukesha County,Single Answer
6483,During what period did the military force that first deployed armored vehicles in World War I begin adopting earth-toned uniforms?,difficulty-1,early 1900s,Single Answer
6486,On what date did the Olympic flame journey to the hometown of Manuel John Johnson?,difficulty-1,May 3,Single Answer
6489,In which administrative division can you locate WWGC?,difficulty-1,Marshall County,Single Answer
6492,What administrative division is the city CFLT-FM situated within?,difficulty-1,Halifax Regional Municipality,Single Answer
6495,Which music company released the works of the composer behind The Night They Drove Old Dixie Down?,difficulty-1,Capitol Records,Single Answer
6498,What tongue was spoken by the performer in Black Emanuelle?,difficulty-1,Italian,Single Answer
6501,How many occasions did the victor of the 2015 Royal Rumble secure the WWE title?,difficulty-1,three,Single Answer
6504,In which area is Lewis Croft's city of death situated?,difficulty-1,Bingham County,Single Answer
6507,"What language is spoken, written or signed by the performer who withdrew from the relay event?",difficulty-1,Hindi,Single Answer
6510,How many WWE titles did the victor of the 2018 WWE elimination chamber secure?,difficulty-1,three,Single Answer
6513,Who was the initial individual to bear the flame in the location where Manuel John Johnson was born?,difficulty-1,Leong Hong Man,Single Answer
6516,How many instances did the victor of the 2018 WWE Elimination Chamber secure the WWE title?,difficulty-1,three,Single Answer
6519,What tongue is used by the performer who opted out of the event on April 15?,difficulty-1,Hindi,Single Answer
6522,How many instances did the victor of the 7 participant elimination chamber bout secure the WWE title?,difficulty-1,three,Single Answer
6525,"How many instances has the grappler who emerged victorious in the WWE Elimination Chamber event of 2018, secured the WWE Championship?",difficulty-1,three,Single Answer
6528,What tongue is spoken by the performer in Emanuelle and the White Slave Trade?,difficulty-1,Italian,Single Answer
6531,How many pupils are enrolled at the institution that possesses Benficence?,difficulty-1,"22,513 students",Single Answer
6534,What is the student population at the institution where the statue of Beneficence stands?,difficulty-1,"22,513 students",Single Answer
6537,Who is the maternal parent of the scriptwriter of Fatal Attraction?,difficulty-1,Melissa Stribling,Single Answer
6540,When was the establishment of the music company that distributed W?,difficulty-1,2001,Single Answer
6543,Who is the parent of the filmmaker behind Rogue Trader?,difficulty-1,Melissa Stribling,Single Answer
6546,When was the establishment of the music label associated with Planningtorock?,difficulty-1,2001,Single Answer
6549,What is the student population at the institution housing the Frog Baby Fountain?,difficulty-1,"22,513 students",Single Answer
6552,When did the individual who stepped down following the assassination attempt on Napoleon pass away?,difficulty-1,1865,Single Answer
6555,In which year was the music company of Factory Floor founded?,difficulty-1,2001,Single Answer
6558,What is the student population at the institution housing the Frog Baby Fountain?,difficulty-1,"22,513 students",Single Answer
6561,Which title is used for the leader of the organization that has consistently opposed Freemasonry?,difficulty-1,"the Bishop of Rome, who is known as the Pope",Single Answer
6564,In which year did the individual who stepped down following the assassination plot against Napoleon pass away?,difficulty-1,1865,Single Answer
6567,Which actor portrays the originator of Gradgrind in the film about the inception of Christmas?,difficulty-1,Dan Stevens,Single Answer
6570,The vocalist behind 'You don't know her like I do' entered this world in which municipality?,difficulty-1,Jefferson,Single Answer
6573,Where were the people who imposed military might on Tibet in the past trying to raise?,difficulty-1,Ming China,Single Answer
6576,Who established the homeland of Titus Lucretius Tricipitinus?,difficulty-1,L. Junius Brutus,Single Answer
6579,Which music company was the composer of the Charlie Brown theme song affiliated with?,difficulty-1,Warner Bros.,Single Answer
6582,Which music company released the track performed by the vocalist of Cast Your Fate to the Wind?,difficulty-1,Warner Bros.,Single Answer
6585,Why were the Uighurs ranked higher by the people who imposed on the military might of Tibet in the past?,difficulty-1,the Uighurs surrendered peacefully without violently resisting,Single Answer
6588,"On what date did the exhibition hall dedicated to the conflict, in which the capital of Massachusetts played a significant role, commence operations?",difficulty-1,"April 19, 2017",Single Answer
6591,Which music company released the album by the vocalist of Wings of a Dove?,difficulty-1,Capitol Records,Single Answer
6594,Where was the individual who composed the track 'My Kinda Party' by Jason Aldean born?,difficulty-1,Jefferson,Single Answer
6597,When did the institution where Danny Manning was a student begin awarding engineering diplomas?,difficulty-1,1873,Single Answer
6600,Which music company does the vocalist of Wings of Snow White Dove record under?,difficulty-1,Capitol Records,Single Answer
6603,On what date did the United Kingdom vote to depart from the political and economic union that entirely encloses Switzerland and Liechtenstein since 1995?,difficulty-1,23 June 2016,Single Answer
6606,In which year did the Scandinavian nation become a member of the alliance that has entirely encircled Switzerland and Liechtenstein since 1995?,difficulty-1,1972,Single Answer
6609,"In the film about the creator of Christmas, which actor portrays the writer of Barnaby Rudge?",difficulty-1,Dan Stevens,Single Answer
6612,Which actor portrays the creator of A Christmas Carol in The Man who Invented Christmas?,difficulty-1,Dan Stevens,Single Answer
6615,In which city can the headquarters of the squad that includes Tonny Brogaard be found?,difficulty-1,Copenhagen,Single Answer
6618,What event signaled the conclusion of the homeland of Titus Lucretius Tricipitinus?,difficulty-1,establishment of the Roman Empire.,Single Answer
6621,Where did the revolutionaries reside during the conflict where the capital of Massachusetts was the site of numerous significant occurrences?,difficulty-1,the Thirteen Colonies,Single Answer
6624,When did the individual Victoria brought back to office after her dissatisfaction with Derby in June of 1859 pass away?,difficulty-1,1865,Single Answer
6627,Where were the founders of the Sakya regime's vice royalty attempting to elevate?,difficulty-1,Ming China,Single Answer
6630,At which venue did the champion of the previous year's global championship compete prior to moving to Wrigley Field?,difficulty-1,West Side Grounds,Single Answer
6633,In which region did the revolutionaries reside during the conflict after which Boston emerged as one of the most prosperous global harbors?,difficulty-1,the Thirteen Colonies,Single Answer
6636,What is widely regarded as the occurrence that concluded the nation where Titus Lucretius Tricipitinus was a citizen?,difficulty-1,Roman Senate's grant of extraordinary powers to Octavian,Single Answer
6639,Where was the vocalist of Country Must Be Country Wide born?,difficulty-1,Jefferson,Single Answer
6642,What was the primary focus of the publication authored by the individual who penned 'Four Score and Seven Years Ago'?,difficulty-1,American Civil War,Single Answer
6645,When did the institution commemorating the conflict that led to Boston's rise as a prosperous global harbor first open its doors?,difficulty-1,"April 19, 2017",Single Answer
6648,Which religious officials saw their influence grow following the ascent of the nation where Titus Lucretius Tricipitinus held citizenship?,difficulty-1,Republican pontifices,Single Answer
6651,What was the total number of students registered across all locations in the Autumn of 2014 for the institution where the former NBA player Danny Manning was a student-athlete?,difficulty-1,"26,968",Single Answer
6654,On what date did the United Kingdom decide to exit the economic union that Switzerland aligns its financial policies with?,difficulty-1,23 June 2016,Single Answer
6657,What was the inaugural season for men's basketball at the educational institution where Danny Manning was a player?,difficulty-1,1898,Single Answer
6660,What designation is given to the head of the religious institution from which the Anglican Communion broke away during the Protestant Reformation?,difficulty-1,"the Bishop of Rome, who is known as the Pope",Single Answer
6663,Which dynasty did the Han Chinese seek to ally with to combat the forces that exerted their military dominance over Tibet?,difficulty-1,the Jin,Single Answer
6666,Why did the Uighur people receive higher status from the founders of the Sakya vice royalty?,difficulty-1,the Uighurs surrendered peacefully without violently resisting,Single Answer
6669,When did the Scandinavian nation become a member of the institution that aligns with Switzerland's financial policies?,difficulty-1,1972,Single Answer
6672,In which year did the individual pass away whom the queen reinstated to position after her dissatisfaction with Derby in June of 1859?,difficulty-1,1865,Single Answer
6675,When did the individual who stepped down following the controversy involving Orsini's explosive device manufactured in England pass away?,difficulty-1,1865,Single Answer
6678,The individual who had an elaborate funeral at the abbey in 1658 initiated the tradition of interring prominent national personalities in the abbey beginning with which naval commander?,difficulty-1,Admiral Robert Blake,Single Answer
6681,In what year did the individual who stepped down from their role after the controversy caused by Orsini's explosive device being manufactured in England pass away?,difficulty-1,1865,Single Answer
6684,How many World Series championships has the squad led by Jose Herrera secured?,difficulty-1,1,Single Answer
6687,Where did the individual the National Gandhi Museum is named after spend their last 144 days?,difficulty-1,Gandhi Smriti,Single Answer
6690,"Elizabeth Claypole's father initiated the tradition of interring prominent national personalities in the abbey, beginning with which naval commander?",difficulty-1,Admiral Robert Blake,Single Answer
6693,"The father of Henry Cromwell initiated the practice of interring notable individuals in the abbey, commencing with which naval commander?",difficulty-1,Admiral Robert Blake,Single Answer
6696,Which dynasty did the Han Chinese intend to assist the founders of the Sakya vice royalty in combating?,difficulty-1,the Jin,Single Answer
6699,At which location did the principal figure of the Non-Cooperation campaign in southern India reside during his last 144 days?,difficulty-1,Gandhi Smriti,Single Answer
6702,How many national women's outdoor track and field titles has the university where Danny Manning was a player secured?,difficulty-1,one,Single Answer
6705,"Who was the inaugural national personality interred in the abbey by the progenitor of Mary Cromwell, Countess Fauconberg?",difficulty-1,Admiral Robert Blake,Single Answer
6708,Who was the initial individual interred in Westminster Abbey under the authority of the sole non-monarchical leader of Britain?,difficulty-1,Admiral Robert Blake,Single Answer
6711,"The leader who authorized the English East India Company to administer Saint Helena initiated the tradition of interring distinguished individuals in the abbey, commencing with which naval commander?",difficulty-1,Admiral Robert Blake,Single Answer
6714,Where did the individual who renounced his British knighthood following the Jalianwala Bagh tragedy reside during his final moments?,difficulty-1,Gandhi Smriti,Single Answer
6717,What is frequently cited as the primary cause for the erratic late season performance of the squad that clinched the previous World Series?,difficulty-1,unusually high number of day games,Single Answer
6720,In which year was the artist behind This is Who We Are established?,difficulty-1,2001,Single Answer
6723,In which year was the artist behind Skeletons born?,difficulty-1,2001,Single Answer
6726,In which year was the musical group that sang Hope established?,difficulty-1,2001,Single Answer
6729,When did the members of Niki FM establish their group?,difficulty-1,2001,Single Answer
6732,What institution is Zhi-Li Zhang's university affiliated with?,difficulty-1,Five Colleges,Single Answer
6735,In what year did the musical group responsible for the track Saying Sorry originate?,difficulty-1,2001,Single Answer
6738,In which year did the artists behind Ohio Is for Lovers establish their group?,difficulty-1,2001,Single Answer
6741,What does the title of the most ancient extant Buddhist institution signify?,difficulty-1,The School of the Elders,Single Answer
6744,What is the sect of Buddhism where the objective is achieving a condition of nirvana?,difficulty-1,The School of the Elders,Single Answer
6747,What consortium of educational institutions is the college where Michael Berland attended a part of?,difficulty-1,Five Colleges,Single Answer
6750,What category of educational institution is the one responsible for publishing the Owen Wister Review?,difficulty-1,land-grant university,Single Answer
6753,What educational alliance is the institution where Douglas Metcalf studied affiliated with?,difficulty-1,Five Colleges,Single Answer
6756,What educational alliance does the institution Lee Upton graduated from participate in?,difficulty-1,Five Colleges,Single Answer
6759,What educational consortium is Peri Tarr's institution affiliated with?,difficulty-1,Five Colleges,Single Answer
6762,What does the practice where summarized educational materials are produced signify?,difficulty-1,The School of the Elders,Single Answer
6765,What is the term for the Buddhist tradition that dismisses the intermediate state?,difficulty-1,The School of the Elders,Single Answer
6768,In which year was the musical group that produced the record Ohio Is for Lovers established?,difficulty-1,2001,Single Answer
6771,"Which neighboring county borders the region where Rapid City, South Dakota is situated?",difficulty-1,Meade County,Single Answer
6774,What is the significance of the term employed for the sect of Buddhism that denies the idea of an intermediate phase between existences?,difficulty-1,The School of the Elders,Single Answer
6777,What was the music company of the performer of Sou Hrostao Akoma Ena Klama?,difficulty-1,BMG,Single Answer
6780,In which year was the biggest Presbyterian religious group introduced to the region that includes the Lawngtlai district?,difficulty-1,1894,Single Answer
6783,Which music company is associated with the performer who collaborated on writing and producing Ena Hadi?,difficulty-1,BMG,Single Answer
6786,Which consortium of higher education institutions includes the university where scholars investigated corruption in Sub-Saharan nations between 1970 and 1996?,difficulty-1,Five Colleges,Single Answer
6789,In which year was the biggest Presbyterian church group introduced to the hometown of Lalrin Fela?,difficulty-1,1894,Single Answer
6792,In which year did the biggest Presbyterian religious group establish itself in the Indian region governed from Aizawl?,difficulty-1,1894,Single Answer
6795,In which year was the biggest Presbyterian church organization introduced to the location where Pu Laldenga was born?,difficulty-1,1894,Single Answer
6798,What does the Theravada tradition's belief that Buddhas appear singly and not concurrently signify?,difficulty-1,The School of the Elders,Single Answer
6801,What does the designation signify for the profession carried out at the Thai Buddhist Temple of Wat Ananda Metyarama?,difficulty-1,The School of the Elders,Single Answer
6804,What year was the biggest Presbyterian denomination introduced to the region where North Lungpher is situated?,difficulty-1,1894,Single Answer
6807,In which year was the biggest Presbyterian denomination introduced to the region where the Aizawl Monorail operates?,difficulty-1,1894,Single Answer
6810,Who established the company responsible for producing TorqueFlite gearboxes?,difficulty-1,Walter Percy Chrysler,Single Answer
6813,Which industrialist established the corporation responsible for producing the Vacamatic?,difficulty-1,Walter Percy Chrysler,Single Answer
6816,Who was the principal singer on the record featuring the artist of Don't Be My Enemy?,difficulty-1,Jack Hues,Single Answer
6819,Who is the wife of the artist who created The Circe Invidiosa?,difficulty-1,Esther Kenworthy Waterhouse,Single Answer
6822,Who established the corporation responsible for producing the Plymouth Prowler?,difficulty-1,Walter Percy Chrysler,Single Answer
6825,Who is the frontman of the group that produced Praying to a New God?,difficulty-1,Jack Hues,Single Answer
6828,What is the municipality where Giovanni Buonconsiglio was born an example of?,difficulty-1,comune,Single Answer
6831,In which city did the scholar who discovered Euler's formula pass away?,difficulty-1,Saint Petersburg,Single Answer
6834,In which city did the individual who researched crystal morphologies pass away?,difficulty-1,Saint Petersburg,Single Answer
6837,The artist behind Nothin But Love was signed to which music company?,difficulty-1,Mercury Records,Single Answer
6840,Who was the wife of the painter who made Circe Offering the Cup to Ulysses?,difficulty-1,Esther Kenworthy Waterhouse,Single Answer
6843,Which music company released the track performed by the vocalist of Take Good Care of My Baby?,difficulty-1,Liberty Records,Single Answer
6846,Which music company released the 1961 hit Take Good Care of My Baby?,difficulty-1,Liberty Records,Single Answer
6849,In which Mississippi county is the town where WFQY holds its broadcasting license?,difficulty-1,Rankin County,Single Answer
6852,How many victories do the Dallas Cowboys hold over the squad led by Anthony Weaver?,difficulty-1,7,Single Answer
6855,How many times have the Dallas Cowboys defeated the squad that included Zac Diles?,difficulty-1,7,Single Answer
6858,How many victories do the Dallas Cowboys hold over the squad featuring Johnathan Joseph?,difficulty-1,7,Single Answer
6861,"During Anson's tenure as the leader of the Chicago Cubs, what was the count of pennants secured in the competition where Rich Rieker participated?",difficulty-1,six,Single Answer
6864,How many championship flags from Andy Olsen's workplace did the Anson-managed Chicago cubs secure?,difficulty-1,six,Single Answer
6867,"During Anison's tenure as the leader of the Chicago Cubs, how many championships did they secure in the circuit where Hal Dixon was active?",difficulty-1,six,Single Answer
6870,"During Anson's tenure as the leader of the Chicago Cubs, what was the count of pennants secured in the competition where Peter McLaughlin was involved?",difficulty-1,six,Single Answer
6873,"During Anson's tenure as the skipper of the Chicago Cubs, what was the number of pennants secured in the competition where Bill Engeln participated?",difficulty-1,six,Single Answer
6876,"During Anson's tenure as the leader of the Chicago Cubs, how many pennants did they secure from the organization where George Magerkurth was employed?",difficulty-1,six,Single Answer
6879,"During Anson's tenure as the leader of the Chicago Cubs, what was the number of league championships they secured in the division that included the Montreal Expos?",difficulty-1,six,Single Answer
6882,"During Anson's tenure as the leader of the Chicago Cubs, how many championships were secured from the league where umpire Dusty Boggess worked?",difficulty-1,six,Single Answer
6885,Who is the female parent of Kim Pyong-il's brother or sister?,difficulty-1,Kim Jong-suk,Single Answer
6888,In which year did the organization responsible for creating the USRA 0-8-0 locomotive conclude its operations?,difficulty-1,1920,Single Answer
6891,In what year did the organization responsible for the USRA 2-8-8-2 locomotive conclude its operations?,difficulty-1,1920,Single Answer
6894,Who is the maternal figure of Ko Young-hee's husband?,difficulty-1,Kim Jong-suk,Single Answer
6897,In what year did the organization responsible for the USRA 2-6-6-2 locomotive cease operations?,difficulty-1,1920,Single Answer
6900,The government-operated railway network that created the USRA 0-6-0 locomotive concluded operations in which year?,difficulty-1,1920,Single Answer
6903,Who is the spouse of Kim Jong-chul?,difficulty-1,Kim Jong-suk,Single Answer
6906,Who succeeded the father of Norodom Arunrasmy in leadership?,difficulty-1,Norodom Sihamoni,Single Answer
6909,In which year did the creator of the USRA Light Mikado locomotive conclude their work?,difficulty-1,1920,Single Answer
6912,On what date did the writer of A Dirge pass away?,difficulty-1,8 July 1822,Single Answer
6915,On what date did the writer of The Cloud pass away?,difficulty-1,8 July 1822,Single Answer
6918,What role did the individual endorsed by The Sun in 1974 occupy?,difficulty-1,Prime Minister of the United Kingdom,Single Answer
6921,The government-operated rail system that engineered the USRA Heavy Mikado ceased operations in what year?,difficulty-1,1920,Single Answer
6924,In which year did the individual who employed William Sharp pass away?,difficulty-1,1820,Single Answer
6927,In what year did the head of educational institutions in the Imperial Court pass away?,difficulty-1,1820,Single Answer
6930,In which year did the cessation occur for the corporation involved in developing USRA Light Pacific?,difficulty-1,1920,Single Answer
6933,What designation is given to the head of the primary adversary of the Freemasons?,difficulty-1,"the Bishop of Rome, who is known as the Pope",Single Answer
6936,In which year did the individual responsible for the Royal Declaration of 1763 pass away?,difficulty-1,1820,Single Answer
6939,In which year did the tenure conclude for the governing body that created the USRA Light Mountain?,difficulty-1,1920,Single Answer
6942,What is the total number of installments in the show featuring Achy Jakey Heart?,difficulty-1,98,Single Answer
6945,What's the music label of the producer behind Addicted to Music?,difficulty-1,Kontor Records,Single Answer
6948,In which year did the creator of Julian and Maddalo pass away?,difficulty-1,8 July 1822,Single Answer
6951,What role was occupied by the leader of Britain when the nation became part of the European Community?,difficulty-1,Prime Minister of the United Kingdom,Single Answer
6954,"On what date did the emcee of American Idol, who received a dedicated homage during his concluding episode, declare his departure from the judging panel?",difficulty-1,"January 11, 2010",Single Answer
6957,On what date did the writer of A Defence of Poetry pass away?,difficulty-1,8 July 1822,Single Answer
6960,Who is the brother or sister of the filmmaker behind the Elements trilogy?,difficulty-1,Dilip Mehta,Single Answer
6963,"In which year did the ruler, who was the target recipient of the First Continental Congress, pass away?",difficulty-1,1820,Single Answer
6966,When did the demise occur of the Netherlands-based corporation that introduced the sport of cricket to the Indian subcontinent?,difficulty-1,1799,Single Answer
6969,In what year did the individual who established the Regius Professorship of Surgery pass away?,difficulty-1,1820,Single Answer
6972,When did the writer of Prometheus Unbound die?,difficulty-1,8 July 1822,Single Answer
6975,In which year did the monarch frequently mentioned in section three of the declaration pass away?,difficulty-1,1820,Single Answer
6978,Which urban center in China is adjacent to the location that was the site of the 2009 ELEXCON exhibition?,difficulty-1,Dongguan,Single Answer
6981,Which music company released the Dry Bones Dance artist's tracks?,difficulty-1,Solid Rock Records,Single Answer
6984,When did the organization responsible for the USRA Light Santa Fe conclude its operations?,difficulty-1,1920,Single Answer
6987,Which character did the renowned actress and singer portray in the episode 'Achy Jakey Heart'?,difficulty-1,Miley Stewart,Single Answer
6990,Who is the partner of the individual who performed alongside Peter Kay on the late late show?,difficulty-1,Katie Price,Single Answer
6993,In which year did the parent of Queen Elizabeth II's predecessor pass away?,difficulty-1,1820,Single Answer
6996,When did the individual who proclaimed that poets are the unrecognized lawmakers of the world pass away?,difficulty-1,8 July 1822,Single Answer
6999,What is the total number of installments in the show that features the episode titled 'I'll Always Remember You'?,difficulty-1,98,Single Answer
7002,In which year did the organization responsible for introducing cricket to the subcontinent gain control over the region?,difficulty-1,1757,Single Answer
7005,On what date did the originator of the UK's Got Talent reveal he would cease being a judge on the American singing competition?,difficulty-1,"January 11, 2010",Single Answer
7008,Who is the sister of the individual who authored the screenplay for the 1996 adaptation of The Crucible?,difficulty-1,Joan Maxine Copeland,Single Answer
7011,In which year did the performer in Captive receive the award for best Actress?,difficulty-1,2001,Single Answer
7014,In what year did the firm responsible for restoring the Grand Trunk Road between Calcutta and Delhi cease operations?,difficulty-1,1799,Single Answer
7017,Which music company holds the rights to the collection featuring Achy Jakey Heart?,difficulty-1,Walt Disney Records,Single Answer
7020,In what year did the performer from Home receive the Best Actress award?,difficulty-1,2001,Single Answer
7023,In what year did the founding member of the royal institution of painting and sculpture pass away?,difficulty-1,1820,Single Answer
7026,On what date was the corporation responsible for maintaining the Grand Trunk Road between Kolkata and New Delhi founded in India?,difficulty-1,31 December 1600,Single Answer
7029,What role did the leader of the UK government hold when the country joined the common market?,difficulty-1,Prime Minister of the United Kingdom,Single Answer
7032,On what date did the initial installment of the show starring Achy Jakey Heart premiere?,difficulty-1,"March 24, 2006",Single Answer
7035,When was the corporation responsible for restoring the Grand Trunk Road from Calcutta to Delhi founded?,difficulty-1,31 December 1600,Single Answer
7038,In what year did the performer in The Possessed win Best Actress?,difficulty-1,2001,Single Answer
7041,On what date did the writer of A Philosophical View of Reform pass away?,difficulty-1,8 July 1822,Single Answer
7044,In which year did the individual who referred to bards as the unrecognized lawmakers of humanity pass away?,difficulty-1,8 July 1822,Single Answer
7047,On what date did the writer of Ode to the West Wind pass away?,difficulty-1,8 July 1822,Single Answer
7050,In which region is the municipality where the radio station WYYU situated?,difficulty-1,Whitfield County,Single Answer
7053,"What nation hosts the Embassy of Turkey, to the state that Serdar Denktas originates from?",difficulty-1,TRNC,Single Answer
7056,"When did the initial adjudicator, a leader in the music industry, declare he was stepping down from his judging role?",difficulty-1,"January 11, 2010",Single Answer
7059,In which year did the father of Prince Albert from the United Kingdom pass away?,difficulty-1,1820,Single Answer
7062,Who was the monarch when the firm that restored Grand Trunk Road from Calcutta to Delhi was established in London?,difficulty-1,Queen Elizabeth I,Single Answer
7065,During which year did the performer in Story of Women receive the Best Actress award?,difficulty-1,2001,Single Answer
7068,"On what date did the ex-judge of American Idol, who was criticized for his harsh and unkind behavior, declare his departure?",difficulty-1,"January 11, 2010",Single Answer
7071,What designation is given to the head of the religious institution the Church of Cyprus sought to halt intrusions from?,difficulty-1,"the Bishop of Rome, who is known as the Pope",Single Answer
7074,On what date did the premiere of the show featuring the episode titled 'I'll Always Remember You' broadcast?,difficulty-1,"March 24, 2006",Single Answer
7077,During which year did the performer from My Worst Nightmare receive the Best Actress award?,difficulty-1,2001,Single Answer
7080,In which year did the performer in A Woman's Revenge receive the accolade for best Actress?,difficulty-1,2001,Single Answer
7083,What year did the performer featured in White Material receive the Best Actress award?,difficulty-1,2001,Single Answer
7086,What designation is given to the head of the organization that deemed the shifting date of Easter problematic?,difficulty-1,"the Bishop of Rome, who is known as the Pope",Single Answer
7089,What role did the head of the UK government occupy when Britain entered the European Economic Community?,difficulty-1,Prime Minister of the United Kingdom,Single Answer
7092,Who is an actor featured in the show that includes the song I'll Always Remember You?,difficulty-1,Billy Ray Cyrus,Single Answer
7095,Which music company holds the rights to the collection featuring the track I'll Always Remember You?,difficulty-1,Walt Disney Records,Single Answer
7098,In which administrative division is the municipality WPWT authorized to operate?,difficulty-1,Sullivan County,Single Answer
7101,Which area encompasses the birthplace of Dust Muhammad's urban center?,difficulty-1,Kushk District,Single Answer
7104,In which year did the performer in Violette Noziere receive the Best Actress award?,difficulty-1,2001,Single Answer
7107,In which year did the British corporation responsible for restoring the grand trunk route from Calcutta to Delhi assume control of India?,difficulty-1,1757,Single Answer
7110,"Who is the law, proposed by the scientist who integrated the concept of elements with prior atomic theories, named after?",difficulty-1,John Dalton,Single Answer
7113,In which year did the performer from Tip Top receive the best actress award?,difficulty-1,2001,Single Answer
7116,On what date did the individual whose last season was the ninth declare he would cease serving as a judge?,difficulty-1,"January 11, 2010",Single Answer
7119,"On what date did the writer of I Don't Mean to be Rude, But..., declare his departure from the judging panel?",difficulty-1,"January 11, 2010",Single Answer
7122,Which network initially aired the fourth season of the show featuring an episode called Achy Jakey Heart?,difficulty-1,Disney Channel,Single Answer
7125,During which hundred-year period did the maritime protector saint inspire the adoption of crimson attire by Father Christmas?,difficulty-1,4th,Single Answer
7128,Within which governing jurisdiction is the birthplace of Amir Jan Sabori located?,difficulty-1,Kushk District,Single Answer
7131,In what century did the individual after whom Saint-Nicolas church is named inspire the tradition of Santa Claus wearing red?,difficulty-1,4th,Single Answer
7134,During which hundred-year period did the individual the Schelf Church honors inspire the tradition of Santa Claus wearing crimson attire?,difficulty-1,4th,Single Answer
7137,In what century did the individual the Palmi Cathedral is dedicated to inspire the tradition of Santa Claus wearing red?,difficulty-1,4th,Single Answer
7140,"During which hundred-year period did the individual inspiring the crimson attire of Santa Claus, after whom the cathedral in Murska Sobota is dedicated, live?",difficulty-1,4th,Single Answer
7143,During which hundred-year period did the individual associated with the Budești Josani church inspire the tradition of Santa Claus wearing red?,difficulty-1,4th,Single Answer
7146,During which era did the holy figure associated with San Nicolò dei Mendicoli inspire the tradition of Santa Claus wearing red attire?,difficulty-1,4th,Single Answer
7149,During which hundred-year period did the individual inspiring the name of San Nicolò dei Mendicoli establish the tradition of Santa Claus wearing red?,difficulty-1,4th,Single Answer
7152,What is the significance of the region formerly referred to as Pars?,difficulty-1,Old Persian as Pars,Single Answer
7155,What does the name of the region where Shiraz serves as the administrative center signify?,difficulty-1,Old Persian as Pars,Single Answer
7158,Who was the wife of the individual who reclaimed authority?,difficulty-1,Yvonne de Gaulle,Single Answer
7161,What is the significance of the title of the region where Larestan County is situated?,difficulty-1,Old Persian as Pars,Single Answer
7164,When did the entertainer of Spellbound depart as a panelist?,difficulty-1,before season nine,Single Answer
7167,Who is the offspring of the head of state that was notified of a murder by George Christian?,difficulty-1,Lynda Bird Johnson Robb,Single Answer
7170,"At what point did the initial adjudicator of American Idol, known for their dance coordination expertise, depart?",difficulty-1,before season nine,Single Answer
7173,What does the designation of the region where Jam Bozorgi is situated signify?,difficulty-1,Old Persian as Pars,Single Answer
7176,What is the significance of the name of the province where Sarvestan County is situated?,difficulty-1,Old Persian as Pars,Single Answer
7179,In which year was the creator of EPrints established?,difficulty-1,1862,Single Answer
7182,Which character does the performer who appeared in The Caveman's Valentine portray in the movie Avengers?,difficulty-1,Nick Fury,Single Answer
7185,"Which author penned The Road to the capital of Kansas, the state where the character the Wizard of Oz originates from?",difficulty-1,Robert Ludlum,Single Answer
7188,In which year was the educational institution attended by Paul Curran established?,difficulty-1,1862,Single Answer
7191,Which political faction did the individual who reassumed authority belong to?,difficulty-1,Union of Democrats for the Republic,Single Answer
7194,In which year was the institution that Tim Holt is affiliated with established?,difficulty-1,1862,Single Answer
7197,Which character does the performer who portrayed the thief in Coming To America embody in The Avengers?,difficulty-1,Nick Fury,Single Answer
7200,Who is the wife of the person featured on the twenty-dollar banknote in 1875?,difficulty-1,Elizabeth Schuyler Hamilton,Single Answer
7203,Which author penned The Road to the capital of Nebraska where KFAB broadcasts?,difficulty-1,Robert Ludlum,Single Answer
7206,"Which character does the performer who portrayed the assassin in The Hitman's Bodyguard, embody in The Avengers?",difficulty-1,Nick Fury,Single Answer
7209,Which actor portrayed the performer of 'It'll Be Me' in the biopic Walk the Line?,difficulty-1,Waylon Malloy Payne,Single Answer
7212,Who portrays the director of S.H.I.E.L.D. in The Avengers?,difficulty-1,Nick Fury,Single Answer
7215,At which location in Plymouth is the overseer of the Rother-class rescue vessel stationed?,difficulty-1,Millbay Docks,Single Answer
7218,What type of organization is the federal investigative body that pioneered DNA testing?,difficulty-1,FBI is primarily a domestic agency,Single Answer
7221,At what point did the vocalist of Forever Your Girl step down from her judging role?,difficulty-1,before season nine,Single Answer
7224,Who is the offspring of the 1958 Senate Majority Leader?,difficulty-1,Lynda Bird Johnson Robb,Single Answer
7227,Who was the wife of the statesman who authored most of the Federalist Papers?,difficulty-1,Elizabeth Schuyler Hamilton,Single Answer
7230,In which year was the organization that employed John Shepherd established?,difficulty-1,1862,Single Answer
7233,Who is the spouse of the U.S. actress who appeared in Stranger from Venus?,difficulty-1,Roald Dahl,Single Answer
7236,In which year was the institution of higher learning that Arthur Button was a student at established?,difficulty-1,1862,Single Answer
7239,What is adjacent to the municipality housing the radio station CHKS-FM?,difficulty-1,Point Edward,Single Answer
7242,What is the complete title of the organization abbreviated as FBI that was instrumental in advancing DNA analysis?,difficulty-1,Federal Bureau of Investigation,Single Answer
7245,The town where CFGX-FM is situated borders which neighboring area?,difficulty-1,Point Edward,Single Answer
7248,What does the name of the region where Sahray-ye Bagh District is situated signify?,difficulty-1,Old Persian as Pars,Single Answer
7251,Which character from Star Wars was portrayed by the actor who starred in The Caveman's Valentine?,difficulty-1,Mace Windu,Single Answer
7254,Which actor portrayed the musician performing When He Walks on You in the film Walk the Line?,difficulty-1,Waylon Malloy Payne,Single Answer
7257,Who is the wife of the individual featured on the ten-dollar note?,difficulty-1,Elizabeth Schuyler Hamilton,Single Answer
7260,When did the artist known for 'I'm Just Here For The Music' depart from her position as a panelist?,difficulty-1,before season nine,Single Answer
7263,Which actor portrayed the composer of 'Lewis Boogie' in the film Walk the Line?,difficulty-1,Waylon Malloy Payne,Single Answer
7266,Which performer from Snakes on a Plane portrayed a character in the Star Wars franchise?,difficulty-1,Mace Windu,Single Answer
7269,In which part of Plymouth is the proprietor of the Torquay Lifeboat Station located?,difficulty-1,Millbay Docks,Single Answer
7272,At which location in Plymouth is the establishment operated by RNLB Aguila Wren situated?,difficulty-1,Millbay Docks,Single Answer
7275,"Which writer penned The Road to City A, with City A being the hometown of Ryan Junge?",difficulty-1,Robert Ludlum,Single Answer
7278,Which administrative division was the urban center where Todor Kableshkov resided at the time of his passing the principal city of?,difficulty-1,Gabrovo Province,Single Answer
7281,Which accolade was bestowed upon the performer who starred in the movie The FBI Story?,difficulty-1,Academy Honorary Award,Single Answer
7284,In what year was the institution of higher learning at Highfield established?,difficulty-1,1862,Single Answer
7287,Which music company released the tracks composed by the artist behind I've Done Everything For You?,difficulty-1,Capitol Records,Single Answer
7290,Where in Plymouth is the overseer of Oakley class lifeboat stationed?,difficulty-1,Millbay Docks,Single Answer
7293,Which author penned The Road to the capital of Nebraska where KVNO radio is licensed?,difficulty-1,Robert Ludlum,Single Answer
7296,Which music corporation was responsible for releasing the album 'Limon y sal'?,difficulty-1,Sony Music,Single Answer
7299,Who is the wife of the individual who received the majority of votes from the public in the 2000 presidential election?,difficulty-1,Tipper Gore,Single Answer
7302,In which city did the husband of Mok Kwai-lan pass away?,difficulty-1,Canton,Single Answer
7305,Which author penned a book titled after a route to the birthplace of Abbie Cornett?,difficulty-1,Robert Ludlum,Single Answer
7308,In what year was the company where Neville A. Stanton was employed established?,difficulty-1,1862,Single Answer
7311,At which location in Plymouth is the headquarters for the organization managing the Thames class lifeboats situated?,difficulty-1,Millbay Docks,Single Answer
7314,At what point did the adjudicator of The Promise of a New Day resign from their role?,difficulty-1,before season nine,Single Answer
7317,At which location in Plymouth is the operator of the Liverpool class lifeboat situated?,difficulty-1,Millbay Docks,Single Answer
7320,Who is the wife of the individual who proposed establishing a set ratio between silver and gold?,difficulty-1,Elizabeth Schuyler Hamilton,Single Answer
7323,At which location in Plymouth is the overseer of the Barnett class rescue vessel stationed?,difficulty-1,Millbay Docks,Single Answer
7326,What accolade did the luminary represented by Lew Wasserman obtain?,difficulty-1,Academy Honorary Award,Single Answer
7329,What is the significance of the designation for the governing district that encompasses Sivand?,difficulty-1,Old Persian as Pars,Single Answer
7332,In which part of Plymouth is the proprietor of the Aberdeen Lifeboat Station located?,difficulty-1,Millbay Docks,Single Answer
7335,Which character in The Avengers is voiced by the lead actor from Afro Samurai?,difficulty-1,Nick Fury,Single Answer
7338,Which character in Star Wars was portrayed by the performer who depicted the thief in Coming to America?,difficulty-1,Mace Windu,Single Answer
7341,In which year was the establishment of the higher education institution where Jill Macleod Clark worked?,difficulty-1,1862,Single Answer
7344,In which part of Plymouth was the former handler of the Clyde-class lifeboats located?,difficulty-1,Millbay Docks,Single Answer
7347,Which Jedi Master from the Star Wars franchise was portrayed by the actor who played the hitman in The Hitman's Bodyguard?,difficulty-1,Mace Windu,Single Answer
7350,Where in Plymouth is the operator of the Royal National Lifeboat Institution's Aguila Ren vessel situated?,difficulty-1,Millbay Docks,Single Answer
7353,What is the hometown of Jesper Svenbro the administrative center of?,difficulty-1,Landskrona Municipality,Single Answer
7356,Who is the parent of the individual who secured the majority of votes in the 2000 presidential race?,difficulty-1,Pauline LaFon Gore,Single Answer
7359,Who is the wife of the writer of James and the Giant Peach?,difficulty-1,Patricia Neal,Single Answer
7362,Who is the offspring of the commander-in-chief during the seizure of the USS Pueblo by North Korea?,difficulty-1,Lynda Bird Johnson Robb,Single Answer
7365,At what point did the music artist cease serving as an initial adjudicator on the renowned singing competition American Idol?,difficulty-1,before season nine,Single Answer
7368,"Where is the aquatic plant pond, created by the husband of Camille Doncieux, situated?",difficulty-1,his flower garden at his home in Giverny,Single Answer
7371,Where is the aquatic plant pond by the artist of The Cliff Walk at Pourville situated?,difficulty-1,his flower garden at his home in Giverny,Single Answer
7374,What is the music label for the artists of Bathtub Blues?,difficulty-1,Red House Records,Single Answer
7377,What is the meaning of the name of the area where Firuzabad County is situated?,difficulty-1,Old Persian as Pars,Single Answer
7380,What additional authority did the organization that first implemented genetic profiling acquire for homes?,difficulty-1,search a house while the residents are away,Single Answer
7383,What accolade was bestowed upon the performer who portrayed Destry in Destry Rides Again?,difficulty-1,Academy Honorary Award,Single Answer
7386,Who did the performer portraying the Jedi Master with a purple lightsaber play in Star Wars?,difficulty-1,Mace Windu,Single Answer
7389,What accolade was bestowed upon the actor portraying George Bailey in It's a Wonderful Life?,difficulty-1,Academy Honorary Award,Single Answer
7392,Which actor portrayed the singer of Mean Old Man in the film Walk the Line?,difficulty-1,Waylon Malloy Payne,Single Answer
7395,Who was wed to the individual featured on the 20 dollar bill in 1875?,difficulty-1,Elizabeth Schuyler Hamilton,Single Answer
7398,Who is the offspring of the individual who became the Senate Majority Leader following the 1954 election?,difficulty-1,Lynda Bird Johnson Robb,Single Answer
7401,"Along with the artist of Jukebox, what indie/folk singer-songwriter resides in Miami?",difficulty-1,Iron & Wine,Single Answer
7404,What does the designation of the area including Kavar County signify?,difficulty-1,Old Persian as Pars,Single Answer
7407,"Along with the artist behind Headlights, which indie/folk singer-songwriter resides in Miami?",difficulty-1,Iron & Wine,Single Answer
7410,Which actor portrayed the vocalist in Last Man Standing for the film Walk the Line?,difficulty-1,Waylon Malloy Payne,Single Answer
7413,What entity does the bureau that pioneered DNA analysis collaborate with under shared authority?,difficulty-1,DEA,Single Answer
7416,"Prior to the ninth season, when did the adjudicator Corey Clark allege to have been involved in a relationship with depart from American Idol?",difficulty-1,before season nine,Single Answer
7419,"Where is the aquatic plant pond by the creator of Impression, Sunrise situated?",difficulty-1,his flower garden at his home in Giverny,Single Answer
7422,When did the initial magistrate depart prior to the commencement of the season?,difficulty-1,before season nine,Single Answer
7425,What is the primary instrument utilized by the organization that first implemented DNA analysis to combat syndicated illegal activities?,difficulty-1,RICO,Single Answer
7428,Did the organization that pioneered genetic profiling maintain records on the King of Rock and Roll?,difficulty-1,including celebrities such as Elvis Presley,Single Answer
7431,What is the date of birth of the musician who inspired numerous contemporary pop stars?,difficulty-1,"August 16, 1958",Single Answer
7434,Which club disbursed £15 million to acquire the top goal scorer in the premier league for their team?,difficulty-1,Newcastle United,Single Answer
7437,Which actor portrayed the musician who sang 'To Make Love Sweeter for You' in the film Walk the Line?,difficulty-1,Waylon Malloy Payne,Single Answer
7440,Where is the aquatic plant basin by the artist of La Promenade situated?,difficulty-1,his flower garden at his home in Giverny,Single Answer
7443,In which location did the spouse of Alice Hoschede maintain his aquatic plant feature?,difficulty-1,his flower garden at his home in Giverny,Single Answer
7446,"Which indie/folk artist, apart from the creator of Sun, resides in Miami?",difficulty-1,Iron & Wine,Single Answer
7449,In which administrative division is the radio station WVFM situated?,difficulty-1,Kalamazoo County,Single Answer
7452,Where is the aquatic plant pond situated by the artist who painted Boating on the River Epte?,difficulty-1,his flower garden at his home in Giverny,Single Answer
7455,Where is the aquatic plant pond by the French artist who pioneered impressionism situated?,difficulty-1,his flower garden at his home in Giverny,Single Answer
7458,Which football club spent £15 million to acquire the leading scorer in the Premier League for their squad?,difficulty-1,Newcastle United,Single Answer
7461,On what date was the iPhone 6 released by the tech giant that prevailed in the legal battle involving Apple versus Microsoft and Hewlett-Packard?,difficulty-1,"September 19, 2014",Single Answer
7464,Which music company holds the rights to the proprietor of Cabo Wabo in Cabo San Lucas?,difficulty-1,Capitol Records,Single Answer
7467,"In the film Walk the Line, which actor portrayed the musician who performed She Even Woke Me Up to Say Goodbye?",difficulty-1,Waylon Malloy Payne,Single Answer
7470,Who is the wife of the Democratic nominee who failed to secure his home state during the 2000 presidential election?,difficulty-1,Tipper Gore,Single Answer
7473,"Along with the artist behind Nude as the News, which indie/folk singer-songwriter resides in Miami?",difficulty-1,Iron & Wine,Single Answer
7476,Who is wedded to the ex-US senator from Tennessee who campaigned for president in 2000?,difficulty-1,Tipper Gore,Single Answer
7479,What tongue did the writer of the memoir 'The Story of My Life' employ?,difficulty-1,English language,Single Answer
7482,In which year did the champion of the 1997 Masters Tournament secure his final PGA Tour victory?,difficulty-1,2007,Single Answer
7485,When did the ex-Idol celebrity who appeared for Cowell's homage leave the judging panel?,difficulty-1,before season nine,Single Answer
7488,"Along with the artist known for peaking for Trees, what indie/folk singer-songwriter resides in Miami?",difficulty-1,Iron & Wine,Single Answer
7491,How many PGA tour victories does the champion of the 1997 Masters Tournament possess?,difficulty-1,79,Single Answer
7494,Where is the aquatic plant pond created by the painter of The Cliff Walk at Pourville?,difficulty-1,his flower garden at his home in Giverny,Single Answer
7497,What accolade was bestowed upon the performer who portrayed Glenn Miller in The Glenn Miller Story?,difficulty-1,Academy Honorary Award,Single Answer
7500,Which character in A League of Their Own is portrayed by the individual many contemporary pop musicians admired during their youth?,difficulty-1,taxi dancer ``All the Way ''Mae Mordabito,Single Answer
7503,Who is the offspring of the second-in-command of the United States that Donald Moffat portrayed?,difficulty-1,Lynda Bird Johnson Robb,Single Answer
7506,Who was the parent of the final Democratic nominee to secure any counties in Oklahoma?,difficulty-1,Pauline LaFon Gore,Single Answer
7509,How many PGA tour wins have been achieved by the champion of the 2005 Masters Tournament?,difficulty-1,79,Single Answer
7512,Which music company released the album featuring the new frontman for Van Halen on 5150?,difficulty-1,Capitol Records,Single Answer
7515,In what tongue did the most renowned pupil of Bell communicate?,difficulty-1,English language,Single Answer
7518,Which actor portrayed the musician who performed 'One Minute Past Eternity' in the film Walk the Line?,difficulty-1,Waylon Malloy Payne,Single Answer
7521,During which months does the rainy period occur in the nation where law enforcement faces aggressive clashes with demonstrators?,difficulty-1,June to August,Single Answer
7524,"Where is The Water Lily Pond situated, by the artist who painted Boating on the River Epte?",difficulty-1,his flower garden at his home in Giverny,Single Answer
7527,"Along with the artist behind I Don't Blame You, what indie/folk singer-songwriter resides in Miami?",difficulty-1,Iron & Wine,Single Answer
7530,In what year did the vocalist who inspired numerous contemporary pop musicians leave university?,difficulty-1,1978,Single Answer
7533,"Which actor portrayed the musician in Live at the Star Club, Hamburg in the film Walk the Line?",difficulty-1,Waylon Malloy Payne,Single Answer
7536,Who authored the publication titled after the entertainer who inspired numerous contemporary music stars?,difficulty-1,Andrew Morton,Single Answer
7539,"Along with the artist behind The Covers Record, what indie/folk singer-songwriter resides in Miami?",difficulty-1,Iron & Wine,Single Answer
7542,Which club disbursed £15 million to acquire the top scorer in the Premier League?,difficulty-1,Newcastle United,Single Answer
7545,At what age did the champion of the 1997 Masters achieve his initial hole in one?,difficulty-1,at the age of six,Single Answer
7548,Which actor portrayed the performer of 'Would You Take Another Chance on Me' in the film Walk the Line?,difficulty-1,Waylon Malloy Payne,Single Answer
7551,Who was the mother of the Democratic nominee from Tennessee in the 2000 election?,difficulty-1,Pauline LaFon Gore,Single Answer
7554,Which football club spent £15 million to acquire the top scorer in the Premier League?,difficulty-1,Newcastle United,Single Answer
7557,What accolade was bestowed upon the performer portraying Glen Miller in The Glenn Miller Story?,difficulty-1,Academy Honorary Award,Single Answer
7560,In which year did the champion of the 2005 Master Tournament secure his final PGA Tour victory?,difficulty-1,2007,Single Answer
7563,What tongue is utilized and inscribed by the filmmaker behind Executioners from Shaolin?,difficulty-1,Chinese,Single Answer
7566,In which year did the institution begin admitting students from the Dockyard Technical College following its shutdown?,difficulty-1,1862,Single Answer
7569,Who is the parent of the Democratic nominee who was defeated in his home state during the 2000 presidential election?,difficulty-1,Pauline LaFon Gore,Single Answer
7572,Who is the wife of the most recent Democratic nominee for president to secure any counties in Oklahoma?,difficulty-1,Tipper Gore,Single Answer
7575,In which administrative division is the urban area that experienced the most significant expansion?,difficulty-1,Flathead County,Single Answer
7578,At what age did the champion of the 2005 Masters achieve his initial hole in one?,difficulty-1,at the age of six,Single Answer
7581,"Along with the vocalist of Nude as the News, what indie/folk artist resides in Miami?",difficulty-1,Iron & Wine,Single Answer
7584,"What indie/folk artist, apart from the Moon Pix musicians, hails from Miami?",difficulty-1,Iron & Wine,Single Answer
7587,Which administrative division encompasses the municipality where WWOT holds its broadcasting license?,difficulty-1,Blair County,Single Answer
7590,"In a historical dialect, what was the Iranian province of Zarrin Dasht County referred to as?",difficulty-1,Old Persian as Pars,Single Answer
7593,Who is the partner of the filmmaker behind La pequeña señora de Pérez?,difficulty-1,Susana Freyre,Single Answer
7596,When did the tech giant that faced legal defeat against Microsoft and HP launch the iPhone 6s Plus?,difficulty-1,"September 25, 2015",Single Answer
7599,Which club disbursed £15 million to acquire the top goal scorer in Premier League for their team?,difficulty-1,Newcastle United,Single Answer
7602,What was the initial cost for a substitute power cell from the defeated parties in the legal case involving Apple against Microsoft and HP?,difficulty-1,$99,Single Answer
7605,The birthplace of poet Jesper Svenbro falls under which administrative district?,difficulty-1,Landskrona Municipality,Single Answer
7608,From which period has the corporation involved in the legal dispute between Apple and Microsoft along with HP continued to be financially successful?,difficulty-1,Steve Jobs' return,Single Answer
7611,Which indie/folk artist is located in Miami and also performs the song 'Cross Bones Style'?,difficulty-1,Iron & Wine,Single Answer
7614,Which football club spent £15 million to acquire the player with the most Premier League hat tricks?,difficulty-1,Newcastle United,Single Answer
7617,Which football club spent £15 million to acquire the record-breaking Premier League striker?,difficulty-1,Newcastle United,Single Answer
7620,Which administrative region encompasses the urban area where Todor Kableshkov passed away?,difficulty-1,Gabrovo Province,Single Answer
7623,Who was the partner of the filmmaker behind La muerte camina en la lluvia?,difficulty-1,Susana Freyre,Single Answer
7626,Which football club spent £15 million to acquire the athlete with the highest number of Premier League goals?,difficulty-1,Newcastle United,Single Answer
7629,When did the vocalist-composer of Forever Your Girl step down as a judge?,difficulty-1,before season nine,Single Answer
7632,Which club spent 15 million to acquire the player who holds the record for the most goals in the premier league history?,difficulty-1,Newcastle United,Single Answer
7635,What is the count of books housed in the main repository of the nation where law enforcement faced challenges from aggressive demonstrators?,difficulty-1,"70,000",Single Answer
7638,When did the romantic involvement of the iconic singer many contemporary pop musicians admire with Carlos Leon conclude?,difficulty-1,May 1997,Single Answer
7641,What is the elevation in feet of the tallest mountain in the northern central area of the country where law enforcement clashed with demonstrators?,difficulty-1,"26,000 ft",Single Answer
7644,Which club spent £15 million to acquire the top scorer from the English Premier League for their team?,difficulty-1,Newcastle United,Single Answer
7647,"From which Italian town did the ancestors of the musician, who influenced numerous contemporary pop artists, originate?",difficulty-1,"Pacentro, Italy",Single Answer
7650,Where is the aquatic plant pond of the artist behind Le Bassin Aux Nymphéas located?,difficulty-1,his flower garden at his home in Giverny,Single Answer
7653,Which administrative region in the nation facing unrest with demonstrators clashing with law enforcement includes Birpur?,difficulty-1,Kapilvastu District,Single Answer
7656,"By April 9, 2007, how many digital music players had the tech giant that faced legal disputes with Microsoft and Hewlett-Packard sold?",difficulty-1,hundred million,Single Answer
7659,How did the bureau that first utilized DNA analysis respond to demands to disclose details beyond the first public statement in the Filiberto Ojeda Ríos investigation?,difficulty-1,The FBI refused,Single Answer
7662,In which administrative division of the nation where law enforcement faced aggressive conflicts with demonstrators is Triveni situated?,difficulty-1,Udayapur District,Single Answer
7665,Kante is located in which administrative region of the nation known for intense law enforcement clashes?,difficulty-1,Darchula District,Single Answer
7668,What is the music company of the artist whose fifth studio album was named Nine Million Bicycles?,difficulty-1,Dramatico,Single Answer
7671,"During their youth, numerous contemporary pop musicians were influenced by the performer characterized as a nearly revered feminist symbol by which academic?",difficulty-1,Professor Sut Jhally,Single Answer
7674,"Which administrative region encompasses the commercial hub of Marke, in the nation where law enforcement faced severe unrest with demonstrators in 2008?",difficulty-1,Salyan District,Single Answer
7677,What is the current iteration of the operating system developed by the tech giant that was involved in the legal battle of Apple versus Microsoft and Hewlett-Packard?,difficulty-1,macOS,Single Answer
7680,"After the corporation that lost the legal battle against Microsoft and Hewlett-Packard struggled with computer sales, which offerings fueled their revenue expansion?",difficulty-1,the iPod portable music player and iTunes music download service,Single Answer
7683,In how many nations was the first release of the eleventh record by the musician that many contemporary pop stars were influenced by during their youth?,difficulty-1,37,Single Answer
7686,What proportion of income for the firm that faced legal defeat versus Microsoft and HP originated from desktop PCs?,difficulty-1,19.22%,Single Answer
7689,Which coding system has a filtering command partially inspired by the offspring of the MySQL co-founder?,difficulty-1,Michael Widenius's daughter,Single Answer
7692,"The coding language featuring the HAVING clause, is named after whose offspring?",difficulty-1,Michael Widenius's daughter,Single Answer
7695,Which actress portrayed the character in The Princess Diaries who performed the song I Wanna Be with You?,difficulty-1,Lana Thomas,Single Answer
7698,In which year was the artist behind Will We Be Lovers established?,difficulty-1,1985,Single Answer
7701,Which team holds the record for the most back-to-back participations in the championship series where a team secures the NBA title?,difficulty-1,The Boston Celtics,Single Answer
7704,Who is the brother of the creator of The Song of Love?,difficulty-1,Alberto Savinio,Single Answer
7707,Who is the husband of the performer starring in Fanfan?,difficulty-1,Christopher Lambert,Single Answer
7710,Who is the coding language with the DELETE operation partly named in honor of?,difficulty-1,Michael Widenius's daughter,Single Answer
7713,In which year was the artist behind the song Dignity established?,difficulty-1,1985,Single Answer
7716,Who is the brother of the individual who composed the soundtrack for Once More with Feeling?,difficulty-1,Jed Whedon,Single Answer
7719,Who is the brother of the artist who created The Melancholy of Departure?,difficulty-1,Alberto Savinio,Single Answer
7722,The programming language that includes the ORDER BY clause is named after whose offspring?,difficulty-1,Michael Widenius's daughter,Single Answer
7725,In what year did the members of The Rest establish their group?,difficulty-1,1985,Single Answer
7728,What is the high-level programming language that serves as an instance of a fourth-generation language called in honor of the offspring of Michael Widenius?,difficulty-1,Michael Widenius's daughter,Single Answer
7731,In which year was the artist behind Singles established?,difficulty-1,1985,Single Answer
7734,After whose offspring is the most widely recognized database programming language christened?,difficulty-1,Michael Widenius's daughter,Single Answer
7737,The coding language that incorporates alias functionality is named after which individual's offspring?,difficulty-1,Michael Widenius's daughter,Single Answer
7740,In which year did the artists behind Everytime You Sleep establish their musical group?,difficulty-1,1985,Single Answer
7743,"Which coding language, which incorporates the UPDATE command, is partly titled in honor of the offspring of the co-founder of MySQL?",difficulty-1,Michael Widenius's daughter,Single Answer
7746,The programming language that includes the TRUNCATE command is named after whose offspring?,difficulty-1,Michael Widenius's daughter,Single Answer
7749,In what year was the artist behind Fellow Hoodlums established?,difficulty-1,1985,Single Answer
7752,Who is the sibling of the artist who created Metaphysical Interior with Biscuits?,difficulty-1,Alberto Savinio,Single Answer
7755,What was the educational institution Al Hutchinson first enrolled in originally named?,difficulty-1,Carleton College,Single Answer
7758,Where is the location of demise for the individual who authored Der Taucher?,difficulty-1,Weimar,Single Answer
7761,Which vocalist collaborates with the artist behind Man of Me on Every Storm?,difficulty-1,Co-writer Hillary Lindsey,Single Answer
7764,What was the original name of the institution where Michelle Douglas completed her higher education?,difficulty-1,Carleton College,Single Answer
7767,Which institution did the creator of Ishtar graduate from?,difficulty-1,Northwestern's School of Communication,Single Answer
7770,In which city did the composer of Ode to Joy pass away?,difficulty-1,Weimar,Single Answer
7773,Who portrayed the maternal figure on This Is Us in The Princess Diaries?,difficulty-1,Lana Thomas,Single Answer
7776,Who is the sibling of the creator of Buffy the Animated Series?,difficulty-1,Jed Whedon,Single Answer
7779,At which institution did the performer who created Reds receive their education?,difficulty-1,Northwestern's School of Communication,Single Answer
7782,Which vocalist performs Meet Me in Montana alongside the artist behind I Only Wanted You?,difficulty-1,Dan Seals,Single Answer
7785,Which actress portrayed the character in Princess Diaries who is associated with the artist behind Nothing That You Are?,difficulty-1,Lana Thomas,Single Answer
7788,What was the initial name of the institution where Gilles Paquet worked?,difficulty-1,Carleton College,Single Answer
7791,What was the original name of the institution where John Chapman studied?,difficulty-1,Carleton College,Single Answer
7794,Which artist performed 'meet me in Montana' alongside the vocalist of 'All in Love'?,difficulty-1,Dan Seals,Single Answer
7797,Which team emerged victorious in the 1989 championship where NBA titles are secured?,difficulty-1,Detroit Pistons,Single Answer
7800,Which institution did the filmmaker of Reds graduate from?,difficulty-1,Northwestern's School of Communication,Single Answer
7803,Who was the wife of the man who adopted Daniel Smith Donelson?,difficulty-1,Rachel Jackson,Single Answer
7806,Who portrayed the character in Princess Diaries that was performed by the vocalist of Candy?,difficulty-1,Lana Thomas,Single Answer
7809,Who is the nephew of the leader who served as the seventh U.S. President?,difficulty-1,Daniel Smith Donelson,Single Answer
7812,What was Natalia Rybczynski's initial place of employment named?,difficulty-1,Carleton College,Single Answer
7815,Who was the spouse of the writer behind The Night of Enitharmon's Joy?,difficulty-1,Catherine Blake,Single Answer
7818,Who is the brother of the artist behind The Disquieting Muses?,difficulty-1,Alberto Savinio,Single Answer
7821,What was the alma mater of Richard Labonté initially named?,difficulty-1,Carleton College,Single Answer
7824,Who collaborates with the vocalist of Today on Every Storm?,difficulty-1,Co-writer Hillary Lindsey,Single Answer
7827,Who collaborates vocally with the artist performing It Would Be You on Every Storm?,difficulty-1,Co-writer Hillary Lindsey,Single Answer
7830,Which vocalist performed Meet Me in Montana alongside the artist behind I Only Wanted You?,difficulty-1,Dan Seals,Single Answer
7833,In which year was the artist behind A New House established?,difficulty-1,1985,Single Answer
7836,Who was the wife of the seventh leader of the United States?,difficulty-1,Rachel Jackson,Single Answer
7839,What was the initial name of the institution where Ian MacDonald received his higher education?,difficulty-1,Carleton College,Single Answer
7842,Which character was portrayed by the artist of So Real in The Princess Diaries?,difficulty-1,Lana Thomas,Single Answer
7845,In what year was the artist behind Riches & More established?,difficulty-1,1985,Single Answer
7848,Which character was portrayed by the vocalist of Cry in The Princess Diaries?,difficulty-1,Lana Thomas,Single Answer
7851,Who is the partner of the actor featured in La Boum?,difficulty-1,Christopher Lambert,Single Answer
7854,In which year was the artist behind Hang Your Head established?,difficulty-1,1985,Single Answer
7857,To whom is the monarch performing in the theatrical production titled after the individual featured on the ten-dollar note?,difficulty-1,the rebelling American colonists,Single Answer
7860,Who is the wife of the filmmaker behind Ernest the Rebel?,difficulty-1,Martine Carol,Single Answer
7863,Which institution did the scriptwriter for the movie Reds study at?,difficulty-1,Northwestern's School of Communication,Single Answer
7866,What is the location where Luigi Fabris resided at the time of his passing an instance of?,difficulty-1,comune,Single Answer
7869,Where did the performer and scriptwriter of Bulworth receive their education?,difficulty-1,Northwestern's School of Communication,Single Answer
7872,Who collaborates vocally with the artist behind Pieces on Every Storm?,difficulty-1,Co-writer Hillary Lindsey,Single Answer
7875,Which team emerged victorious in the 1993 championship that awarded them an NBA ring?,difficulty-1,Chicago Bulls,Single Answer
7878,Which educational institution did the filmmaker behind Bulworth graduate from?,difficulty-1,Northwestern's School of Communication,Single Answer
7881,"What major academic establishment is the institution where Charlotte Brewer studied, a component of?",difficulty-1,college of the University of Oxford,Single Answer
7884,Who is the brother of the individual who produced The Double Dream of Spring?,difficulty-1,Alberto Savinio,Single Answer
7887,What was the initial designation of the liberal arts institution where Marianne Illing received her education?,difficulty-1,Carleton College,Single Answer
7890,In what year was the artist behind Real Gone Kid born?,difficulty-1,1985,Single Answer
7893,What type of educational establishment did Ellis Amburn graduate from?,difficulty-1,private university,Single Answer
7896,Who is the partner of the filmmaker behind L'aube à l'envers?,difficulty-1,Christopher Lambert,Single Answer
7899,What was the higher education institution associated with Ike Awgu originally named?,difficulty-1,Carleton College,Single Answer
7902,What category of locality does the birthplace of Tiziano Siviero belong to?,difficulty-1,comune,Single Answer
7905,Which educational institution did the performer starring in Bulworth graduate from?,difficulty-1,Northwestern's School of Communication,Single Answer
7908,Which actress portrayed the character of Amanda Leigh in The Princess Diaries?,difficulty-1,Lana Thomas,Single Answer
7911,Who was the spouse of the artist behind The Great Red Dragon Paintings?,difficulty-1,Catherine Blake,Single Answer
7914,Which actress portrayed the role of the performer featured in In My Pocket within The Princess Diaries?,difficulty-1,Lana Thomas,Single Answer
7917,Who is the offspring of the individual linked to the British loss in the Battle of New Orleans?,difficulty-1,Daniel Smith Donelson,Single Answer
7920,Which band gave a live performance on the broadcasting network that would transmit games over the radio?,difficulty-1,Fleetwood Mac,Single Answer
7923,What was the higher education institution Harry Howith initially enrolled in named?,difficulty-1,Carleton College,Single Answer
7926,Who was the wife of the filmmaker behind Who Killed Santa Claus?,difficulty-1,Martine Carol,Single Answer
7929,Who is the brother of the individual who created Metaphysical Interior with Large Factory?,difficulty-1,Alberto Savinio,Single Answer
7932,Where did the actor from Reds receive their education?,difficulty-1,Northwestern's School of Communication,Single Answer
7935,Which artist collaborates with the vocalist of A Feelin' Like That on Every Storm?,difficulty-1,Co-writer Hillary Lindsey,Single Answer
7938,Who collaborates vocally with the artist performing Kiss Me When I'm Down on Every Storm?,difficulty-1,Co-writer Hillary Lindsey,Single Answer
7941,In what year was the musical group that produced Fergus Sings the Blues established?,difficulty-1,1985,Single Answer
7944,Which vocalist performs on Every Storm alongside the artist of Every Storm?,difficulty-1,Co-writer Hillary Lindsey,Single Answer
7947,Who collaborates vocally on every storm with the artist who sang Watching Airplanes?,difficulty-1,Co-writer Hillary Lindsey,Single Answer
7950,"In the Princess Diaries, which performer portrayed Kate's mother on This is Us?",difficulty-1,Lana Thomas,Single Answer
7953,Which artist collaborates with the vocalist of Get Off on the Pain on Every Storm?,difficulty-1,Co-writer Hillary Lindsey,Single Answer
7956,Who performs Meet Me in Montana alongside the artist of Steppin' Stone?,difficulty-1,Dan Seals,Single Answer
7959,At which institution did the creator of Bonnie and Clyde receive their education?,difficulty-1,Northwestern's School of Communication,Single Answer
7962,What was the initial name of the higher education institution attended by Kevin S. MacLeod?,difficulty-1,Carleton College,Single Answer
7965,Which artist performed 'Meet Me in Montana' alongside the vocalist of 'Who's Sorry Now'?,difficulty-1,Dan Seals,Single Answer
7968,Who was wedded to the individual who triumphed over the British at the Battle of New Orleans?,difficulty-1,Rachel Jackson,Single Answer
7971,Which vocalist performed Meet Me In Montana alongside the artist behind This Is the Way That I Feel?,difficulty-1,Dan Seals,Single Answer
7974,Which vocalist performed Meet Me in Montana alongside the artist known for In My Little Corner of the World?,difficulty-1,Dan Seals,Single Answer
7977,What is the name of the brother of the painter responsible for Gare Montparnasse?,difficulty-1,Alberto Savinio,Single Answer
7980,What administrative division is the urban area containing KNSK situated in?,difficulty-1,Webster County,Single Answer
7983,"Which artist performed Meet Me in Montana, collaborating with the vocalist of There's No Stopping Your Heart?",difficulty-1,Dan Seals,Single Answer
7986,Which vocalist performed Meet Me In Montana alongside the artist behind You're Still New to Me?,difficulty-1,Dan Seals,Single Answer
7989,Which vocalist performed Meet Me In Montana alongside the artist known for There's No Stopping Your Heart?,difficulty-1,Dan Seals,Single Answer
7992,Which educational institution did an actor from Mickey One attend?,difficulty-1,Northwestern's School of Communication,Single Answer
7995,When did the inventor of mechanical television stop airing its broadcasts on the station that previously transmitted FA cup matches via radio?,difficulty-1,June 1932,Single Answer
7998,How many installments featuring the Menendez siblings are there on the show that contains the segment Blackmail?,difficulty-1,eight,Single Answer
8001,where did the performer who portrayed Clyde in Bonnie and Clyde receive education?,difficulty-1,Northwestern's School of Communication,Single Answer
8004,In which administrative division is KLMP situated?,difficulty-1,Pennington County,Single Answer
8007,The programming language that emerged due to the looping issue is partly titled after whose offspring?,difficulty-1,Michael Widenius's daughter,Single Answer
8010,Who is the partner of the individual who oversaw the production of La symphonie fantastique?,difficulty-1,Martine Carol,Single Answer
8013,In how many installments do the siblings involved in the infamous murder case feature in the series that includes the character Serena Southerlyn?,difficulty-1,eight,Single Answer
8016,How many participants comprise the coalition that enforced restrictions on Iran due to its atomic initiative?,difficulty-1,fifteen,Single Answer
8019,"On Every Storm, who performs alongside the artist known for Life Ain't Always Beautiful?",difficulty-1,Co-writer Hillary Lindsey,Single Answer
8022,"In the series featuring Donald Cragen, how many installments focus on the Menendez siblings?",difficulty-1,eight,Single Answer
8025,For what duration did the radio match announcer switch between distinct transmission setups?,difficulty-1,six months,Single Answer
8028,Close to which freshwater expanse was Sarah Nambawa born?,difficulty-1,Lake Victoria,Single Answer
8031,In which city did the author of the verses that inspired 'Ode to Joy' pass away?,difficulty-1,Weimar,Single Answer
8034,"Along with the creator of the sentinel, what film also featured Morgan Freeman and Robert DeNiro?",difficulty-1,Last Vegas,Single Answer
8037,What was the last feature displayed by the corporation that previously aired games over the radio prior to its closure due to the conflict?,difficulty-1,Mickey's Gala Premier,Single Answer
8040,Which vocalist performed Meet Me in Montana and released the album This is the Way that I Feel?,difficulty-1,Dan Seals,Single Answer
8043,Which team holds the record for the most consecutive appearances in the tournament that includes the 1986 NBA Finals?,difficulty-1,The Boston Celtics,Single Answer
8046,What is the count of installments featuring the Menendez Brothers in the series where Anita Van Buren appears?,difficulty-1,eight,Single Answer
8049,"What is the count of installments focusing on the Menendez siblings, in the series that includes the persona Serena Southerlyn?",difficulty-1,eight,Single Answer
8052,"Which film features Morgan Freeman, Robert De Niro and the creator of Flatliners?",difficulty-1,Last Vegas,Single Answer
8055,How many installments included the Menendez siblings in the series featuring Joe Fontana?,difficulty-1,eight,Single Answer
8058,What was the episode count focused on the Menendez siblings in the show that featured an installment titled Mother's Day?,difficulty-1,eight,Single Answer
8061,How many installments focused on the Menendez siblings in the show featuring a made-up persona called Alexandra Borgia?,difficulty-1,eight,Single Answer
8064,The individual who secured the highest number of electoral votes in 1824 had a nephew known by what name?,difficulty-1,Daniel Smith Donelson,Single Answer
8067,Who is the wife of the individual who garnered the highest number of electoral votes in 1824?,difficulty-1,Rachel Jackson,Single Answer
8070,Which team holds the record for the most consecutive participations in the professional basketball competition that the 1971 NBA Finals is a part of?,difficulty-1,The Boston Celtics,Single Answer
8073,Who is the wife of the performer who portrayed the U.S. leader in The American President?,difficulty-1,Catherine Zeta-Jones,Single Answer
8076,What is the count of installments featuring the Menendez siblings in the fictional series where Max Greevey appears?,difficulty-1,eight,Single Answer
8079,What is the number of district representatives in the jurisdiction where The Village is situated?,difficulty-1,three,Single Answer
8082,Where did the individual who encouraged the Virginia house of burgesses to denounce the Stamp Act give his famous speech?,difficulty-1,St. John's Church,Single Answer
8085,The programming language incorporated during the initial trials of IBM's system is named after whose offspring?,difficulty-1,Michael Widenius's daughter,Single Answer
8088,What was the total number of installments focused on the Menendez siblings in the show that included an installment titled Everybody's Favorite Bagman?,difficulty-1,eight,Single Answer
8091,What is the number of participants in the organization from which nations are barred because of insufficient strategic and military influence?,difficulty-1,fifteen,Single Answer
8094,How many installments focused on the Menendez siblings in the fictional series featuring Paul Robinette?,difficulty-1,eight,Single Answer
8097,How many participants does the governing body of United Nations Security Council Resolution 731 consist of?,difficulty-1,fifteen,Single Answer
8100,Which actress portrayed the character in The Princess Diaries who was the vocalist for the song I Could Break Your Heart Any Day of the Week?,difficulty-1,Lana Thomas,Single Answer
8103,"Which film features Morgan Freeman, Robert De Niro, and the spouse of Catherine Zeta-Jones?",difficulty-1,Last Vegas,Single Answer
8106,What is the legislative body for the city that was previously called Coomassie?,difficulty-1,Kumasi Metropolitan Assembly,Single Answer
8109,How many county commissioners does the region where Arcadia is situated possess?,difficulty-1,three,Single Answer
8112,"Which film features Morgan Freeman, Robert De Niro and the creator of The Jewel of the Nile?",difficulty-1,Last Vegas,Single Answer
8115,After which former U.S. president is the facility housing the Christopher C. Kraft Jr. Mission Control Center named?,difficulty-1,Lyndon B. Johnson,Single Answer
8118,Which film features the performer from A Chorus Line?,difficulty-1,Last Vegas,Single Answer
8121,How many members constitute the governing body for the municipality encompassing Valley Brook?,difficulty-1,three,Single Answer
8124,Who performs on Every Storm alongside the musician whose fifth studio album was Watching Airplanes?,difficulty-1,Co-writer Hillary Lindsey,Single Answer
8127,How many county commissioners are there for the county where the municipality of Warr Acres is situated?,difficulty-1,three,Single Answer
8130,At which historic religious building did the primary advocate of the legislation that inspired Jefferson to compose his Statute give his notable address?,difficulty-1,St. John's Church,Single Answer
8133,To whom is the monarch performing in the production titled after the individual whose contributions in The Federalist Papers justify the application of judicial review?,difficulty-1,the rebelling American colonists,Single Answer
8136,Which performer who portrayed the leader in 'The American President' appeared in 'Las Vegas'?,difficulty-1,Last Vegas,Single Answer
8139,Where is the urban center that served as the capital of the Asante kingdom following its unification in the late 1600s?,difficulty-1,Kumasi Metropolitan Assembly,Single Answer
8142,Who was the musician performing on the keyboard in the show featuring He That Believeth in Me as one of its installments?,difficulty-1,Roark Critchlow,Single Answer
8145,In which year was the writer of the Principles of Psychology born?,difficulty-1,1842,Single Answer
8148,Who was the establisher of the republic from which the system of representative governance originates?,difficulty-1,L. Junius Brutus,Single Answer
8151,Who is the paternal figure of the originator of the White Rabbit?,difficulty-1,Charles Dodgson,Single Answer
8154,Who is the parent of the individual who succeeded Derby following his departure?,difficulty-1,Isaac D'Israeli,Single Answer
8157,Which individual established the republic that gave rise to the concept of representative government?,difficulty-1,L. Junius Brutus,Single Answer
8160,Which actor portrayed a pianist in the science fiction show that debuted with an episode titled '33'?,difficulty-1,Roark Critchlow,Single Answer
8163,Who is the father of the individual who invented the Mock Turtle?,difficulty-1,Charles Dodgson,Single Answer
8166,In which year did the writer of The Principles of Psychology pass away?,difficulty-1,1910,Single Answer
8169,Who is the wife of the filmmaker behind Yuppi du?,difficulty-1,Claudia Mori,Single Answer
8172,Who is the parent of the filmmaker responsible for From the Sky Down?,difficulty-1,Charles Guggenheim,Single Answer
8175,Who is a musician in the group that performs The Big Express?,difficulty-1,Andy Partridge,Single Answer
8178,Who is the dad of the filmmaker behind From the Sky Down?,difficulty-1,Charles Guggenheim,Single Answer
8181,Who is the paternal figure of the filmmaker behind Gracie?,difficulty-1,Charles Guggenheim,Single Answer
8184,Who was the musician performing on the keyboard in the television series that included the Hasaris society?,difficulty-1,Roark Critchlow,Single Answer
8187,Who is the male parent of the filmmaker behind Gracie?,difficulty-1,Charles Guggenheim,Single Answer
8190,Who is the parent of the scriptwriter for Gracie?,difficulty-1,Charles Guggenheim,Single Answer
8193,In which year did the Admiral Twin commence operations in the municipality housing the Philbrook Museum?,difficulty-1,1998,Single Answer
8196,In which year did Admiral Twin perform alongside pop musicians from the city housing Heller Theatre?,difficulty-1,1998,Single Answer
8199,Who is the spouse of the filmmaker behind Joan Lui?,difficulty-1,Claudia Mori,Single Answer
8202,When did the person who stated that psychology is the study of mental life pass away?,difficulty-1,1910,Single Answer
8205,When did the admiral twin commence operations in the city housing Oral Roberts University?,difficulty-1,1998,Single Answer
8208,On what date did the parent of Quan Hongzun pass away?,difficulty-1,941,Single Answer
8211,Which music company represents the artist behind Vinternatten?,difficulty-1,Warner Music,Single Answer
8214,In which year was the institution where William Gurley was employed established?,difficulty-1,1824,Single Answer
8217,In which year was the institution established by George Low inaugurated?,difficulty-1,1824,Single Answer
8220,In what year did the Admiral Twin commence operations in the Petroleum Hub of the Globe?,difficulty-1,1998,Single Answer
8223,In which year was the institution that hires Boleslaw Szymanski established?,difficulty-1,1824,Single Answer
8226,When did the consort of Lady Ma pass away?,difficulty-1,941,Single Answer
8229,What league was the squad Don Barry is a member of affiliated with?,difficulty-1,Canadian Football League,Single Answer
8232,Who was the parent of the individual who succeeded Derby upon his resignation in 1868?,difficulty-1,Isaac D'Israeli,Single Answer
8235,In which year was the institution where Garnet Baltimore received his schooling established?,difficulty-1,1824,Single Answer
8238,Who is the male parent of the individual who was the filmmaker behind He Named Me Malala?,difficulty-1,Charles Guggenheim,Single Answer
8241,In which year was the individual who declared psychology as the study of the mind's functions born?,difficulty-1,1842,Single Answer
8244,In what year was the educational institution attended by Charles Lawrence established?,difficulty-1,1824,Single Answer
8247,In which location was the originator of the White Rabbit brought into the world?,difficulty-1,Daresbury,Single Answer
8250,What was the rationale behind the military strategist's decision to reposition his armed forces in With the Century?,difficulty-1,to defend Seoul,Single Answer
8253,In which year did the parent of Qian Hongzuo pass away?,difficulty-1,941,Single Answer
8256,What event signified the conclusion of the origin of the representative governance framework?,difficulty-1,establishment of the Roman Empire.,Single Answer
8259,In which year was the writer of The Varieties of Religious Experience born?,difficulty-1,1842,Single Answer
8262,When was the individual who authored that thrilling information triggering feelings born?,difficulty-1,1842,Single Answer
8265,In which location was the individual who conceptualized the Mock Turtle born?,difficulty-1,Daresbury,Single Answer
8268,In which year did the individual who authored those stimulating truths resulting in feelings pass away?,difficulty-1,1910,Single Answer
8271,When did Australian forces engage in combat in the nation where Langila is located?,difficulty-1,October 1944,Single Answer
8274,In what year was the institution where Ed Anuff received his education established?,difficulty-1,1824,Single Answer
8277,In which year was the establishment of the institution where Thomas Farrell received his education?,difficulty-1,1824,Single Answer
8280,In what year was the institution where James Flaherty received his education established?,difficulty-1,1824,Single Answer
8283,In what year was the scholar who established functional psychology born?,difficulty-1,1842,Single Answer
8286,What league is the squad Elie Ngoyi was part of for a period?,difficulty-1,Canadian Football League,Single Answer
8289,Who is the father of the individual who conceived the grinning feline from Wonderland?,difficulty-1,Charles Dodgson,Single Answer
8292,In which year did the writer of The Varieties of Religious Experience pass away?,difficulty-1,1910,Single Answer
8295,When did the admiral twin commence operations in Oklahoma's second-most populous urban area?,difficulty-1,1998,Single Answer
8298,In which year did the demise occur of the individual who established the doctrine of functionalism and its core tenets?,difficulty-1,1910,Single Answer
8301,Who is a member of the group that performed the track English Settlement?,difficulty-1,Andy Partridge,Single Answer
8304,On what date did the offspring of Qian Liu pass away?,difficulty-1,941,Single Answer
8307,Who was the performer who portrayed the pianist in the show featuring the installment titled Lay Down Your Burdens?,difficulty-1,Roark Critchlow,Single Answer
8310,What event signaled the conclusion of the birthplace of representative governance?,difficulty-1,establishment of the Roman Empire.,Single Answer
8313,In which town did the originator of the grinning feline from Wonderland first see the light of day?,difficulty-1,Daresbury,Single Answer
8316,Which educational institution for adolescents did the vocalist of 'Goddess in the Doorway' attend?,difficulty-1,Dartford Grammar School,Single Answer
8319,During which years did the poet who composed The Solitary Reaper exist?,difficulty-1,1770-1850,Single Answer
8322,In which professional gridiron football organization was the athlete Sean Kehoe affiliated?,difficulty-1,Canadian Football League,Single Answer
8325,After which urban area is Paul Medhurst's squad named?,difficulty-1,"Collingwood, Victoria",Single Answer
8328,When did production commence for the installment of the medical drama where Shepherd's character meets his demise?,difficulty-1,"filming for the eleventh season would begin on July 25, 2014",Single Answer
8331,In what year did Admiral Twin perform as the opening act for Hanson in the urban area recognized as the most inland seaport in the United States?,difficulty-1,1998,Single Answer
8334,What league was Blake Marshall's squad affiliated with?,difficulty-1,Canadian Football League,Single Answer
8337,What educational institution did the vocalist who provided backing vocals for 'You're So Vain' attend?,difficulty-1,Dartford Grammar School,Single Answer
8340,Which political group was the individual succeeding Derby upon his resignation associated with?,difficulty-1,Conservative Party,Single Answer
8343,Which locality is the squad Travis Varcoe associated with titled in honor of?,difficulty-1,"Collingwood, Victoria",Single Answer
8346,Which secondary school did the artist behind She's the Boss go to?,difficulty-1,Dartford Grammar School,Single Answer
8349,In what year was the institution attended by Richard D. Veltri established?,difficulty-1,1824,Single Answer
8352,What was the league of the sports team that Mike Volcan played on?,difficulty-1,Canadian Football League,Single Answer
8355,What is the Queen's position in the church that John Smyth severed his connections with?,difficulty-1,Supreme Governor,Single Answer
8358,When was the technological college that includes the Houston Field House established?,difficulty-1,1824,Single Answer
8361,When was the installment of the medical drama where Derek Shepherd passes away recorded?,difficulty-1,"filming for the eleventh season would begin on July 25, 2014",Single Answer
8364,Why did the father of Kim Pyong-il reposition his armed forces?,difficulty-1,to defend Seoul,Single Answer
8367,During which years did the individual who authored the phrase 'Child is the father of man' exist?,difficulty-1,1770-1850,Single Answer
8370,Which actor performed the piano in the show featuring an episode titled A Measure of Salvation?,difficulty-1,Roark Critchlow,Single Answer
8373,"When did Admiral Twin perform for Hanson, in the city where the renowned Southern Hills Country Club is located?",difficulty-1,1998,Single Answer
8376,When did the installment of Grey's Anatomy featuring Derek's demise commence?,difficulty-1,"September 25, 2014",Single Answer
8379,Why did the individual whose authority to command was revoked by the Chinese government reposition his forces?,difficulty-1,to defend Seoul,Single Answer
8382,The vocalist featured on Sweet Thing received his education at which institution?,difficulty-1,Dartford Grammar School,Single Answer
8385,Which league did the squad Ken Reed was part of compete in?,difficulty-1,Canadian Football League,Single Answer
8388,In what year did the Admiral Twin commence operations in the municipality housing Cedar Ridge Country Club?,difficulty-1,1998,Single Answer
8391,Which educational institution did the frontman of the Rolling Stones go to?,difficulty-1,Dartford Grammar School,Single Answer
8394,"What is the body of water that the county containing Punta Gorda, Florida is named after?",difficulty-1,Charlotte Harbor,Single Answer
8397,In what year did Admiral Twin perform as an opening act for Hanson in the municipality where the Route 66 Association had its headquarters?,difficulty-1,1998,Single Answer
8400,Which high school was attended by the artist who sang Just Another Night?,difficulty-1,Dartford Grammar School,Single Answer
8403,Who is the father of Lady Xu Xinyue's husband?,difficulty-1,Qian Liu,Single Answer
8406,What do most historians regard as the pivotal moment that terminated the initial democratic governance system?,difficulty-1,Roman Senate's grant of extraordinary powers to Octavian,Single Answer
8409,When did the season featuring Derek Shepherd's demise in Grey's Anatomy premiere?,difficulty-1,"September 25, 2014",Single Answer
8412,What proportion of Brigham Young University attendees are affiliated with the religious institution that convenes in Assemblies?,difficulty-1,Approximately 99 percent,Single Answer
8415,Why did the individual accountable for the Korean People's Army's operations reposition his armed forces?,difficulty-1,to defend Seoul,Single Answer
8418,Which league did the squad Glenn McWhinney was part of compete in?,difficulty-1,Canadian Football League,Single Answer
8421,Which educational institution did the artist who performed State of Shock attend?,difficulty-1,Dartford Grammar School,Single Answer
8424,During which years did the creator of The Sparrow's Nest exist?,difficulty-1,1770-1850,Single Answer
8427,What league does the squad Gene Kiniski was part of compete in?,difficulty-1,Canadian Football League,Single Answer
8430,In which professional football organization was Shalon Baker's team a member?,difficulty-1,Canadian Football League,Single Answer
8433,On what date did the installment of Grey's Anatomy featuring Derek's demise premiere?,difficulty-1,"September 25, 2014",Single Answer
8436,In what year did Admiral Twin commence operations in the urban center housing the American Theatre Company?,difficulty-1,1998,Single Answer
8439,In which league did the squad featuring Eddie Brown compete?,difficulty-1,Canadian Football League,Single Answer
8442,Which professional sports organization did the athlete Elie Ngoyi participate in for a portion of his career?,difficulty-1,Canadian Football League,Single Answer
8445,What do most regard as the occurrence that terminated the authority that initiated the concept of representative democracy?,difficulty-1,Roman Senate's grant of extraordinary powers to Octavian,Single Answer
8448,In what year did the Admiral Twin commence operations in the municipality hosting KGTO?,difficulty-1,1998,Single Answer
8451,What was the squad of Rupert Betheras known as?,difficulty-1,"Collingwood, Victoria",Single Answer
8454,In which professional football organization was the sports team of Stanley Blair a member?,difficulty-1,Canadian Football League,Single Answer
8457,On what day did the season of Grey's Anatomy commence where the character Eric passed away?,difficulty-1,"September 25, 2014",Single Answer
8460,Who is the brother or sister of the vocalist for the American version's soundtrack?,difficulty-1,Marie Osmond,Single Answer
8463,Which suburb was the football club that Melbourne defeated in the 1964 grand final named after?,difficulty-1,"Collingwood, Victoria",Single Answer
8466,Which location is the soccer team of Julian Rowe associated with?,difficulty-1,"Collingwood, Victoria",Single Answer
8469,On what date did the partner of Lady Xu Xinyue pass away?,difficulty-1,941,Single Answer
8472,What was the mother tongue of Devdas Mohandas Gandhi's father?,difficulty-1,Gujarati,Single Answer
8475,Which high school did the vocalist who performed alongside Carly Simon on You're So Vain go to?,difficulty-1,Dartford Grammar School,Single Answer
8478,When did production commence for the installment of the medical drama where Derek Shepherd passed away?,difficulty-1,"filming for the eleventh season would begin on July 25, 2014",Single Answer
8481,Who was the musician performing on the keyboard in the fictional production featuring Captain Apollo?,difficulty-1,Roark Critchlow,Single Answer
8484,"To which family does the bare-backed fruit bat belong, which is named after the area where the Langila volcano is found?",difficulty-1,Dobsonia,Single Answer
8487,Which faction's influence grew following the emergence of the concept of representative governance?,difficulty-1,Republican pontifices,Single Answer
8490,What proportion of Brigham Young University pupils belong to the religious organization responsible for the Children's Songbook?,difficulty-1,Approximately 99 percent,Single Answer
8493,Which network initially aired the first season of the series featuring the Hasaris?,difficulty-1,Sci-Fi Channel,Single Answer
8496,What is the Queen's position in the religious institution established by King Henry VIII?,difficulty-1,Supreme Governor,Single Answer
8499,What is the mother tongue of the individual who violated the salt legislation in Belgium in 1930?,difficulty-1,Gujarati,Single Answer
8502,Which educational institution did the backing vocalist of You're So Vain go to?,difficulty-1,Dartford Grammar School,Single Answer
8505,The individual who succeeded Derby in 1868 upon his resignation belonged to which political faction?,difficulty-1,Conservative Party,Single Answer
8508,Which network first aired the initial season of the show featuring the episode 'He That Believeth in Me'?,difficulty-1,Sci-Fi Channel,Single Answer
8511,When did the installment of Grey's Anatomy featuring the demise of Derek Shepherd premiere?,difficulty-1,"September 25, 2014",Single Answer
8514,What proportion of Brigham Young University attendees belong to the organization that issued The House of the Lord?,difficulty-1,Approximately 99 percent,Single Answer
8517,When did the season of Grey's Anatomy where McDreamy passes away begin?,difficulty-1,"September 25, 2014",Single Answer
8520,Who established the firm responsible for manufacturing the LMS diesel shunter 7058?,difficulty-1,Baron Armstrong,Single Answer
8523,During which month and year did the military forces of Australia engage in combat in the birthplace of Conrad Gozzo?,difficulty-1,October 1944,Single Answer
8526,During which years did the author of the poem featuring a multitude of golden daffodils live?,difficulty-1,1770-1850,Single Answer
8529,What proportion of Brigham Young University's student body adheres to the faith endorsed by George Durrant?,difficulty-1,Approximately 99 percent,Single Answer
8532,When did Australian forces engage in combat in the region housing Stag Arms's main office?,difficulty-1,October 1944,Single Answer
8535,What was the mother tongue of the individual who started the non-cooperation campaign in India?,difficulty-1,Gujarati,Single Answer
8538,During which years did the poet who composed 'I Wandered Lonely as a Cloud' exist?,difficulty-1,1770-1850,Single Answer
8541,In what year was the institution of higher learning associated with Robert J. Dennis established?,difficulty-1,1824,Single Answer
8544,When did the installment of Grey's Anatomy featuring Derek Shepherd's demise premiere?,difficulty-1,"September 25, 2014",Single Answer
8547,When did production for the season of Grey's Anatomy where Derek Shepard passed away commence?,difficulty-1,"filming for the eleventh season would begin on July 25, 2014",Single Answer
8550,Which assembly's influence grew following the establishment of the representative governance framework originating from the republic?,difficulty-1,Republican pontifices,Single Answer
8553,On what date did the medical drama featuring Derek Shepherd's demise commence its season?,difficulty-1,"September 25, 2014",Single Answer
8556,Which high school did the supporting vocalist of You're So Vain attend?,difficulty-1,Dartford Grammar School,Single Answer
8559,What is the Queen's position in the faith where all scholars employed at the two British universities are affiliated?,difficulty-1,Supreme Governor,Single Answer
8562,The musician providing harmonies for You're So Vain studied at which selective secondary school?,difficulty-1,Dartford Grammar School,Single Answer
8565,What educational institution was attended by the artist who provided backing vocals on You're So Vain?,difficulty-1,Dartford Grammar School,Single Answer
8568,Who is the lead singer of the group that produced Apple Venus Volume 1?,difficulty-1,Andy Partridge,Single Answer
8571,"During World War II, when did forces from Australia engage in combat in the homeland of Erin Stewart?",difficulty-1,October 1944,Single Answer
8574,What is the mother tongue of the individual who authored the publication Young India in 1931?,difficulty-1,Gujarati,Single Answer
8577,How many soldiers did the Ottoman Empire dispatch to the hometown of Levon Ishtoyan?,difficulty-1,30000,Single Answer
8580,Which network initially aired season 1 of the show featuring the episode 'Lay Down Your Burdens'?,difficulty-1,Sci-Fi Channel,Single Answer
8583,What was the number of soldiers dispatched by the Ottoman forces to the birthplace of Armen Tigranian?,difficulty-1,30000,Single Answer
8586,What was the number of soldiers dispatched by the Ottoman forces to the native town of Artyom Shaloyan?,difficulty-1,30000,Single Answer
8589,What was the number of soldiers dispatched by the Ottoman forces to the birthplace of Hayk Kotanjian?,difficulty-1,30000,Single Answer
8592,How did certain observers interpret the alterations made by the father of evolutionary theory to the wording in his publication?,difficulty-1,some commentators have taken this as a concession to religion that Darwin later regretted,Single Answer
8595,What was the number of soldiers dispatched by the Ottoman forces to the hometown of Hagob Donabedian?,difficulty-1,30000,Single Answer
8598,How many soldiers did the Ottoman Empire dispatch to the hometown of Art Hovhannisyan?,difficulty-1,30000,Single Answer
8601,How many soldiers did the Ottoman forces dispatch to the birthplace of Nariné Simonian?,difficulty-1,30000,Single Answer
8604,What proportion of Brigham Young University attendees belong to the organization associated with the film 'Man's Search for Meaning'?,difficulty-1,Approximately 99 percent,Single Answer
8607,"When did Tottenham Hotspur, Arsenal's fiercest adversary, last secure a championship?",difficulty-1,2015,Single Answer
8610,What was the perception of the individual associated with the location where Eugene Blair passed away regarding alterations in his publication?,difficulty-1,some commentators have taken this as a concession to religion that Darwin later regretted,Single Answer
8613,What is the name of the religious organization that John Smith severed connections with and the congregations that are in agreement with it?,difficulty-1,the Anglican Communion,Single Answer
8616,"During the Crimean War, what was the number of soldiers dispatched by the Ottoman Empire to the city where Harutyun Vardanyan was born?",difficulty-1,30000,Single Answer
8619,How many soldiers did the Ottoman forces dispatch to the Armenian urban center hosting a Russian garrison?,difficulty-1,30000,Single Answer
8622,What was the lifespan of the individual who authored the introduction to the second edition of Lyrical Ballads?,difficulty-1,1770-1850,Single Answer
8625,"When was the most recent occasion the champion of the women's top-tier league in 2017, secured a title?",difficulty-1,2015,Single Answer
8628,How many soldiers did the Ottoman Empire deploy to the hometown of Sergei Martynov in the Crimean conflict?,difficulty-1,30000,Single Answer
8631,When did the squad that competed in the 1901 FA Cup Final last secure a championship?,difficulty-1,2015,Single Answer
8634,In which year did the athletic squad featuring Percy Hooper secure their most recent championship?,difficulty-1,2015,Single Answer
8637,To which family does the bare-backed fruit bat from the region housing Stag Arms' main office pertain?,difficulty-1,Dobsonia,Single Answer
8640,"To which family does the bare-backed fruit bat belong, a species native to the homeland of Erin Stewart?",difficulty-1,Dobsonia,Single Answer
8643,On what date was the determination made to depart from the location where 6th generation iPods restrict the maximum sound output of the device?,difficulty-1,23 June 2016,Single Answer
8646,When did the squad featuring Jimmy Dimmock last secure a championship?,difficulty-1,2015,Single Answer
8649,When was the most recent occasion the squad featuring Darren Anderton secured a championship?,difficulty-1,2015,Single Answer
8652,When did the squad led by Fred Sargent last secure a championship?,difficulty-1,2015,Single Answer
8655,What is a term for the faith of all naturalists employed at the two English universities and churches associated with it?,difficulty-1,the Anglican Communion,Single Answer
8658,"What family does the hairless-backed fruit bat, found in the birthplace of Conrad Gozzo, belong to?",difficulty-1,Dobsonia,Single Answer
8661,When did Australian forces engage in combat in the nation housing Hoskins airfield?,difficulty-1,October 1944,Single Answer
8664,When did the squad led by Stephen Clemence last secure a championship?,difficulty-1,2015,Single Answer
8667,Which network initially aired the first season of the show featuring the episode A Measure of Salvation?,difficulty-1,Sci-Fi Channel,Single Answer
8670,When did the club managed by George Piper last secure a championship?,difficulty-1,2015,Single Answer
8673,When did Carl Hoddle's squad last secure a championship?,difficulty-1,2015,Single Answer
8676,What was the native tongue of the progenitor of Devdas Mohandas Gandhi?,difficulty-1,Gujarati,Single Answer
8679,What is the name for the religious body established by King Henry VIII and the congregations that follow its doctrines?,difficulty-1,the Anglican Communion,Single Answer
8682,When did the competitor in the 1921 Football Association Cup Final last secure a championship?,difficulty-1,2015,Single Answer
8685,Which languages were spoken by the individual who started the non-cooperation movement in India?,difficulty-1,Gujarati,Single Answer
8688,What dialect was spoken by the individual who violated the salt regulation in Belgaum in 1930?,difficulty-1,Gujarati,Single Answer
8691,What is the mother tongue of the individual who authored the publication Young India in 1931?,difficulty-1,Gujarati,Single Answer
8694,In which year did the Scandinavian nation become part of the economic system where 6th generation iPods restricted the maximum audio output?,difficulty-1,1972,Single Answer
8697,What was the mother tongue of the individual who led a protest on the Tanjore shoreline to violate the salt legislation in 1930?,difficulty-1,Gujarati,Single Answer
8700,Which network initially aired the first season of the series that includes a figure called Captain Apollo?,difficulty-1,Sci-Fi Channel,Single Answer
8703,"What did certain analysts consider regarding the initial scholar's decision to classify facial expressions as pre-verbal, altering the final statement in his publication?",difficulty-1,some commentators have taken this as a concession to religion that Darwin later regretted,Single Answer
8706,How did the individual who first used the phrase 'abominable mystery' react to assertions that some creatures might not have developed via natural selection?,difficulty-1,Darwin proposed scenarios for the incremental evolution of each feature.,Single Answer
8709,To which family does the bare-skinned flying mammal pertain in the vicinity of Hoskins Airport?,difficulty-1,Dobsonia,Single Answer
8712,How many soldiers did the Ottoman forces dispatch to the location hosting Shirak International Airport?,difficulty-1,30000,Single Answer
8715,How did the individual the metropolis where Eugene Blair passed away was named after react to the assertions that specific creatures could not have developed through natural selection?,difficulty-1,Darwin proposed scenarios for the incremental evolution of each feature.,Single Answer
8718,Which tongue was spoken by the individual who orchestrated a protest on the Tanjore shoreline to defy the salt legislation in 1930?,difficulty-1,Gujarati,Single Answer
8721,How did the initial study proposing that facial expressions precede language react to assertions that creatures couldn't have developed via survival of the fittest?,difficulty-1,Darwin proposed scenarios for the incremental evolution of each feature.,Single Answer
8724,Which individual holds the record for the most victories at the Masters Tournament?,difficulty-1,an American retired professional golfer,Single Answer
8727,What is the profession of the individual who secured the highest number of major championships in golf?,difficulty-1,an American retired professional golfer,Single Answer
8730,What is the professional status of the individual who secured the highest number of major championships in golf?,difficulty-1,an American retired professional golfer,Single Answer
8733,Which American retired professional golfer holds the record for the most Masters green jackets?,difficulty-1,an American retired professional golfer,Single Answer
8736,Who is the partner of the filmmaker responsible for the Dark Knight trilogy?,difficulty-1,Helena Bonham Carter,Single Answer
8739,"Which athlete from the United States, who has ended their career in professional golf, holds the record for the most major championships?",difficulty-1,an American retired professional golfer,Single Answer
8742,Who holds the record for the most victories in major golf championships?,difficulty-1,an American retired professional golfer,Single Answer
8745,What is the profession of the individual who secured the highest number of major championships in golf?,difficulty-1,an American retired professional golfer,Single Answer
8748,Who is the individual who secured the highest number of PGA major championships?,difficulty-1,an American retired professional golfer,Single Answer
8751,What is the profession of the individual who has secured the most green jackets in golf?,difficulty-1,an American retired professional golfer,Single Answer
8754,What language is the museum where Wrestlers is situated in?,difficulty-1,Italian,Single Answer
8757,What style of melodies was created by the vocalist of the record Emerging?,difficulty-1,contemporary Christian music,Single Answer
8760,What kind of athlete is the 1965 Masters Tournament winner?,difficulty-1,an American retired professional golfer,Single Answer
8763,"Where was the Wrestlers sculpture created by the renowned Italian artist and author of 'Lives of the Most Excellent Painters, Sculptors, and Architects' located?",difficulty-1,Giorgio Vasari,Single Answer
8766,What is the profession and country of origin of the individual who has secured the highest number of men's major golf titles?,difficulty-1,an American retired professional golfer,Single Answer
8769,The individual who has achieved the highest number of runner-up positions in Golf majors is currently identified as what?,difficulty-1,an American retired professional golfer,Single Answer
8772,Who established the corporation responsible for creating the VT100 terminal?,difficulty-1,Ken Olsen,Single Answer
8775,Who established the corporation responsible for the DECSYSTEM-20?,difficulty-1,Ken Olsen,Single Answer
8778,Which American retired professional golfer emerged victorious at the 1971 PGA Championship?,difficulty-1,an American retired professional golfer,Single Answer
8781,Who was the location where Michelangelo's Pieta is housed designed by?,difficulty-1,Giorgio Vasari,Single Answer
8784,David Jones is a national athlete in rugby union and an additional sport that commenced in which year?,difficulty-1,1895,Single Answer
8787,Who married the actress who played the queen in The King's Speech?,difficulty-1,Tim Burton,Single Answer
8790,What year did the competition the Scone Thoroughbreds participate in commence?,difficulty-1,1895,Single Answer
8793,Who established the firm recognized for producing the LINC-8?,difficulty-1,Ken Olsen,Single Answer
8796,The novelist behind Bonfire of the Vanities also authored which renowned non-fiction work?,difficulty-1,The Electric Kool-Aid Acid Test,Single Answer
8799,"What is the principal city of the region where Naples, Florida is situated?",difficulty-1,East Naples,Single Answer
8802,What is the name of the encoding standard that expanded upon the ASCII character set?,difficulty-1,ISO 8859-1,Single Answer
8805,Who established the corporation responsible for producing the Rainbow 100?,difficulty-1,Ken Olsen,Single Answer
8808,What honor was bestowed upon the writer of Bonfire of the Vanities?,difficulty-1,Jefferson Lecture,Single Answer
8811,What is the administrative center of the Florida county that encompasses Marco Island?,difficulty-1,East Naples,Single Answer
8814,Who was the wife of the musician who created In the Hall of the Mountain King?,difficulty-1,Nina Grieg,Single Answer
8817,What is the number of inhabitants in the Indian metropolis housing the National Physical Laboratory?,difficulty-1,"249,998",Single Answer
8820,Which specification is characterized by the prevalent framework for internal operations?,difficulty-1,ISO 8859-1,Single Answer
8823,In which year did the game that Christopher McKivat participates in begin?,difficulty-1,1895,Single Answer
8826,Who is the partner of the performer portraying the ruler of hearts in Alice in Wonderland?,difficulty-1,Tim Burton,Single Answer
8829,In which year did the competition that the digital game NRL Mascot Mania represents commence?,difficulty-1,1895,Single Answer
8832,Who was the architect responsible for the design of the location housing the Badia Polyptych?,difficulty-1,Giorgio Vasari,Single Answer
8835,During which decade did the producer of Mirinda transition from using sugar to high-fructose corn syrup?,difficulty-1,the 1980s,Single Answer
8838,In which year did the competition commence for the game featuring a squad called the New Broughton Rangers?,difficulty-1,1895,Single Answer
8841,In which year did the association connected to the game contested at the Sydney Sports Ground commence?,difficulty-1,1895,Single Answer
8844,Who is wed to the performer portraying the female primate in Planet of the Apes?,difficulty-1,Tim Burton,Single Answer
8847,Who is the partner of the individual who portrayed the queen of hearts in Alice in Wonderland?,difficulty-1,Tim Burton,Single Answer
8850,Where did the composer of 'In the Hall of the Mountain King' pass away?,difficulty-1,Bergen,Single Answer
8853,Who is the partner of the principal filmmaker behind Big Eyes?,difficulty-1,Helena Bonham Carter,Single Answer
8856,What is the encoding standard that includes ASCII and is accessible via Windows?,difficulty-1,Microsoft Layer,Single Answer
8859,During which decade did the proprietor of Izze switch from sugar to corn syrup?,difficulty-1,the 1980s,Single Answer
8862,What portion of the character encoding that ASCII was integrated into is utilized by the Microsoft operating system?,difficulty-1,WGL-4 with 652 characters,Single Answer
8865,When did the flame arrive at the site housing India's National Physical Laboratory?,difficulty-1,April 17,Single Answer
8868,Who is the partner of the performer portraying the enchanted guardian in the latest Cinderella adaptation?,difficulty-1,Tim Burton,Single Answer
8871,In which tongue is the site of The Test of Fire of Moses situated?,difficulty-1,Italian,Single Answer
8874,Which architect created the structure housing the Ognissanti Madonna?,difficulty-1,Giorgio Vasari,Single Answer
8877,Who is the partner of the performer who portrayed the Red Queen in Alice in Wonderland?,difficulty-1,Tim Burton,Single Answer
8880,During which decade did the producer of Josta switch from sugar to high-fructose corn syrup?,difficulty-1,the 1980s,Single Answer
8883,Who was the architect responsible for the structure housing The Test of Fire of Moses?,difficulty-1,Giorgio Vasari,Single Answer
8886,During which decade did the proprietor of Rice-A-Roni switch from utilizing sugar to employing corn syrup?,difficulty-1,the 1980s,Single Answer
8889,Who is the sister of the filmmaker behind Everyone Says I Love You?,difficulty-1,Letty Aronson,Single Answer
8892,During which decade did the producer of Teem switch from sucrose to high-fructose corn syrup?,difficulty-1,the 1980s,Single Answer
8895,How many districts are in the urban area where the premier metrology institute is situated in India?,difficulty-1,11,Single Answer
8898,During which decade did the producer of Tava switch from sugar to corn syrup?,difficulty-1,the 1980s,Single Answer
8901,Which subset of the primary encoding system for internal operations is utilized by Windows?,difficulty-1,WGL-4 with 652 characters,Single Answer
8904,During which decade did the producer of Aspen Soda switch from using sugar to high-fructose corn syrup?,difficulty-1,the 1980s,Single Answer
8907,During which period does the rainy season occur in the city housing India's premier meteorological research institution?,difficulty-1,the middle of the summer,Single Answer
8910,"In which year did the athletic association, which includes the 1999 Cairns Cyclones campaign, commence?",difficulty-1,1895,Single Answer
8913,The Roman letters employed in Pe̍h-ōe-jī can be encoded using a character encoding that adheres to which specification?,difficulty-1,ISO 8859-1,Single Answer
8916,When did the producer of Manzanita Sol transition from sugar to high-fructose corn syrup?,difficulty-1,the 1980s,Single Answer
8919,Who was the architect responsible for the structure housing the Portrait of Guidobaldo da Montefeltro?,difficulty-1,Giorgio Vasari,Single Answer
8922,How many characters are identical at the start of ASCII and the primary system for internal operations?,difficulty-1,128 symbols,Single Answer
8925,On what date did the territory where the Acoma Pueblo Uprising of 1598 occurred join the United States?,difficulty-1,"January 6, 1912",Single Answer
8928,Who was the architect responsible for the building housing the Portrait of Francesco delle Opere?,difficulty-1,Giorgio Vasari,Single Answer
8931,In which administrative division was the comedian Tim Meadows born?,difficulty-1,Wayne County,Single Answer
8934,In which region of the state that witnessed the Acoma Pueblo Revolt of 1598 can the San Juan Range be found?,difficulty-1,northwestern New Mexico,Single Answer
8937,What is the total area in square miles of the urban center where India's national physical laboratory is situated?,difficulty-1,16.5 sq mi,Single Answer
8940,What language is spoken in the location housing the Portrait of Bia de' Medici?,difficulty-1,Italian,Single Answer
8943,In which urban area is the university Danny Manning played for situated?,difficulty-1,Lawrence,Single Answer
8946,During which decade did the financial backer of the Super Bowl's halftime performance switch from sugar to corn syrup?,difficulty-1,the 1980s,Single Answer
8949,In what year was the competition founded where an unbeaten Arsenal squad claimed the championship during the 2003-2004 campaign?,difficulty-1,1992,Single Answer
8952,Which architect created the location housing the Portrait of Bia de' Medici?,difficulty-1,Giorgio Vasari,Single Answer
8955,When does the rainy period conclude in the region where the 1598 uprising by the Acoma people occurred?,difficulty-1,mid-September,Single Answer
8958,Which architect was responsible for creating the gallery that houses the Portrait of Guidobaldo da Montefeltro?,difficulty-1,Giorgio Vasari,Single Answer
8961,"Microsoft's operating system employs what specific character set that includes all Latin letters needed for POJ, consisting of 652 symbols?",difficulty-1,WGL-4 with 652 characters,Single Answer
8964,"Through the Windows operating system, on what platform is the collection of symbols accessible, which can depict all Latin letters needed by POJ?",difficulty-1,Microsoft Layer,Single Answer
8967,In which administrative division was Bobby Joe born?,difficulty-1,Wayne County,Single Answer
8970,When did the beverage corporation Beyonce collaborated with starting in 2002 switch from sugar to high-fructose corn syrup?,difficulty-1,the 1980s,Single Answer
8973,What year marked the establishment of the competition where the Gunners claimed the title in the 2003-2004 campaign undefeated?,difficulty-1,1992,Single Answer
8976,What intensity tremor impacted the national physical laboratory in India during September 2011?,difficulty-1,4.2-magnitude,Single Answer
8979,What specification is outlined by the framework that is predominantly employed for constructing modern data handling mechanisms?,difficulty-1,ISO 8859-1,Single Answer
8982,"What was the approval rating during the 9/11 attacks, of the U.S. leader who was the offspring of the previous president who enacted the Civil Rights Act of 1991?",difficulty-1,surged to near 90%,Single Answer
8985,How many of the characters are identical at the start of the ASCII set and the encoding system that accommodates all Latin letters needed for POJ?,difficulty-1,128 symbols,Single Answer
8988,How did the individual who enacted the Civil Rights Act of 1991 attempt to demonstrate that he was the more resolute and formidable contender?,difficulty-1,"presenting himself as a decisive leader and contrasted Kerry as a ""flip-flopper.""",Single Answer
8991,When were the Asian games first hosted where the country's premier measurement standards institute is situated?,difficulty-1,1951,Single Answer
8994,The Asian games were most recently held in the city where the National Physical Laboratory in India is located in what year?,difficulty-1,1982,Single Answer
8997,What was a significant piece by the individual who impacted the evolution of the new journalism movement in the United States?,difficulty-1,The Electric Kool-Aid Acid Test,Single Answer
