item_index,problem,problem_category,answer,answer_type
1,"What is the only Hollywood film released in 1970 that was directed by Stuart Rosenberg and starred Elliott Gould, capturing NYC's counterculture?",difficulty-2,Move,Single Answer
4,"What is the name of the 1941 film that is part of a long-running B-movie detective series produced by RKO Radio Pictures, inspired by the 1940 novel *Gay Falcon* by Michael Arlen?",difficulty-2,The Falcon,Single Answer
7,"Which Pre-Code Hollywood musical comedy, produced by RKO Radio Pictures and starring Bert Wheeler and Robert Woolsey, was released in 1934?",difficulty-2,Charge It To Me,Single Answer
10,"Who is the daughter of Einar Gerhardsen, the 'Father of the Nation' in Norway, and served as the first female Mayor of Oslo?",difficulty-2,The first female Mayor of Oslo,Single Answer
13,"What is the language that is part of the Finno-Ugric branch of the Uralic language family, unrelated to most European languages?",difficulty-2,Hungarian,Single Answer
16,What is the significance of the name that combines 'sruthi' (Vedic scriptures/musical pitch) and 'layalu' (rhythm/melody)?,difficulty-2,The name reflects a deep connection to Carnatic music and spiritual traditions,Single Answer
19,What is the only historical region in Eastern Europe known for its distinct folk tradition of using the tulnic alpine horn and traditional woodcarving techniques?,difficulty-2,Raizdos,Single Answer
22,What is the film where Jean Arthur plays a witty ex-wife opposite William Powell in a 1936 screwball comedy set in New York City?,difficulty-2,The only William Powell film released the same year as 'My Man Godfrey' where he transitions to screwball comedy,Single Answer
25,What is the title of the Tamil-language film that reflects the storytelling traditions of Kollywood and revolves around themes of mentorship or education?,difficulty-2,Engal Aasan,Single Answer
28,"Which city is home to the Colosseum, the largest ancient amphitheater ever built, completed in 80 AD?",difficulty-2,The Eternal City,Single Answer
31,"Which high school in Indiana, known for being part of the first electrically lighted city in the world, has athletic teams called the Wabash Apaches competing in the Three Rivers Conference?",difficulty-2,Wabash High School,Single Answer
34,"Who is the author of *Kettle Bottom* (2004), a poetry collection exploring Appalachian coal miners' lives?",difficulty-2,The poet with a PhD in Romance Languages and Literatures from Ohio State University,Single Answer
37,"What is the title of the book by British mountaineer Joe Simpson that details his personal reflections on climbing, risk, and mortality, particularly his near-fatal experiences in the Andes and his later climbs in the Alps, with a central theme of his obsession with the treacherous Eiger North Face in the Swiss Alps?",difficulty-2,The Beckoning Silence,Single Answer
40,"What is the only country to have been formed by the unification of French and British colonial territories, resulting in its official bilingualism and a distinct legal system?",difficulty-2,Canada,Single Answer
43,"Which country is home to one of the world’s oldest civilizations—the Indus Valley Civilization (c. 3300–1300 BCE), known for advanced urban planning, trade, and early writing systems?",difficulty-2,The land of the Himalayas,Single Answer
46,"What is the name of the estate located at 3764 Elvis Presley Boulevard in Memphis, Tennessee, that was the primary residence of the 'King of Rock and Roll' from 1957 until his death in 1977?",difficulty-2,Graceland,Single Answer
49,What is the title of the poetry collection by Gwendolyn MacEwen that blends modernist style with mythological themes and was published in 1966?,difficulty-2,Wandering Fires,Single Answer
52,"Who is known as the 'Mother of the Nation' and founded the UAE Women's Federation in 1975, while also advocating for education and health initiatives?",difficulty-2,Fatima Bint Mubarak Al Ketbi (Umm Emirate),Single Answer
55,"Which 1954 film noir was co-written by Ida Lupino, produced by The Filmakers, and explores themes of police corruption and moral ambiguity?",difficulty-2,Private Hell 36,Single Answer
58,"What is the name of the Malaysian IT solutions company headquartered in Petaling Jaya, Selangor, specializing in HR and payroll systems since 1996?",difficulty-2,The HR and payroll software provider established in 1996,Single Answer
61,"Which historical figure, known as 'The Moonlit Queen of Resistance,' ruled the Gond kingdom in the 16th century and defied the Mughal Empire?",difficulty-2,Chandirani,Single Answer
64,Who was the German World War I veteran who later led a Freikorps unit involved in suppressing communist uprisings and fought in the Baltic conflicts in 1919?,difficulty-2,The leader of Freikorps 'Maas',Single Answer
67,"Which Indian athlete, known for winning a gold medal in the 4x400m relay at the 2017 Asian Athletics Championships, hails from Haryana and trained under the Sports Authority of India (SAI) system?",difficulty-2,The 400-meter specialist from Haryana who clinched relay gold in 2017,Single Answer
70,"Which operetta by Jacques Offenbach, premiered posthumously in 1880, features a lighthearted romantic plot with mistaken identities and was adapted for Viennese audiences?",difficulty-2,The operetta adapted from Offenbach's unfinished work *Belle Lurette*,Single Answer
73,"Which institution was the first 'Redbrick' civic university in England, features a campus designed by Sir Aston Webb, and pioneered the cesium atomic clock?",difficulty-2,The first 'Redbrick' civic university in England,Single Answer
76,"What is the name of the shipbuilding company based in New London, Connecticut, known for constructing tugboats and barges during the mid-20th century?",difficulty-2,The vessel craftsmen of the Thames,Single Answer
79,"What is the title of the historical Chinese film directed by Zhang Yimou, released in 2023, that depicts the struggles of Chinese soldiers during the War of Resistance against Japan (1937–1945)?",difficulty-2,The cinematic portrayal of Eighth Route Army's guerrilla warfare in Shanxi,Single Answer
82,"What is the title of the 1916 silent film directed by Charlie Chaplin, set in New York City, and produced by the Mutual Film Corporation, reflecting early 20th-century attitudes toward immigration and cultural clashes in America?",difficulty-2,An International Marriage,Single Answer
85,"Which 1982 cult horror film faced censorship battles for its graphic violence and homoerotic subtext, gained a following for its queer-coded villains, and was an early independent blend of slasher and psychological drama?",difficulty-2,"Butcher, Baker, Nightmare Maker",Single Answer
88,What term originates from the name of an Italian explorer whose writings helped distinguish a continent in the early 16th century?,difficulty-2,American,Single Answer
91,"What is the name of the Tamil neo-noir trilogy that is often cited as India’s first full-fledged neo-noir film, blending crime, gangster elements, and existential themes with a distinctly Tamil flavor?",difficulty-2,Aaranya Kaandam,Single Answer
94,"What is the 1966 Western film directed by John Holland, set in the American frontier, and starring Robert Dix?",difficulty-2,Prince of the Plains,Single Answer
97,What is the unique attribute of the film that blends romantic comedy with fantasy elements and is based on a French novel?,difficulty-2,The film is an early example of a Hollywood adaptation of a contemporary French bestseller,Single Answer
100,"What is the phrase that became a symbol of masculinity and status during the Victorian era, linked to the American West, and now associated with beard clubs?",difficulty-2,The phrase describing rapid beard growth in the 19th century,Single Answer
103,"What is the historical epic set during the late Yuan Dynasty, featuring Goryeo diplomats stranded in China, shot in vast desert landscapes, and one of South Korea's most expensive productions at the time?",difficulty-2,Musa (Film) (2001),Single Answer
106,"Which Iranian city, founded in the 3rd century CE by Ardashir I, is renowned for its pistachio production and sits at an elevation of 1,755 meters?",difficulty-2,The city with the Ganjali Khan Complex,Single Answer
109,Who was the Scottish-South African minister known for founding the Huguenot Seminary and writing over 240 Christian books?,difficulty-2,Andrew Murray,Single Answer
112,"What is the primary commercial airport serving California’s North Coast region, known for its proximity to Redwood National and State Parks?",difficulty-2,The fog-prone coastal gateway with WWII military origins,Single Answer
115,What is the only German city that was divided by the Berlin Wall during the Cold War?,difficulty-2,Berlin,Single Answer
118,"What is the title of the traditional Irish folk song that reflects rural Irish life and agrarian customs, often associated with pastoral themes in Celtic music, and is believed to date back to at least the early 19th century?",difficulty-2,The dairy ballad of the countryside maiden,Single Answer
121,What is the historical significance of the landlocked West African nation known for its ancient universities and the wealth of Mansa Musa?,difficulty-2,Malian,Single Answer
124,Which 1938 film in the *Mr. Moto* series is set in French Indochina and starred Peter Lorre as a detective?,difficulty-2,The only film in the *Mr. Moto* series where the protagonist navigates colonial intrigue in French Indochina,Single Answer
127,"What is the name of the river in Guatemala that originates in the Sierra Madre mountain range, flows approximately 145 km southwest, and empties into the Pacific Ocean?",difficulty-2,Samalá River,Single Answer
130,"What is the name of the British silent film released in 1922, directed by A.V. Bramble and starring Henry Ainley, which reflects early 20th-century cinema trends before the rise of talkies?",difficulty-2,Playing the Game,Single Answer
133,"Which city is home to the Tower of London, a nearly 1,000-year-old fortress built by William the Conqueror in 1078, and also hosts the City of London, a global financial hub?",difficulty-2,The city bisected by the River Thames,Single Answer
136,"What is the title historically known as custodians or administrators of Hindu temples, overseeing religious rituals and disputes related to Dharma?",difficulty-2,Dharm Adhikari,Single Answer
139,"Which Malayalam novel, celebrated for its bold portrayal of women's struggles and resilience in patriarchal societies, was written by Sarah Joseph and published in 2000?",difficulty-2,Sthree Sahasam,Single Answer
142,What is the name of the 1997 legal comedy film starring Jim Carrey as a fast-talking lawyer who is magically forced to tell the truth for 24 hours?,difficulty-2,The film where a cursed attorney can't lie for a day,Single Answer
145,"What is the song by The Fall that was released in 2008 as part of their album *Imperial Wax Solvent* and recorded in Prestwich, Greater Manchester?",difficulty-2,The experimental post-punk track with improvisational lyrics,Single Answer
148,What is the 1953 film that dramatizes the founding of the legendary mail delivery service connecting the eastern U.S. to California during the pre-telegraph era?,difficulty-2,Pony Express (film),Single Answer
151,Who is the actor known for playing KC Guthrie in 'Degrassi: The Next Generation' and is also a touring member of The Sam Roberts Band?,difficulty-2,The actor known for playing KC Guthrie in 'Degrassi: The Next Generation' and a touring member of The Sam Roberts Band,Single Answer
154,What is the nickname of the city that lies between the Willamette and Columbia Rivers and is just 50 miles east of Mount Hood?,difficulty-2,Stumptown,Single Answer
157,"What is the name of the small lake in Schwerin, Mecklenburg-Vorpommern, Germany, historically used for fishing and ice harvesting in the 19th and early 20th centuries?",difficulty-2,The body of water near Schwerin's city center,Single Answer
160,What is the Malayalam novel that won the Kendra Sahitya Akademi Award in 1992 and is set in Kerala's rural landscapes?,difficulty-2,The literary work by C. Radhakrishnan published in 1989,Single Answer
163,"What is the only Netflix adaptation of Stephen King's novella set in Hemingford Home, Nebraska?",difficulty-2,1922 (2017 Film),Single Answer
166,"Who was the younger brother of William Lamb, 2nd Viscount Melbourne, known for his verse translations of Euripides' tragedies and serving as an MP for Westminster and Dungarvan?",difficulty-2,George Lamb,Single Answer
169,"What was the short-lived musical side project of Craig Owens, blending emo, pop-punk, and alternative rock?",difficulty-2,Cinematic Sunrise,Single Answer
172,"Which city, known as the 'Eternal City', was the capital of the Roman Empire and contains an independent sovereign state within its borders?",difficulty-2,Rome,Single Answer
175,"What is the Inuktitut word meaning 'me' or 'I,' reflecting the deep cultural and linguistic heritage of the Inuit people in Canada, particularly in Nunavut and the Arctic regions?",difficulty-2,The self-referential term in Inuktitut,Single Answer
178,Which 1955 song by the pioneering duo known for multi-track recording innovations features layered vocal harmonies and early rock-and-roll influences?,difficulty-2,Hummingbird,Single Answer
181,Who was the Mughal noble and scholar credited with writing *Tabaqat-i-Akbari* during Emperor Akbar's reign?,difficulty-2,Mirza Farkhunda Shah,Single Answer
184,"What is the 2007 Spanish comedy-drama film directed by Tom Fernández, starring Javier Cámara, set in Asturias, and exploring themes of friendship and nostalgia?",difficulty-2,The film where Javier Cámara returns to his hometown after years abroad,Single Answer
187,"Which 1940 comedy film, produced by Paramount Pictures and directed by Ralph Murphy, stars Jackie Cooper as he transitions from child roles to adult ones?",difficulty-2,Glamour Boy,Single Answer
190,Who was the eldest son of Socrates and Xanthippe?,difficulty-2,The eldest son of Socrates and Xanthippe,Single Answer
193,"What is the historical event that took place on March 31, 1521, conducted by Father Pedro de Valderrama on the island of Limasawa, marking the introduction of Christianity to the Philippines?",difficulty-2,The inaugural Catholic religious ceremony in the archipelago,Single Answer
196,What is the historical significance of 'The Land of Underground Networks and Pyrenees Crossings' during WWII?,difficulty-2,"It was a key destination for Allied soldiers, resistance fighters, and civilians fleeing Nazi-occupied Europe, facilitated by extensive underground networks like the Comet Line",Single Answer
199,Who is the Methodist missionary who established the first American settlement in Oregon and founded the Willamette Mission?,difficulty-2,The pioneer of the Pacific Northwest who played a key role in early U.S. expansion into the region,Single Answer
202,"What is the genre and setting of the hardboiled crime novel set in Spokane, Washington, featuring private investigator Stefan Kopriva?",difficulty-2,"Hardboiled crime novel set in Spokane, Washington",Single Answer
205,"What is the title of the 1933 mystery film directed by George B. Seitz, based on Harold MacGrath's story, starring Lloyd Hughes and Fay Wray, and produced by Columbia Pictures?",difficulty-2,The Whisper in the Mist,Single Answer
208,Which U.S. state earned the nickname 'The Garden State' due to its rich agricultural history?,difficulty-2,New Jersey,Single Answer
211,"Which philosophical work, critiquing instrumental rationality and written by Max Horkheimer in 1947, is often associated with the Frankfurt School's critique of modernity?",difficulty-2,Eclipse of Reason,Single Answer
214,What is the title of the lesser-known work by B.F. Skinner that critiques academic life through satire?,difficulty-2,The only satirical autobiographical sketch by Skinner written in 1937,Single Answer
217,What is the name of the 2011 film that depicts the true story of an Irish jockey's emotional victory in the Melbourne Cup shortly after his brother's tragic death?,difficulty-2,The Cup (2011 film),Single Answer
220,"Which 2010 horror-thriller film, set and shot in the Australian outback, was directed by Dean Francis and contributed to the resurgence of Australian horror cinema in the late 2000s and early 2010s?",difficulty-2,Road Kill (2010 Film),Single Answer
223,"What term derives from Amerigo Vespucci, refers uniquely to the United States in geopolitical contexts, and is tied to one of the world's largest airlines?",difficulty-2,American,Single Answer
226,"Which airport in Japan is the only one located on an artificial island in the Seto Inland Sea, connected to the mainland by the Takamatsu Airport Bridge?",difficulty-2,Takamatsu Airport,Single Answer
229,"Which city, home to the Lahore Fort and Shalimar Gardens (UNESCO World Heritage Sites), is Pakistan's second-largest and located near the Ravi River?",difficulty-2,Lahore,Single Answer
232,"Which 1985 Palme d'Or-winning film, set in Sarajevo during the early 1950s under Tito's rule, critiques Stalinist purges through the story of a man sent to a labor camp?",difficulty-2,When Father Was Away On Business,Single Answer
235,"Who was the first president of Fresno Pacific College, known for his work on Russian Mennonite history and born in Rosthern, Saskatchewan?",difficulty-2,"The scholar who authored 'Czars, Soviets, and Mennonites'",Single Answer
238,"What is the name of the cruise terminal located in Port of Tyne, known for its historical significance as a vital maritime hub since the Roman era and its modern role as a Green Cruise Port with shore power capabilities?",difficulty-2,Newcastle Cruise Terminal,Single Answer
241,"What was the name of the private preparatory school established in New Providence, New Jersey, in the late 19th century, known for its classical and secondary education?",difficulty-2,The institution near Salt Brook,Single Answer
244,Who was the father of the founder of the Idrisid dynasty in Morocco?,difficulty-2,The son of Hasan ibn Ali,Single Answer
247,"What is the name of the narrow waterway in the Canadian Arctic Archipelago, situated between Victoria Island and King William Island in Nunavut, Canada, that connects Victoria Strait to the west with McClintock Channel to the east, named after Admiral Sir Edward Belcher?",difficulty-2,Belcher Channel,Single Answer
250,"Which 1959 film, based on Richard P. Powell’s novel *The Philadelphian*, explores themes of ambition and class through the story of a young lawyer navigating Philadelphia’s elite legal circles, earned Robert Vaughn an Oscar nomination for Best Supporting Actor?",difficulty-2,The Young Philadelphians,Single Answer
253,"What is the significance of the date when the Good Friday Agreement was signed, a deadly tornado outbreak occurred in the southeastern U.S., and the Dow Jones Industrial Average closed above 9,000 points for the first time?",difficulty-2,3 April 1998,Single Answer
256,"What is unique about the village known for its handmade Persian-Azeri rugs and pastoral traditions in Ardabil Province, northwestern Iran?",difficulty-2,Chapan-E Olya,Single Answer
259,What is the title of the 1990 sequel to *Three Men and a Baby* that shifts its setting to the English countryside and marks the final collaboration of its original trio?,difficulty-2,Three Men and a Little Lady,Single Answer
262,"What is the only film loosely adapted from Herman Melville’s 1852 novel *Pierre: or, The Ambiguities* with a modernized twist?",difficulty-2,Pola X,Single Answer
265,What is the name of the Prohibition-era cocktail that uses apple brandy as its base spirit and is associated with the northeastern U.S.?,difficulty-2,The Good Old Soak,Single Answer
268,What is the name of the biblical scene often depicted in Renaissance art where Jesus expels individuals engaged in financial transactions from the Temple?,difficulty-2,The Cleansing of the Temple,Single Answer
271,"Which 1902 novel by Owen Wister, often credited as the first true Western, is set in Wyoming and features a protagonist embodying the cowboy's moral code?",difficulty-2,The Virginian,Single Answer
274,"Who is the spouse of Yash Chopra (1932–2012), the legendary Bollywood filmmaker known for classics like *Dilwale Dulhania Le Jayenge* and *Chandni*, and co-founder of the YRF Music label alongside Aditya Chopra?",difficulty-2,Pamela Chopra,Single Answer
277,"Which 1932 Pre-Code Hollywood film, known for its risqué themes and Clara Bow's comeback attempt, features contrasting settings of Texas ranchlands and Chicago's urban nightlife?",difficulty-2,Call Her Savage,Single Answer
280,Who was the younger brother of King George III and the only individual to hold the combined title Duke of Cumberland and Strathearn?,difficulty-2,Prince Henry,Single Answer
283,What is the city known as the 'Venice of the East' due to its extensive network of canals?,difficulty-2,Bangkok,Single Answer
286,"What is the name of the YouTube channel that specializes in whispered and soft-spoken ASMR, often incorporating roleplays like 'tucking you in' or 'reading you a story', and is based in the United Kingdom?",difficulty-2,"The channel is known for its immersive, calming ASMR content with British cultural references",Single Answer
289,"Who is the renowned French soprano celebrated for her performances in operas by Mozart, Strauss, and Debussy, particularly excelling in lyric and dramatic coloratura roles?",difficulty-2,The soprano who originated the role of Blanche in Poulenc’s Dialogues des Carmélites at the Opéra National de Lyon (1997),Single Answer
292,"Which 2014 Malayalam-language drama film, directed by Salim Ahamed, was the first to be shot entirely in Mecca, Saudi Arabia, and won the National Film Award for Best Feature Film in Malayalam?",difficulty-2,Marikkunnilla Njan,Single Answer
295,Which scandalous figure from the 1963 divorce case involving polaroid photographs was also known for her equestrian skills and high society connections?,difficulty-2,"Margaret, Duchess of Argyll",Single Answer
298,"Which 1921 silent film, an early adaptation of E. Phillips Oppenheim's 1920 novel, reflects post-WWI espionage themes and was one of James Kirkwood's first major roles?",difficulty-2,The Great Impersonation (1921 film),Single Answer
301,"What is the traditional Ayurvedic oil formulation known for its therapeutic properties in treating joint pain and inflammation, with roots in ancient Indian medicine and mentioned in classical texts like the *Sahasrayogam*?",difficulty-2,Karpoora Mullai,Single Answer
304,What is the nonfiction book about a lesbian couple and avant-garde artists who waged psychological warfare against Nazi forces on the only British territory occupied by Nazi Germany?,difficulty-2,Paper Bullets: Two Artists Who Risked Their Lives to Defy the Nazis,Single Answer
307,What significant events occurred on the day the Treaty of Fort Laramie (1868) was signed?,difficulty-2,"1. The Treaty of Fort Laramie (1868) influenced later land disputes like the Oklahoma Land Runs. 2. Dame Ethel Smyth, a British composer and suffragette, was born. 3. It occurred during the U.S. Reconstruction Era, just before Southern states were readmitted",Single Answer
310,"What is the name of the Punjabi-language romantic comedy that reflects the vibrant culture, humor, and traditions of Punjab, particularly its rural and urban contrasts, and marked a turning point for Punjabi cinema?",difficulty-2,The film that revived the romantic-comedy genre in Punjabi cinema and elevated Diljit Dosanjh to stardom,Single Answer
313,Who is the actor known for playing Venus Flytrap on WKRP in Cincinnati and co-founded New Millennium Studios?,difficulty-2,The pioneering television actor and producer who portrayed Venus Flytrap,Single Answer
316,"Which military strategist, known for enduring the 'Crotch-Crawling Incident' and later being enfeoffed as the King of Chu in 202 BCE, played a pivotal role in the early Han Dynasty?",difficulty-2,Han Xin,Single Answer
319,"Which Finnish war film, known for being one of the most expensive in the country's cinema history, depicts the Battle of Tali-Ihantala in the Karelian Isthmus during June–July 1944?",difficulty-2,Tali-Ihantala 1944,Single Answer
322,"What is the title of the 1938 film directed by Frank McDonald, known for its release during the Golden Age of Hollywood and likely produced in California by a major studio?",difficulty-2,The 1938 romantic comedy directed by Frank McDonald,Single Answer
325,"What is the title of the 1951 musical comedy film starring Danny Kaye in a dual role, set on the French Riviera, and winner of an Academy Award for Best Original Music Score?",difficulty-2,The Riviera-set Danny Kaye musical,Single Answer
328,"Which Bavarian city is home to the Hofbräuhaus, one of the world’s most famous beer halls established in 1589?",difficulty-2,Munich,Single Answer
331,Who is the co-founder and CEO of Malmgren Technologies?,difficulty-2,The co-founder and CEO of Malmgren Technologies is associated with Utah and has been active in promoting STEM education in the state,Single Answer
334,Who is the individual known as 'The Monster of Belgium'?,difficulty-2,Marc Dutroux,Single Answer
337,"Which 1966 film, featuring a Cold War-era espionage plot with scenes shot in New York City and Puerto Rico, starred Rock Hudson and Claudia Cardinale?",difficulty-2,Blindfold,Single Answer
340,"What is the name of the 2012 independent comedy film written and directed by Jonathan Lisecki, notable for being one of the first mainstream films to humorously explore the concept of a child raised by same-sex parents?",difficulty-2,The film exploring same-sex parenting through comedy in 2012,Single Answer
343,"Who was the first woman to serve as Acting Secretary of State for West Virginia in 1957, later becoming a national leader in public housing policy and advocating for elderly housing programs under HUD?",difficulty-2,Helen F. Holt,Single Answer
346,"Which 19th-century British trading firm, known for its progressive employment of female merchants and clerks, was headquartered in London with key offices in Calcutta and Canton, specializing in luxury textiles and exotic imports from British colonies in India and Southeast Asia?",difficulty-2,The firm that employed female merchants and clerks in the 19th century,Single Answer
349,"Which country, known as the birthplace of Silicon Valley, declared independence from Great Britain on July 4, 1776, and spans six time zones?",difficulty-2,The United States,Single Answer
352,"What is the title of the 1949 nostalgic musical drama that reflects the golden age of Hollywood, featuring a fictional silent film star and a small-town girl?",difficulty-2,The cinematic ode to Hollywood's golden transition era,Single Answer
355,"What is the only film blending horror and science fiction, centered on a young inventor who accidentally creates a device attracting supernatural entities, merging technological innovation with paranormal themes?",difficulty-2,Our House (2018 film),Single Answer
358,"What is the 1944 film noir produced by PRC, featuring Robert Lowery and set in the American West?",difficulty-2,Dark Mountain,Single Answer
361,"Who was the Boston City Councilor from District 7 (1999–2010) known for advocacy in social justice and economic equality, who later faced a federal conviction in 2010?",difficulty-2,"The Boston City Councilor from District 7 (1999–2010) known for advocacy in social justice and economic equality, who later faced a federal conviction in 2010",Single Answer
364,What significant events occurred on the day known for the first live transcontinental TV broadcast in the U.S.?,difficulty-2,1. First live transcontinental TV broadcast in the U.S. (President Truman's speech). 2. Panama's Independence Day. 3. Birth of Dwight Stones,Single Answer
367,"What is the title of the lesser-known work by Pierre Loti that is set in colonial-era India and reflects his fascination with South Asian landscapes and cultures, published in the late 19th or early 20th century?",difficulty-2,3 Indian Tales,Single Answer
370,"What is the traditional navigational constellation used by Micronesian sailors in the Chuuk (Truk) Lagoon region, known for guiding voyagers across the Pacific Ocean?",difficulty-2,Pis-Losap,Single Answer
373,"Which city, known as the Entertainment Capital of the World, is home to Hollywood and hosts the Academy Awards annually?",difficulty-2,Los Angeles,Single Answer
376,"Which Italian archaeologist and historian, known for specializing in ancient Roman and Etruscan civilizations, has contributed to excavations in Etruria, particularly at sites like Tarquinia?",difficulty-2,The scholar associated with the Soprintendenza Archeologia Belle Arti e Paesaggio and co-author of works on Etruscan funerary practices,Single Answer
379,Who is the Austrian former ski jumper who won a silver medal in the team large hill event at the 1976 Winter Olympics in Innsbruck?,difficulty-2,The Austrian former ski jumper who won a silver medal in the team large hill event at the 1976 Winter Olympics in Innsbruck,Single Answer
382,"What is the name of the fortress built in 209 CE by Ardashir I, located in Fars Province, Iran, known for its three-tiered design and early Sasanian military architecture?",difficulty-2,The Maiden's Fortress,Single Answer
385,"In the year known as the debut of the first reusable spacecraft, what significant event occurred on March 30 involving a U.S. President?",difficulty-2,Assassination attempt on Ronald Reagan,Single Answer
388,Who was the Kurdish Peshmerga commander known for resisting Saddam Hussein’s forces during the Iran-Iraq War in the mountainous regions of Iraqi Kurdistan?,difficulty-2,The Kurdish Peshmerga commander known for resisting Saddam Hussein’s forces during the Iran-Iraq War in the mountainous regions of Iraqi Kurdistan,Single Answer
391,"Which 1957 Mexican film starred María Félix, a legendary actress known as 'La Doña', and was part of the Golden Age of Mexican Cinema?",difficulty-2,"Just Once, A Great Lady",Single Answer
394,What is the film that marked Helen Mirren’s first major role and was filmed on Australia’s Great Barrier Reef during the late 1960s?,difficulty-2,The cinematic work featuring coral-fringed voyeurism,Single Answer
397,What is the only Oscar-winning song from the 1979 film *Norma Rae* that was written by David Shire and Norman Gimbel?,difficulty-2,It Goes Like It Goes,Single Answer
400,"Which steep, rugged canyon in the Superstition Mountains of Arizona is known for its association with the Lost Dutchman’s Gold Mine and a history of peril for prospectors?",difficulty-2,The treacherous canyon linked to the Lost Dutchman’s Gold Mine,Single Answer
403,"What is the name of the educational institution in Bangkok, Thailand, established in 1938, located near the Bang Na-Trad Highway, and known for its bilingual program and STEM-focused curriculum?",difficulty-2,The school established in 1938 near Bang Na-Trad Highway with a bilingual STEM program,Single Answer
406,"What was the 1918 American silent drama film directed by John H. Collins, starring Viola Dana, that explored themes of deception and perception during the height of World War I?",difficulty-2,Blindfolded,Single Answer
409,"What is the name of the airport that played a strategic role in WWII as a key Allied airbase, is located near the village of Hephaistia, and primarily serves seasonal domestic flights despite its 'International' designation?",difficulty-2,Lemnos International Airport (LXS),Single Answer
412,Who is the individual with a surname suggesting Alpine heritage and potential ties to Tyrol?,difficulty-2,Elfie Pertramer,Single Answer
415,What is the title of the 1964 Spanish propaganda documentary directed by José Luis Sáenz de Heredia that glorifies the life of a dictator born in El Ferrol?,difficulty-2,"Franco, Ese Hombre",Single Answer
418,"Which 2012 documentary film directed by Sophie Fiennes and featuring philosopher Slavoj Žižek applies psychoanalytic and Marxist theory to critique ideology in popular culture, analyzing films like *Taxi Driver*, *The Sound of Music*, and *They Live*?",difficulty-2,"The film that blends film analysis, philosophical lecture, and performative reenactments with Žižek delivering commentary while inserted into the scenes he critiques",Single Answer
421,"Which city, known as the 'Paris of South America', was founded twice—first in 1536 by Spanish explorer Pedro de Mendoza and then permanently in 1580 by Juan de Garay?",difficulty-2,Buenos Aires,Single Answer
424,"What is the title of the 1922 silent Western film directed by William Duncan, known for being produced during the early 1920s, a peak era for silent Westerns, and likely filmed in the American Southwest?",difficulty-2,Shadows of the West,Single Answer
427,"Which 1956 British war film, set during the Battle of Hill 235 near the Imjin River, marked the debut of Michael Caine?",difficulty-2,A Hill In Korea,Single Answer
430,"What is the title of the 1958 film noir based on Frederic Brown's novel, set in San Francisco and directed by Gerd Oswald?",difficulty-2,The 1958 psychological thriller featuring North Beach jazz clubs and foggy streets,Single Answer
433,What is the Malayalam adaptation of the ancient Indian fable collection *Panchatantra* that originated in Sanskrit?,difficulty-2,The moral storytelling tradition standardized by Thunchaththu Ramanujan Ezhuthachan,Single Answer
436,What significant events occurred on the day Madonna Louise Ciccone was born?,difficulty-2,1. Madonna's Birthday. 2. Explorer 5 Satellite Launch Failure. 3. First U.S. Medal of Honor in Vietnam War (Roger Donlon),Single Answer
439,"What was the historical feudal title in medieval Europe that granted the holder rights over a manor’s lands, tenants, and local governance, including collecting taxes like heriots or quit-rents and holding manorial courts?",difficulty-2,The Overseer of the Estate,Single Answer
442,"What is the only period that witnessed Napoleon's rise, the Louisiana Purchase, and the invention of the telegraph?",difficulty-2,1796–1872,Single Answer
445,"What is the title of the 1922 silent film directed by Chester M. Franklin, starring Alma Rubens, which was produced during the early Hollywood silent film era and shot in Los Angeles?",difficulty-2,Find the Woman,Single Answer
448,"What is the name of the roadside attraction known for its mid-20th-century Americana and quirky exhibits, often linked to Route 66?",difficulty-2,The Last Attraction,Single Answer
451,"What is the name of the 2012 Indian neo-noir drama film directed by Ashim Ahluwalia, known for its gritty portrayal of Mumbai's underground softcore pornography industry in the 1980s?",difficulty-2,Miss Lovely,Single Answer
454,"What term originates from the name of Italian explorer Amerigo Vespucci, whose maps and writings first proposed that the lands discovered by Columbus were part of a new continent?",difficulty-2,The term derived from Amerigo Vespucci,Single Answer
457,"Who was the mother of Theodore Roosevelt, the 26th President of the United States?",difficulty-2,Martha Bulloch Roosevelt,Single Answer
460,"Which 2017 National Film Award-winning film, set in the drought-prone Bundelkhand region, focuses on climate change and farmer suicides?",difficulty-2,The film that won the National Film Award for Best Film on Environment Conservation/Preservation in 2017,Single Answer
463,Who was the Union soldier from Wisconsin who served in the 1st Wisconsin Heavy Artillery Regiment during the American Civil War and later applied for a pension in 1890?,difficulty-2,The Union soldier from Wisconsin who served in the 1st Wisconsin Heavy Artillery Regiment and applied for a pension in 1890,Single Answer
466,"What is the traditional structure used during Hindu festivals like Ganesh Chaturthi and Navratri, particularly in Maharashtra and Goa, reflecting the region's rich cultural heritage?",difficulty-2,The festive bamboo pavilion,Single Answer
469,"What is the name of the village in Iran known for its historical ties to hunting or fishing, situated in the mountainous region of western Iran?",difficulty-2,Lateh Choqa Sayyadan,Single Answer
472,"What is the name of the town in Iran's Tehran Province historically known for its agricultural significance, particularly in fruit orchards and dairy production, contributing to the region's rural economy?",difficulty-2,The town with renowned carpet-weaving artisans near the Alborz Mountains,Single Answer
475,"Which 1955 Bollywood film, known as 'the pearl of Wadia Movietone's fantasy cinema', was directed by Homi Wadia and starred Fearless Nadia?",difficulty-2,Albeli,Single Answer
478,"What is the title of the 1932 pre-Code crime drama starring Evelyn Brent, set in San Francisco?",difficulty-2,The Fog-Shrouded Reckoning,Single Answer
481,"Who was the Soviet-Armenian filmmaker known for his visually poetic and non-conformist films, who was persecuted by Soviet authorities and integrated multicultural motifs into his work?",difficulty-2,Sergei Parajanov,Single Answer
484,"What is the title of the 1920 silent Western film directed by Lambert Hillyer, starring William S. Hart, known for its authentic frontier setting shot in California?",difficulty-2,The film with the iconic frontier authenticity,Single Answer
487,Who was the linguist known for developing the 'Shadowing Technique' and specializing in Germanic and Indo-European languages?,difficulty-2,Alexander Argüelles,Single Answer
490,"What is the name of the lush, forested province in northern Iran bordered by the Caspian Sea to the north and the Alborz Mountains to the south?",difficulty-2,Mazandaran,Single Answer
493,"Which 1964 film, a landmark in the American independent cinema movement of the 1960s, was shot in New York City's Greenwich Village and directed by Theodore J. Flicker?",difficulty-2,The Troublemaker,Single Answer
496,"Which Sasanian king of Persia, known for persecuting Manichaeans and ruling from 270–273 CE, was the son of Shapur I and faced succession challenges from his brother Bahram I?",difficulty-2,The son of Shapur I who persecuted Manichaeans,Single Answer
499,What is the title of the 1951 Lippert Pictures film set during the Korean War's Pusan Perimeter phase?,difficulty-2,A Yank In Korea,Single Answer
502,"What term became a distinct national identifier after the American Revolution (1775–1783), when the Thirteen Colonies declared independence from Britain (1776) and formed the United States—the first modern constitutional democracy?",difficulty-2,The people of the first modern constitutional democracy,Single Answer
505,What is the only region famously associated with Bram Stoker’s *Dracula* and inspired by Vlad the Impaler?,difficulty-2,Transylvania,Single Answer
508,"What is the term for a member of the upper legislative body in the United States, originating from ancient Rome's governing elite?",difficulty-2,Senator,Single Answer
511,Who was the prominent Romanian architect known for designing the Prefecture Palace in Pitești (1912–1914) and authoring the 1912 study 'Urbanismul. Organizarea și înfrumusețarea orașelor'?,difficulty-2,Toma Barbu Socolescu,Single Answer
514,"What is the Byzantine court title historically granted to close relatives of the emperor and later to allied foreign rulers, derived from Greek terms suggesting a role tied to imperial household management?",difficulty-2,Kouropalates,Single Answer
517,What is the name of the waterway in Kentucky that was a key site during the French-Eversole War and is a tributary of the North Fork Kentucky River?,difficulty-2,Troublesome Creek,Single Answer
520,"Which avant-garde composer and satirist, known for blending rock, jazz, classical, and experimental music, testified before the U.S. Senate in 1985 against the PMRC's music censorship efforts?",difficulty-2,Frank Zappa,Single Answer
523,"What is the title of the visual artwork that employs atmospheric effects like fog to evoke mystery or emotional depth, aligning with styles such as noir, surrealism, or impressionism?",difficulty-2,Faces In The Fog,Single Answer
526,"What is the only Yugoslavian Cold War-era film blending Western cinematic influences with socialist realism, shot in Slovenia's karst landscapes, and pioneering sci-fi/horror in Eastern Europe?",difficulty-2,Thirst (1960 film),Single Answer
529,"Who is the founder of Hanson Robotics, the company behind Sophia the Robot, known for its expressive facial recognition and conversational abilities?",difficulty-2,The founder of Hanson Robotics is the creator of Sophia the Robot,Single Answer
532,"What is the prestigious military award given to the top cadet at the Royal Military Academy Sandhurst, symbolizing excellence in leadership, discipline, and military skill?",difficulty-2,The highest distinction for officer cadets at Sandhurst,Single Answer
535,"What is the 1923 silent film directed by Frank Lloyd, based on Gertrude Atherton's novel, that explores themes of youth and rejuvenation through a mysterious woman's fictional treatment?",difficulty-2,Black Oxen,Single Answer
538,"Which Finnish architect, known for blending modernist principles with local materials like wood, was a key figure in Finnish Functionalism and designed the Paimio Sanatorium in collaboration with Alvar Aalto?",difficulty-2,Aapo Pölhö,Single Answer
541,"Who was the wife of André-Adolphe-Eugène Disdéri, the pioneer of carte de visite photography?",difficulty-2,The manager of the Boulevard des Italiens studio,Single Answer
544,"Who was the 17th-century Italian painter associated with the Roman School, influenced by Pietro da Cortona and Giovanni Lanfranco, known for frescoes in churches like San Giovanni in Laterano?",difficulty-2,Arcangelo Di Cola,Single Answer
547,"What are three specific factual attributes that highlight the identity of the people from the land of the thistle across historical, geographical, and professional dimensions?",difficulty-2,"1. Historical Identity: The Declaration of Arbroath (1320). 2. Geographical Identity: Ben Nevis, the UK’s highest peak. 3. Professional/Industrial Identity: Adam Smith, father of modern economics",Single Answer
550,"What is the name of the tributary stream in Fayette County, Pennsylvania, that flows into the Youghiogheny River and was historically significant for early settlement and milling operations?",difficulty-2,The waterway once surveyed by George Washington in the 1750s,Single Answer
553,"What is the significance of the locality near the Karamana River in Thiruvananthapuram, known for its proximity to the Sree Padmanabhaswamy Temple and home to the Government Medical College?",difficulty-2,"The locality is a culturally and educationally significant area in Kerala, India",Single Answer
556,"What is the name of the rural area in Kermanshah Province, western Iran, known for its traditional farming and livestock breeding, particularly wheat, barley, and dairy production?",difficulty-2,Mazraeh-Ye Ruansar,Single Answer
559,Who is the pioneer in Italian winemaking known for reviving rare grape varieties and founding La Versa winery?,difficulty-2,Stefano Dall'Acqua,Single Answer
562,"Which central London borough, home to the Palace of Westminster and Westminster Abbey, is the political and ceremonial heart of the UK?",difficulty-2,Westminster,Single Answer
565,"What is the title of the 2006 psychological horror film that blends environmental themes with supernatural elements, set in a remote Arctic oil drilling outpost in northern Alaska, and directed by Larry Fessenden?",difficulty-2,The Last Winter,Single Answer
568,"Who was the Luxembourgish architect known as 'The Pioneer of Luxembourgish Modernism' (1929–2018), who designed the BCEE headquarters in Luxembourg City and taught at the École d’Art et Métiers?",difficulty-2,Fernand Backes,Single Answer
571,"What term describes clandestine routes used by persecuted groups, perilous ancient trade passages, or off-limits mountaineering routes?",difficulty-2,Forbidden Paths,Single Answer
574,Who was the youngest daughter of the Union general known for the 'March to the Sea'?,difficulty-2,Eleanor Sherman Thackara,Single Answer
577,What institution is home to the first and only medical school in the five-state WWAMI region?,difficulty-2,The University of Washington,Single Answer
580,"What term originates from the name of Italian explorer Amerigo Vespucci, whose maps first distinguished the Americas as a separate continent from Asia?",difficulty-2,The term derived from Amerigo Vespucci,Single Answer
583,"Which historical mercury mining hub in the Spanish Empire, located in central Peru at over 3,676 meters above sea level, is a center of Quechua culture?",difficulty-2,Huancavelica,Single Answer
586,What is the only Spanish science fiction film that blends Cold War-era nostalgia with futuristic storytelling and mimics Soviet-era aesthetics?,difficulty-2,Cosmonaut (Film),Single Answer
589,What is the only film directed by Jon Favreau that re-teamed him with Vince Vaughn after Swingers (1996)?,difficulty-2,Made (2001 Film),Single Answer
592,"What is the name of the 1945 horror film that blends vampire lore with a colonial African setting, produced by Republic Pictures and co-written by Leigh Brackett?",difficulty-2,"The only 1945 horror film featuring a vampire in an African jungle setting, produced by Republic Pictures",Single Answer
595,"What is the name of the 1967 Mexican telenovela that was one of the first produced by Televisa (then Telesistema Mexicano), starred Silvia Pinal, and was set in Mexico City?",difficulty-2,Mi Viudo y Yo,Single Answer
598,What is the historical birthplace of the American film industry?,difficulty-2,The epicenter of U.S. cinema in the early 20th century,Single Answer
601,What is the historical context of the 2015 Chinese film that explores themes of loyalty and identity amid Hong Kong's transition to Chinese sovereignty?,difficulty-2,Set against Hong Kong's colonial era and its transition to Chinese sovereignty,Single Answer
604,What was the first full-length theatrical film starring Jim Varney as the bumbling but well-meaning Ernest P. Worrell?,difficulty-2,Ernest Goes To Camp,Single Answer
607,What significant event occurred on the day SpaceX's Crew Dragon spacecraft completed its first uncrewed test flight to the ISS?,difficulty-2,22 February 2019,Single Answer
610,"What is the traditional Galician folk song known for its connection to dawn and rural life, performed in the muiñeira style?",difficulty-2,The song tied to Galician agricultural rhythms and Celtic musical heritage,Single Answer
613,"Which city, known for having the world's first subterranean railway system, is also home to the Prime Meridian and a leading global financial hub?",difficulty-2,London,Single Answer
616,What is the historical role of the high-ranking advisor in medieval South Indian dynasties known for governance and diplomacy?,difficulty-2,"The high-ranking advisor played a crucial role in governance, diplomacy, and military strategy",Single Answer
619,What is the historical water reservoir in Iran known for its traditional Persian architecture and water management systems?,difficulty-2,The structure with domed ceilings and subterranean design for sustainable water storage,Single Answer
622,What is the term for organized crime groups in Thailand that trace their roots to Chinese triads and blend with local criminal networks?,difficulty-2,The shadow syndicates of the Land of Smiles,Single Answer
625,"What is the title of the Chinese patriotic song composed in 1937 during the Second Sino-Japanese War, written by Liu Xue’an and created in Shanghai?",difficulty-2,The anthem of resilience during China's wartime struggle,Single Answer
628,Who was the Chief Commissioner of the Andaman and Nicobar Islands from 1919 to 1922?,difficulty-2,The British colonial administrator who later served as a Captain in the British Indian Army,Single Answer
631,"Who was the father of Aretha Franklin, known for his electrifying sermons and association with civil rights leaders like Martin Luther King Jr.?",difficulty-2,C. L. Franklin,Single Answer
634,"Which 2009 Thai action-thriller film, directed by Prachya Pinkaew and starring Kazu Patrick Tang, blends martial arts with supernatural elements and was produced by Baa-Ram-Ewe?",difficulty-2,Magic Man,Single Answer
637,"Which 1950 film, directed by Alfred Hitchcock, is notable as one of his few shot entirely in the UK after he moved to Hollywood in 1939, features London locations like the Royal Albert Hall, and includes a controversial unreliable flashback?",difficulty-2,Stage Fright,Single Answer
640,What is the cultural or religious significance of the name associated with the only city to host both Summer and Winter Olympics?,difficulty-2,"The name is a rare variant of 'Daniel,' possibly with Hebrew or Spanish roots, suggesting cultural or religious significance in naming traditions",Single Answer
643,Who was the Hungarian-born libertarian philosopher and economist who fled communist rule in 1948 and authored *The State* (1985)?,difficulty-2,Anthony de Jasay,Single Answer
646,What was the pioneering digital-only publication dedicated to marine aquarium hobby that launched in 2010?,difficulty-2,The first digital-only marine aquarium hobby magazine,Single Answer
649,"Which 1988 supernatural thriller film directed by Carl Schultz, featuring a biblical apocalyptic theme centered on the 'seven signs' from the Book of Revelation, marked one of Demi Moore’s early leading roles and was partially filmed in Puerto Rico?",difficulty-2,The Seventh Sign,Single Answer
652,What significant event occurred on the day known as 'The day Angola joined the WTO'?,difficulty-2,Angola officially became a member of the World Trade Organization (WTO),Single Answer
655,Which town in northern Lebanon is known for its deep-rooted Maronite Christian heritage and was historically a center of resistance against Ottoman rule?,difficulty-2,Zgharta,Single Answer
658,"What is the Soviet drama film directed by Dinara Asanova, released during the late Brezhnev era, that reflects the social and economic stagnation of the USSR in the early 1980s?",difficulty-2,The Vulture (1982 film),Single Answer
661,"What is the term for a person trained in the ancient art of hunting with birds of prey, a tradition dating back over 4,000 years with roots in medieval Europe, the Middle East, and Central Asia?",difficulty-2,Falconer,Single Answer
664,What is the genre/medium of the work that explores themes of ownership and value?,difficulty-2,The genre/medium is not specified without further context,Single Answer
667,"Which nation, known for having one of the oldest continuous hereditary monarchies in the world, is also the birthplace of common law and a global financial hub?",difficulty-2,United Kingdom,Single Answer
670,Who is the British drummer known for his work with the band *Bush* from 2002 to 2005?,difficulty-2,The drummer for *Bush* during their *Golden State* and *The Science of Things* era,Single Answer
673,What is the name of the 1915 silent film co-directed by Lois Weber and Phillips Smalley that is notable for being one of the earliest works in feminist cinema?,difficulty-2,The film where a pioneering female director explored maternal ethics in early Hollywood,Single Answer
676,What is the title of the 1930 American pre-Code drama film directed by Edwin Carewe that explores morally ambiguous themes and features Paul Lukas?,difficulty-2,The Splendid Sinner,Single Answer
679,"Which 2002 film, set in the fictional coastal town of Delrona Beach, Florida, critiques Florida's history of land speculation and racial segregation through the lens of a historically Black beach community, and features an ensemble cast including Edie Falco and Angela Bassett?",difficulty-2,The film that critiques Florida's history through a Black beach community narrative and stars Edie Falco and Angela Bassett,Single Answer
682,What significant events occurred on the day when the U.S. resumed heavy bombing of North Vietnam during the Vietnam War?,difficulty-2,"On that day, the U.S. resumed heavy bombing of North Vietnam (Operation Linebacker II), survivors of the Andes flight disaster were still stranded, and Billy Paul's 'Me and Mrs. Jones' topped the Billboard Hot 100",Single Answer
685,"What is the title of the 2007 documentary by John Pilger that critiques Western interventionism, particularly U.S. foreign policy in Latin America?",difficulty-2,"The film examining decades of U.S. interference in Latin America, including the CIA-backed coup against Chile’s democratically elected President Salvador Allende in 1973",Single Answer
688,"Who was the mother of Catherine the Great, born into the Ducal House of Holstein-Gottorp, and later exiled to Paris?",difficulty-2,Joanna Elisabeth of Holstein-Gottorp,Single Answer
691,What is the name of the mountain ridge in North Carolina's Blue Ridge Mountains that shares its name with a mid-20th-century NASCAR driver?,difficulty-2,The ridge named after a pioneering stock car racer,Single Answer
694,Who is the first NFL head coach to win a playoff game in three different decades?,difficulty-2,The first NFL head coach to win a playoff game in three different decades,Single Answer
697,"Which city, known for being the first in the U.S. to implement a municipal electric lighting system under Thomas Edison in 1883, also served as a major immigration entry point through Ellis Island and has a strategic waterfront location across the Hudson River from Lower Manhattan?",difficulty-2,"Jersey City, New Jersey",Single Answer
700,"What is the name of the neighborhood within Los Angeles that became the epicenter of the U.S. cinema in the early 20th century, home to the Hollywood Walk of Fame and the iconic Hollywood Sign?",difficulty-2,Hollywood,Single Answer
703,"What is the title of the lesser-known historical photograph taken by Dorothea Lange in 1939 that depicts smoke over agricultural fields in Klamath County, Oregon?",difficulty-2,The photograph capturing smoke over agricultural struggles in 1939 Oregon,Single Answer
706,"Which city, known as the world's first carbon-neutral capital by 2025, was founded as a Viking fishing village in the 10th century and became Denmark’s capital in the early 15th century under King Eric of Pomerania?",difficulty-2,Copenhagen,Single Answer
709,What is the title of the 2012 dark comedy-crime film that features a meta-narrative structure about a screenwriter named Marty struggling to write a script mirroring the film's own plot?,difficulty-2,Seven Psychopaths,Single Answer
712,Which 1965 Italian sci-fi film features a dystopian future where murder is legalized as a televised game?,difficulty-2,The 10th Victim,Single Answer
715,"Who was the British Army officer from the Royal Corps of Signals stationed in Germany during the 1960s–1970s, known for contributions to military intelligence and communications security?",difficulty-2,The Cold War communications specialist,Single Answer
718,Who is the Spanish poet known for 'El ángel de la ira' (1999) and holds a degree in Hispanic Philology from the Complutense University of Madrid?,difficulty-2,Beatriz Villacañas,Single Answer
721,What is the historical origin of the term used to describe the people from the only country with 'America' in its official name?,difficulty-2,"The term is derived from Amerigo Vespucci, the Italian explorer who first recognized the Americas as a distinct continent separate from Asia",Single Answer
724,"Which late-era film noir, released in 1958, blended crime drama with vibrant Technicolor cinematography, was set in 1930s Chicago, and starred Robert Taylor and Cyd Charisse in a rare dramatic role?",difficulty-2,Party Girl (1958 film),Single Answer
727,"Which Italian progressive folk-rock band, founded in 1966 in Milan and part of the Canterbury scene-inspired avant-garde movement, blended political lyrics with experimental rock and folk influences?",difficulty-2,Stormy Six,Single Answer
730,"What is the city known for being home to the Tower of London, a nearly 1,000-year-old fortress built by William the Conqueror in 1078?",difficulty-2,The city bisected by the River Thames,Single Answer
733,"Who was the first monarch of the House of Oldenburg to rule Denmark, ascending to the throne in 1448?",difficulty-2,The first Oldenburg King of Denmark,Single Answer
736,"Which Greek village in the Pelion peninsula is known for its role in the War of Independence (1821), olive and apple production, and traditional Pelion architecture?",difficulty-2,Ano Lechonia,Single Answer
739,"Which Australian state is the oldest, founded in 1788 as a British penal colony at Sydney Cove?",difficulty-2,The state with the first European settlement in Australia,Single Answer
742,What is the name of the grand sacrificial ritual organized by King Daksha that led to the self-immolation of his daughter Sati and the wrath of Lord Shiva?,difficulty-2,Dakshayagnam,Single Answer
745,"What is the title of the film set in New York City that explores the lives of modern professionals, particularly young artists and creatives, navigating love and loneliness in a fast-paced environment?",difficulty-2,The film where the protagonist finds solace in late-night diners and rooftop views of the skyline,Single Answer
748,"What is the year that marked the inauguration of Barack Obama as the first Black President of the United States, witnessed the deadly Black Saturday bushfires in Australia, and was the peak of the global financial crisis?",difficulty-2,2009,Single Answer
751,"What is the only date in 2003 that marks the launch of NASA's Mars Exploration Rover Opportunity, the Philippine Independence Day observance, and the release of *The Hulk* in U.S. theaters?",difficulty-2,"June 12, 2003",Single Answer
754,"What is the name of the French-language comic series created by Jean-Michel Charlier and Victor Hubinon, first published in 1960 as part of the Pilote magazine, set in the Pacific Ocean with themes of maritime adventures and Cold War tensions?",difficulty-2,"The only Franco-Belgian adventure comic blending espionage, humanitarian missions, and naval rescue operations in Polynesia",Single Answer
757,"What is the significance of the telephone area code for Tampa, Florida, established in 1953?",difficulty-2,813,Single Answer
760,What is the name of the dance-infused Afrobeat song by Nigerian superstar Davido that became a viral sensation in 2013?,difficulty-2,The song with the signature dance routine blending high-energy beats,Single Answer
763,"What is the name of the institution founded in 1956, located in Covent Garden, London, and known for its intensive MA Filmmaking program?",difficulty-2,"The only film school in the world with a legacy of training filmmakers like Michael Mann, Duncan Jones, and Tak Fujimoto",Single Answer
766,What is the song written by Merle Haggard in the late 1960s that addresses interracial romance during a time of racial tension in the U.S.?,difficulty-2,The controversial ballad about forbidden love due to racial prejudice,Single Answer
769,What is the satirical poem written by Benjamin Franklin in 1730 that critiques societal pretensions?,difficulty-2,Such Great Foolishness,Single Answer
772,Who was the American Southern Baptist missionary in China who secretly aided the anti-Japanese resistance during World War II while stationed in Chongqing (Chungking)?,difficulty-2,The Chungking Underground Resistance Leader,Single Answer
775,"What is the animated short film from the Looney Tunes series, released in 1952, directed by Robert McKimson, featuring a rare female character voiced by Bea Benaderet, set in a rural farm environment, and involving a comedic chase between a cow and a dog named Hector?",difficulty-2,Trouble With Trixie,Single Answer
778,What is the only city in South America that is the birthplace of tango?,difficulty-2,Buenos Aires,Single Answer
781,"What is the name of the region in northern Kerala associated with traditional Kalaripayattu training centers, wetlands, and Theyyam rituals?",difficulty-2,Akalangalil,Single Answer
784,What is the name of the 1888 bronze sculpture by Camille Claudel that captures delicate facial expressions and textures?,difficulty-2,The Young Girl,Single Answer
787,"What significant events occurred on the date when Led Zeppelin performed their first official concert under that name in Gladsaxe, Denmark?",difficulty-2,1. U.S. President Lyndon B. Johnson announced a halt to bombing operations in North Vietnam. 2. It marked two years since Trinidad and Tobago gained independence from Britain. 3. Led Zeppelin performed their first official concert under that name,Single Answer
790,"What is the 1984 drama film starring Jessica Lange and Sam Shepard, set in rural Iowa during the American farm crisis?",difficulty-2,"The film depicting the struggles of Midwestern farmers against drought, debt, and corporate agricultural pressures",Single Answer
793,"Who was the granddaughter of Henrik Ibsen, a celebrated Norwegian actress known for her performances at Oslo's National Theatre and her involvement in the Norwegian resistance during World War II?",difficulty-2,Lillebil Ibsen,Single Answer
796,"Which city, known as the 'Paris of South America', was founded twice and is the birthplace of tango?",difficulty-2,Buenos Aires,Single Answer
799,"Which 1968 film, based on Neil Simon's play, features a fastidious man and a slovenly man as mismatched roommates in Manhattan?",difficulty-2,The Odd Couple,Single Answer
802,Who was the illegitimate daughter of King William IV and Dorothea Jordan who married General Charles Richard Fox?,difficulty-2,Lady Mary Fox,Single Answer
805,Who is the French politician affiliated with Mouvement Démocrate (MoDem) who served as a Deputy for Yvelines' 8th constituency from 2017 to 2022?,difficulty-2,The centrist politician from Bazemont,Single Answer
808,"What term originates from the name of an Italian explorer, was popularized in the United States after 1776, and is associated with global business leadership?",difficulty-2,The term derived from Amerigo Vespucci,Single Answer
811,What is the name of the 1998 German thriller based on the true story of a hacker involved in Cold War-era cyber espionage?,difficulty-2,The film about Karl Koch's cyber espionage,Single Answer
814,"What is the name of the small, natural lake located in the Veneto region of northern Italy, near the town of Arcugnano in the province of Vicenza, which lies at the foot of the Berici Hills?",difficulty-2,The lake with Neolithic and Bronze Age settlements nearby,Single Answer
817,What is the title of the classic B-Western film released in 1950 that is set in the Texas frontier and features a sheriff as the protagonist?,difficulty-2,Buckaroo Sheriff of Texas,Single Answer
820,"What is the title of the 1928 silent film directed by Fred Niblo, starring Joan Crawford and Nils Asther, produced by MGM during the late silent era?",difficulty-2,Dream Of Love,Single Answer
823,Who was the Filipino revolutionary linked to Cavite who fought against Spanish colonial rule in the late 19th century?,difficulty-2,The grassroots fighter tied to Cavite's resistance during the Philippine Revolution,Single Answer
826,"What is the 1948 American Western film directed by Raoul Walsh, starring Errol Flynn and Ann Sheridan, set against the backdrop of the American frontier with themes of silver mining, and notable for being Flynn’s first Warner Bros. Western in Technicolor?",difficulty-2,Silver River (Film),Single Answer
829,"Which pioneering insult comedian, known as 'The Merchant of Venom,' was a Las Vegas entertainment icon and served in the U.S. Navy during WWII?",difficulty-2,Don Rickles,Single Answer
832,"What is the financial thriller starring Richard Gere that explores corporate fraud and moral decay, released in 2012?",difficulty-2,Arbitrage,Single Answer
835,"What is the 1992 film that explores interracial relationships and urban youth culture, set in Detroit, and directed by Anthony Drazan?",difficulty-2,Zebrahead,Single Answer
838,Who is the legendary ninja protagonist of the *Jiraiya Gōketsu Monogatari* known for mastering toad-based magic?,difficulty-2,The Toad Sage,Single Answer
841,"Which high school, established in 1968 during a district reorganization in Chester County, Pennsylvania, is known for its strong academic programs and notable alumni like Jill Biden?",difficulty-2,The high school that split from the original West Chester High School in 1968,Single Answer
844,What is the historical connection of the lineage known for crafting dense sweet confections with roots in medieval Persia?,difficulty-2,"The lineage might relate to the Halveh tradition, involved in crafting halva",Single Answer
847,What is the language that originated from Vulgar Latin in the Iberian Peninsula and was heavily influenced by Arabic during the 8th to 15th centuries under Al-Andalus?,difficulty-2,Spanish,Single Answer
850,"Which 2016 film set during the American Civil War, directed by Richard Gray, features a Confederate soldier seeking refuge in Yellowstone National Park's wilderness?",difficulty-2,The only city to host both Summer and Winter Olympics,Single Answer
853,"What is the title of the adult film released in 1982, directed by Anthony Spinelli, and likely produced in California's San Fernando Valley, known for its mix of humor and erotic storytelling during the Golden Age of Porn?",difficulty-2,The 1982 adult film featuring character-driven plots typical of Anthony Spinelli's work,Single Answer
856,"Which Carolingian Emperor, known for his military campaigns against the Saracens in southern Italy and being the last to rule Italy alone, was captured by the Emirate of Bari before being released?",difficulty-2,Louis II of Italy,Single Answer
859,"Which film is loosely based on the FBI ABSCAM operation of the late 1970s and early 1980s, set in New Jersey and New York, and features con artists and undercover agents?",difficulty-2,"The film blending crime and dark comedy with chaotic, character-driven storytelling",Single Answer
862,"What is the name of the wooden schooner built in 1867 in Burlington, Ontario, that sank in 1885 near Tobermory and is now a popular dive site?",difficulty-2,"The vessel constructed by John Simpson in Burlington, Ontario, in 1867",Single Answer
865,Which city is known as the 'Eternal City' and was the capital of the Roman Empire?,difficulty-2,Rome,Single Answer
868,What is the ancient Dravidian script historically used in the Kongu Nadu region of Tamil Nadu for administrative and literary purposes during the medieval period?,difficulty-2,Artham,Single Answer
871,"What is the name of the classic Tamil novel written by Jayakanthan, published in 1962, that features a protagonist named Maragatham and is celebrated for its progressive portrayal of women and social issues?",difficulty-2,The novel with the protagonist Maragatham,Single Answer
874,"What is the title of the historical adventure novel by Darren B. Orbach that is set during the American Revolutionary War, features a surgeon-spy protagonist, and includes significant events in the Caribbean and colonial America?",difficulty-2,The Virtuous Scoundrel,Single Answer
877,Which 1973 Bollywood thriller film directed by Ravi Tandon features a dual role performance by Rajesh Khanna and includes the hit song 'Yeh Jo Public Hai'?,difficulty-2,Anhonee,Single Answer
880,What is the title of the Indonesian supernatural horror film that is a sequel to *Danur* (2017) and features a protagonist who can see spirits?,difficulty-2,The film where Risa confronts *maddah* ghosts in a Javanese folklore-inspired story,Single Answer
883,What is the name of the Australian nonprofit founded in 2014 that provides free mobile laundry and shower services to the homeless?,difficulty-2,Orange Sky,Single Answer
886,"What is the phrase most famously associated with the *Dick and Jane* series of early readers used in American schools from the 1930s to the 1970s, known for its repetitive, sight-based learning methods?",difficulty-2,See Jack Run,Single Answer
889,"What is the Spanish phrase meaning 'Everything is a Lie,' often linked to satire and media critique, which gained prominence through programs like 'El Intermedio'?",difficulty-2,The satirical slogan mocking political hypocrisy,Single Answer
892,What is the historical significance of the mountain pass known as 'The Gateway of Three Cultures' located in the Kazakhstan-Uzbekistan border region?,difficulty-2,"Yaman Okay served as a crucial trade and migration route on the Silk Road, connecting Central Asia with South Asia and the Middle East",Single Answer
895,"What is the name of the village in Sistan and Baluchestan Province, southeastern Iran, near the Afghanistan border, known for its historical trade routes and predominantly inhabited by the Baloch people?",difficulty-2,Chah-e Chaheh,Single Answer
898,"What is the 1975 French crime-comedy film directed by Jean Rollin, known for being one of his few ventures into the genre and featuring a female-led heist plot?",difficulty-2,Les Braqueuses,Single Answer
901,"What is the only U.S. state where the Saturn V rocket, pivotal for the Apollo moon missions, was developed?",difficulty-2,Alabama,Single Answer
904,"Which U.S. state is known as the Land of 10,000 Lakes and is home to the Mayo Clinic?",difficulty-2,Minnesota,Single Answer
907,"What is the historical significance of the deep coal mine located in Sunderland, England, that was once one of the deepest in Britain and is now the site of the Stadium of Light?",difficulty-2,"The deep coal mine was part of the Wearmouth Colliery complex, reaching depths of over 1,500 feet in the 1800s, and its site now hosts the Stadium of Light, home to Sunderland A.F.C",Single Answer
910,"Which Chicago-based rapper and producer, known for collaborating with Chief Keef on tracks like 'Hate Bein’ Sober', faced legal troubles in 2017 related to firearm possession?",difficulty-2,The producer of 'Hate Bein’ Sober' with Chief Keef,Single Answer
913,"What is the name of the 1941 anthology film produced by Lianhua Film Company, featuring eight short films directed by figures like Fei Mu and Zhu Shilin, which became a landmark of wartime cultural resistance in Shanghai?",difficulty-2,The wartime anthology film blending patriotic themes with experimental storytelling by Lianhua Film Company,Single Answer
916,"Who was the chairman of Fiat from 1970 to 1976 and later from 2003 until his death in 2004, also known for his role in Juventus F.C. and as a Senator in Italy?",difficulty-2,The industrial leader who expanded Fiat globally and presided over Juventus F.C,Single Answer
919,What is the historical significance of the ancient city known as 'The Pisidian Stronghold of the Taurus'?,difficulty-2,"Adada was an important city in Pisidia during the Hellenistic and Roman periods, known for its strategic trade route location",Single Answer
922,"What is the name of the tribe historically rooted in southern Iraq, particularly around Basra and the marshlands, known for its roles in local governance and resistance during the Ottoman and British colonial periods?",difficulty-2,The marshland guardians of southern Iraq,Single Answer
925,"Which tribe historically involved in regional power struggles during the Qajar and Pahlavi eras, primarily based in the Disam area near Saravan, and maintains Baloch cultural traditions?",difficulty-2,The tribe known for resisting central government control and upholding Balochmayar,Single Answer
928,"What is the title of the South Korean horror film from 2011 that explores psychological trauma and supernatural revenge, set in a haunted urban house, and directed by Erik Matti?",difficulty-2,The House,Single Answer
931,"What is the Swedish action-crime film that became a cult classic in Sweden, reflecting early 2000s Scandinavian cinema’s gritty, urban storytelling style?",difficulty-2,Sökarna,Single Answer
934,"What is the name of the play written by Thomas Middleton, believed to have been composed around 1616, first performed in London at the Cockpit Theatre, and known for its satirical and darkly comedic style?",difficulty-2,Hoodman Blind,Single Answer
937,"What is the name of the village in Kurdistan Province, Iran, near Marivan, known for its mountainous terrain and Kurdish cultural heritage?",difficulty-2,The village with a name meaning 'Red Hill' in Kurdish,Single Answer
940,"Which 1977 Malayalam film, notable for being one of the few Indian silent films made decades after the silent era ended globally, was directed by G. Aravindan and is part of the Malayalam New Wave movement?",difficulty-2,Anjali (1977 film),Single Answer
943,What is the only Iranian province that was once part of the Persian satrapy of Media and later became a key region during the Safavid dynasty?,difficulty-2,Markazi Province,Single Answer
946,"Which historic market town in Dorset, England, is home to a 12th-century church with a chained library and a 14th-century astronomical clock, was once a Roman settlement called Vindocladia, and has held a weekly market since 1218?",difficulty-2,Wimborne,Single Answer
949,"Which city, historically part of the County of Savoy and later the Kingdom of Sardinia, was ceded to France in 1860 via the Treaty of Turin?",difficulty-2,Nice,Single Answer
952,"What is the name of the 1953 Western film starring Charlton Heston, shot in Alabama Hills, California, and criticized for its portrayal of Native Americans during the Cold War era?",difficulty-2,Arrowhead,Single Answer
955,"Who was the notorious Italian-American gangster active in Chicago during the Prohibition era (1920s–1930s), associated with organized crime and bootlegging operations, primarily operating in Chicago’s Little Italy neighborhood, and known for violent tactics before being killed in a gangland shooting in 1933?",difficulty-2,The Prohibition-era Chicago gangster linked to Little Italy and a 1933 gangland shooting,Single Answer
958,"Which British Army officer, known for being the Governor of Placentia from 1789 to 1803, served as a lieutenant-colonel in the 29th Regiment of Foot during the American Revolutionary War and was part of the aristocratic Courtenay family?",difficulty-2,The Governor of Placentia from 1789 to 1803,Single Answer
961,"What is the historical and colloquial name for the Gulf of Nicoya in Costa Rica, which was named after a local fisherman or settler?",difficulty-2,The waterway known as Lucas’ Sea,Single Answer
964,What is the first full-length sound adaptation of Charles Dickens' *A Christmas Carol*?,difficulty-2,Scrooge (1935 film),Single Answer
967,"Which 1967 Bollywood film, notable for being one of the earliest to blend espionage with action and reflecting the influence of international spy thrillers, marked the debut of Jeetendra as a leading man?",difficulty-2,The 1967 Bollywood film that pioneered espionage-action themes and launched Jeetendra's career,Single Answer
970,What significant event occurred on the day known as 'The day Russia formally annexed Crimea'?,difficulty-2,"Russia annexed Crimea on March 4, 2014",Single Answer
973,"Which historical figure, known as 'the servant of St. Patrick', was a key noble during the Norman Conquest and held power in northern England and southern Scotland?",difficulty-2,"Gospatric, Earl of Northumbria",Single Answer
976,"Which city, known for its ancient sulfur baths and historic Abanotubani district, derives its name from the Old Georgian word for 'warm' due to its natural sulfur hot springs?",difficulty-2,Tbilisi,Single Answer
979,"What is the name of the Late Copper Age to Early Bronze Age archaeological culture that originated in the Pontic-Caspian steppe (modern-day Ukraine, Russia, and Kazakhstan), known for its semi-nomadic pastoralist lifestyle and significant genetic legacy in modern Europeans?",difficulty-2,Yamnaya culture,Single Answer
982,Who is the Moldovan historian known for documenting Soviet-era repression and political prisoners?,difficulty-2,"The researcher affiliated with the Institute of History, State, and Law of the Academy of Sciences of Moldova",Single Answer
985,"What is the only Polish psychological drama film released in 1956 during the post-Stalinist 'Thaw' period, directed by Jerzy Kawalerowicz?",difficulty-2,Shadow (1956 film),Single Answer
988,"Who was the American psychologist and educator, known for her contributions to behavioral psychology and educational research, who conducted groundbreaking research on the *Law of Effect* and worked at Teachers College, Columbia University alongside her husband Edward L. Thorndike?",difficulty-2,Elizabeth Thorndike,Single Answer
991,What is the name of the famous Chilean folk song known as 'The Broody Hen'?,difficulty-2,La Gallina Clueca,Single Answer
994,"Which village in Iran, historically tied to the Qajar dynasty (1789–1925), is known for its traditional agrarian economy and is located in the Zanjan Province?",difficulty-2,The rural settlement with Persian naming conventions linked to a notable tribal figure,Single Answer
997,"Which silent film star, prominent in the 1920s, appeared in movies like *The Country Beyond* (1926) and *The Cat and the Canary* (1927), had a theater background including Broadway's *The Copperhead* (1918), and later transitioned to real estate due to struggles in sound films?",difficulty-2,Raymond Hackett,Single Answer
1000,"What is the name of the village in Kurdistan Province, Iran, known for its proximity to Zaribar Lake and historical ties to the Ardalan principality?",difficulty-2,The agricultural hub near Zaribar Lake,Single Answer
1003,"Which 1981 Italian horror film, known for its Gothic and psychological horror tropes blended with slasher elements, was shot primarily at Castello Piccolomini in Celano, Abruzzo, Italy, and stars Laura Gemser?",difficulty-2,Follia omicida,Single Answer
1006,What is the only film adaptation of *Canción de cuna* directed by an Academy Award-winning Spanish filmmaker?,difficulty-2,Cradle Song (1994 Film),Single Answer
1009,"Which city in northwestern Iran is home to the Soltaniyeh Dome, a UNESCO World Heritage Site, and is renowned for its traditional knife-making and filigree metalwork?",difficulty-2,Zanjan,Single Answer
1012,What is the birthplace of the American film industry?,difficulty-2,Hollywood,Single Answer
1015,What is the name of the ancient caravanserai in Iran that served as a crucial resting point for merchants and travelers along the historic Silk Road trade routes during the Safavid era?,difficulty-2,The Desert Oasis Inn,Single Answer
1018,"Who was the Kuwaiti national from the Ajman tribe, a former soldier, and a Guantanamo Bay detainee?",difficulty-2,"The Kuwaiti national from the Ajman tribe, a former soldier, and a Guantanamo Bay detainee",Single Answer
1021,"What is the name of the song that originated as a German poem written by Hans Leip in 1915, was set to music by Norbert Schultze in 1938, and became widely popular during World War II?",difficulty-2,The only song to become a wartime anthem for both Axis and Allied troops,Single Answer
1024,What significant event occurred on the date when the French 2nd Armored Division achieved a key victory in Alsace?,difficulty-2,The liberation of Strasbourg from Nazi occupation,Single Answer
1027,What is the unique historical attribute of the silent short film from 1923 directed by Charley Chase?,difficulty-2,Produced just before the widespread adoption of sound technology in cinema,Single Answer
1030,Who was the Irish-born British general known for his aggressive 'forward attack' strategies in the First Opium War and Second Anglo-Sikh War?,difficulty-2,"Hugh Gough, 1st Viscount Gough",Single Answer
1033,What is the term for a professional athlete who plays the sport codified in 19th-century Britain and is regulated by organizations like FIFA?,difficulty-2,Footballer,Single Answer
1036,"Who was the Great Royal Wife of Pharaoh Ramesses III (reigned c. 1186–1155 BCE), buried in QV51 in the Valley of the Queens, and speculated to be involved in the 'Harem Conspiracy'?",difficulty-2,Iset Ta-Hemdjert,Single Answer
1039,"What is the name of the frugal dessert that originated during times of economic hardship, relies on pantry staples, and is associated with North American and British working-class cuisine?",difficulty-2,Poor Man's Pudding,Single Answer
1042,"Which city, known as the birthplace of the modern film industry, is home to Hollywood and the Port of Los Angeles, the largest port in the Western Hemisphere?",difficulty-2,Los Angeles,Single Answer
1045,Who was the Canadian politician known for modernizing the militia and overseeing responses to the North-West Rebellion (1885)?,difficulty-2,The Minister of Militia and Defence from 1880 to 1892,Single Answer
1048,"What is the name of the historically strategic mountain pass in Fars Province, Iran, known for its role in ancient and medieval military campaigns, characterized by its narrow, rugged terrain, and serving as a key trade and military corridor?",difficulty-2,Tang-E Esmail,Single Answer
1051,What is the significance of the day when China’s Communist forces captured Jinzhou during the Liaoshen Campaign?,difficulty-2,"The day marked a turning point in the Chinese Civil War, leading to Communist control over Manchuria",Single Answer
1054,"What is the title of the novel by Zane Grey, published in 1916, that blends Western adventure with themes of masculinity and frontier life, set in Arizona's Mogollon Rim and Tonto Basin?",difficulty-2,The novel where a wealthy Easterner reinvents himself as a cowboy in the fading Old West,Single Answer
1057,"What is the name of the famous photograph by Alfred Eisenstaedt that captures a moment of racial tension in the American South, featuring a white man angrily pointing at a Black man during a voter registration drive?",difficulty-2,The only photograph by Eisenstaedt to depict a white man pointing aggressively at a Black man in the Jim Crow era,Single Answer
1060,What significant historical event occurred on the day known as 'The date when the first crossword puzzle was published in the New York World'?,difficulty-2,The Mukden Incident escalated,Single Answer
1063,What is the economic and industrial activity centered around the region in the Democratic Republic of the Congo (DRC) known as the world's richest mining area for copper and cobalt?,difficulty-2,Katanga Business,Single Answer
1066,Who was the Thaqifi poetess married to Caliph Umar ibn al-Khattab?,difficulty-2,Layla Bint Abi Murrah Al-Thaqafi,Single Answer
1069,What is the 1935 Japanese silent film directed by Mikio Naruse that critiques the social dynamics of Tokyo's infamous red-light district?,difficulty-2,The only pre-war Japanese silent film set in Yoshiwara directed by Mikio Naruse,Single Answer
1072,"Which 2015 film, set in the early 1950s, explores the post-World War II Irish emigration wave and features a protagonist working as a department store clerk?",difficulty-2,The film where Saoirse Ronan plays Eilis Lacey,Single Answer
1075,"On the date when the Detroit Tigers defeated the St. Louis Cardinals in Game 5 of the World Series, what historical event began and which country gained independence?",difficulty-2,"Operation Igloo White began, and Equatorial Guinea gained independence",Single Answer
1078,"Which American writer and academic, known for his experimental novels and teaching at the University of California, Irvine, served as a lieutenant in the U.S. Navy during World War II?",difficulty-2,MacDonald Harris,Single Answer
1081,"Which market town in North Yorkshire, known for its scenic limestone landscapes and as a key stop on the historic Settle-Carlisle Railway, has origins dating back to the Norman Conquest?",difficulty-2,Settle,Single Answer
1084,What is the title of the 1994 Bollywood action film starring Sunil Shetty that explores the underground blood trade in Mumbai?,difficulty-2,The film with the tagline 'Blood for Money',Single Answer
1087,What are three factual attributes about the individual who served in the U.S. military during the Vietnam War era and has possible ties to Louisiana?,difficulty-2,1. Military Service 2. Possible Association with Louisiana 3. Obscure Historical Footprint,Single Answer
1090,"What is the name of the Japanese aircraft carrier that was originally designed as a battleship but converted under the Washington Naval Treaty, played a key role in the attack on Pearl Harbor (1941), and was sunk at the Battle of Midway (1942)?",difficulty-2,The steel-hulled giant of the Imperial Japanese Navy,Single Answer
1093,"Who was the only child of Rudolf Hess, Adolf Hitler’s deputy Führer, known for advocating for his father's release from Spandau Prison and working as an architect in Munich?",difficulty-2,Wolf Rüdiger Hess,Single Answer
1096,Who was the first woman elected to represent the riding of Ottawa West in the Canadian House of Commons?,difficulty-2,The first female MP for Ottawa West (1988–2005),Single Answer
1099,"Who is the descendant of the last royal family of Laos, with ties to France and advocacy for Laotian culture?",difficulty-2,Savivanh Savang,Single Answer
1102,"What is the title of the 2007 American comedy film directed by and starring RuPaul, known for its camp aesthetics and parody of blaxploitation and adult film genres?",difficulty-2,Starrbooty,Single Answer
1105,"Which fictional character created by R.K. Narayan, appearing in the 1949 novel *Mr. Sampath – The Printer of Malgudi*, starts as a printer but later becomes a film producer?",difficulty-2,The witty and entrepreneurial printer-turned-film-producer from Malgudi,Single Answer
1108,Who was the New Zealand artist and printmaker known for pioneering modern printmaking and creating large-scale murals for the New Zealand Pavilion at Expo '70 in Osaka?,difficulty-2,The innovator behind New Zealand's 20th-century printmaking revolution,Single Answer
1111,What significant event occurred on the day known as 'The end of an era in Cold War politics'?,difficulty-2,Death of Joseph Stalin,Single Answer
1114,"What are the UV-resistant fabric shelters strongly tied to Italian coastal tourism, particularly in regions like Sardinia, Sicily, and the Adriatic coast?",difficulty-2,Tipi da Spiaggia,Single Answer
1117,"Who was the Swedish woman involved in the 1917 'Broberg Case', accused of espionage for Germany during World War I while working in Norway?",difficulty-2,The governess linked to a Scandinavian espionage scandal in 1917,Single Answer
1120,What is the only film title tagged as a 'WORK_OF_ART' that features an ampersand in its name and is classified as a family drama?,difficulty-2,Allie & Me,Single Answer
1123,"What is the name of the artwork by Damien Hirst that is a platinum cast of an 18th-century human skull encrusted with 8,601 flawless diamonds, including a large pink diamond in the forehead?",difficulty-2,For the Love of God,Single Answer
1126,What is the term 'Angels In The Infield' associated with in baseball history?,difficulty-2,The only minor league team to inspire an MLB team name while playing in Wrigley Field (LA),Single Answer
1129,"Who was the imperial consort of Sultan Abdulmejid I, mother of Şehzade Mehmed Burhaneddin, and buried in the Yeni Cami Imperial Mausoleum?",difficulty-2,Nazperver Kadın,Single Answer
1132,"Who was the Slovenian-American writer, journalist, and political activist known for his anti-fascist activism, literary contributions like 'The Native’s Return,' and advocacy for multiculturalism in America?",difficulty-2,The author of 'The Native’s Return' (1934),Single Answer
1135,What is the historical role of the only town in Machakos County that served as a minor administrative center in Ukambani during the British colonial era?,difficulty-2,"It was a key administrative outpost during the British colonial era, serving as a minor administrative center in Ukambani",Single Answer
1138,"Which city, known as the 'Eternal City', was founded in 753 BCE and became the capital of the Roman Empire?",difficulty-2,Rome,Single Answer
1141,"Which song by The Jayhawks, released in 1995 as part of *Tomorrow the Green Grass*, was co-written by Gary Louris and Mark Olson and reflects the band's Midwestern roots from Minneapolis, Minnesota?",difficulty-2,I Believe In Everything,Single Answer
1144,"What is the name of the institution established in 1973 by the Australian government, known for being the country’s only federally funded screen and broadcast school, with notable alumni like Baz Luhrmann and Jane Campion?",difficulty-2,The only federally funded screen and broadcast school in Australia,Single Answer
1147,Which film set during the Liberian Civil War (1989–2003) was filmed on location in Liberia and directed by Emmanuel O. Donkor?,difficulty-2,New Dawn (2014 film),Single Answer
1150,What is the only country in the Americas to have two official languages at the federal level?,difficulty-2,Canada,Single Answer
1153,"Which novel, published in 1958, is a darkly comedic spy thriller set in pre-revolutionary Havana under the Batista regime, featuring a vacuum cleaner salesman turned MI6 agent who fabricates intelligence reports?",difficulty-2,The satirical Cold War espionage novel featuring James Wormold,Single Answer
1156,"Who was the youngest son of Prince Henry of Prussia and Princess Irene of Hesse and by Rhine, who suffered from hemophilia and died in Tutzing, Bavaria in 1945?",difficulty-2,Prince Waldemar of Prussia,Single Answer
1159,"Which city is home to Hollywood, the global epicenter of the film and television industry, where major studios like Warner Bros., Paramount, and Universal are headquartered?",difficulty-2,Los Angeles,Single Answer
1162,"What is the only subterranean city built to protect humanity from an unspecified global catastrophe, designed to last 200 years with artificial lighting?",difficulty-2,City of Ember,Single Answer
1165,"Who was the Syrian poet and diplomat known for revolutionizing Arabic literature with free verse and bold themes, including feminism and Arab nationalism?",difficulty-2,Nizar Qabbani,Single Answer
1168,"Who was the fourth son of Emperor Akbar the Great and a younger brother of Emperor Jahangir, known for his rebellion and subsequent exile to Allahabad?",difficulty-2,The rebellious Mughal prince exiled to Allahabad,Single Answer
1171,What is the only Preston Sturges film starring Harold Lloyd?,difficulty-2,The Sin of Harold Diddlebock,Single Answer
1174,"Who was the manager and driving force behind The Jackson 5, born in Fountain Hill, Arkansas, and known for his strict parenting methods?",difficulty-2,The patriarch of the Jackson family,Single Answer
1177,"What is the name of the modern revival of the classic Texas radio barn dance tradition that is based in Fort Worth, emphasizes live performances of classic Texas genres, and echoes programs like The Big D Jamboree and The Louisiana Hayride?",difficulty-2,That Texas Jamboree,Single Answer
1180,"What is the historical significance of the first major oil-producing site in Iran, discovered around 1908 by the Anglo-Persian Oil Company (APOC)?",difficulty-2,It played a key role in establishing Iran as a major oil-producing nation,Single Answer
1183,"What is the ancient archaeological site near Shineh in Iran's Hamadan Province, known for its Parthian and Sassanian-era fortifications?",difficulty-2,The site where pottery and defensive structures reveal early Persian urbanization,Single Answer
1186,"What is the title of the 2005 British docudrama that reconstructs the events of the first day of the Battle of the Somme, featuring dramatized reenactments and expert commentary?",difficulty-2,The Somme (film),Single Answer
1189,"What is the title of the 1997 direct-to-video sequel to *Free Willy 2: The Adventure Home*, which shifts focus to a new protagonist and centers on illegal whalers threatening an orca pod?",difficulty-2,Free Willy 3: The Rescue,Single Answer
1192,What is the only Uralic language in Central Europe with agglutinative structure and historical ties to the Magyar tribes?,difficulty-2,Hungarian,Single Answer
1195,What is the only city to host both the spiritual center of the Roman Catholic Church and the remnants of the Roman Empire?,difficulty-2,Rome,Single Answer
1198,"What is the freshwater lake spanning 8 km in length and 2 km in width, situated between County Sligo and County Leitrim in Ireland, known for its scenic beauty and the famous Isle of Innisfree?",difficulty-2,Lough Gill,Single Answer
1201,What is the title of the 1986 film adaptation of an anonymous 16th-century Italian play set in Renaissance Venice?,difficulty-2,The Venetian Woman,Single Answer
1204,"Which former professional squash player, who reached a career-high world ranking of No. 10 in 1998 and won the Canadian National Squash Championship multiple times in the 1990s, later became the Executive Director of the Professional Squash Association (PSA) from 2008 to 2011?",difficulty-2,The Canadian squash player who peaked at world No. 10 in 1998,Single Answer
1207,"What is the title of the lesser-known work by Marie von Ebner-Eschenbach that reflects her focus on themes of class, morality, and everyday struggles, set in the Austro-Hungarian Empire?",difficulty-2,Eine Alltägliche Geschichte,Single Answer
1210,"What is the term associated with cannabis advocacy and counterculture, particularly tied to April 20th (4/20)?",difficulty-2,The Cannabis Culture Symbol,Single Answer
1213,What is the only city in Argentina that was twice founded by Spanish conquistadors and is the birthplace of tango?,difficulty-2,Buenos Aires,Single Answer
1216,"What is the title of the 2005 documentary that explores the traditional Brazilian instrumental genre choro, featuring musicians like Yamandu Costa and performances at Carioca da Gema?",difficulty-2,Brasileirinho,Single Answer
1219,What is the genre and theme of the Filipino film whose title translates to 'Threat of Yesterday' in English?,difficulty-2,"The film likely falls under drama, action, or historical genres, possibly exploring socio-political or cultural themes relevant to the Philippines",Single Answer
1222,"Which London district, historically significant for its legal institutions like the Inns of Court, derives its name from the Old English 'Holeburn' and was a key Roman route?",difficulty-2,Holborn,Single Answer
1225,"Which group, originally referring to indigenous peoples of the Americas, later became the primary demonym for citizens of the United States of America post-independence (1776)?",difficulty-2,"The group that pioneered global industries like Silicon Valley tech (Apple, Google), Hollywood cinema, and fast-food franchises (McDonald’s)",Single Answer
1228,"Which city, known as the junction where the Union Pacific and Central Pacific railroads met in 1869, is located at the base of the Wasatch Mountains and is home to Hill Air Force Base?",difficulty-2,The city where the transcontinental railroad was completed,Single Answer
1231,"What is the traditional Pashtun folk dance originating from the Pashtun tribes of Afghanistan and Pakistan, often performed at celebrations and cultural events to showcase martial skills and tribal unity?",difficulty-2,The dance of spinning swords and rhythmic footwork,Single Answer
1234,Who was the 19th-century gunsmith known for designing the 'Underhammer' rifle?,difficulty-2,Thomas Seelye Arms,Single Answer
1237,"What is the Italian phrase meaning 'Forgive me!' that is deeply embedded in Italian opera and classical music, often appearing in dramatic arias or recitatives where a character pleads for forgiveness?",difficulty-2,Perdonami!,Single Answer
1240,"Who was the pivotal midfielder for Celtic FC during their golden era in the 1960s and 70s, playing a key role in their historic 1967 European Cup victory?",difficulty-2,The only British club's first European Cup-winning midfielder,Single Answer
1243,Who was the prominent Azerbaijani military commander who served as a lieutenant general in the Russian Imperial Army before becoming the Minister of Defense of the Azerbaijan Democratic Republic (1918–1920)?,difficulty-2,Karim Bey Mehmandarov,Single Answer
1246,"What is the title of the 1972 French erotic drama film directed by Nina Companéez, set in the French countryside and starring Muriel Catalá?",difficulty-2,The film where a young woman explores her sexuality in rural 1970s France,Single Answer
1249,"Which country is home to one of the world’s oldest civilizations—the Indus Valley Civilization (c. 3300–1300 BCE), known for advanced urban planning, trade, and script?",difficulty-2,The land of the Himalayas,Single Answer
1252,"Which renowned Mexican painter and muralist, known for blending European modernism with pre-Columbian aesthetics, was the first Mexican artist to exhibit at the Venice Biennale?",difficulty-2,The artist who received Mexico's Premio Nacional de Ciencias y Artes in 1964,Single Answer
1255,"What is the name of the key transportation hub in northern Israel that was historically part of the Hejaz Railway network, located near Haifa Bay, and operated by Israel Railways?",difficulty-2,Hamifrats Central Railway Station,Single Answer
1258,"Which 1923 silent crime melodrama features an early female detective protagonist, is set in New York City, and is now considered a lost film?",difficulty-2,Her Fatal Millions,Single Answer
1261,Who is the lead guitarist of the Red Hot Chili Peppers known for his experimental solo work and born in New York City?,difficulty-2,The musician who joined the Red Hot Chili Peppers in 1988 and contributed to albums like *Blood Sugar Sex Magik*,Single Answer
1264,What is the only city to contain an independent country?,difficulty-2,Rome,Single Answer
1267,"What is the title of the 1912 novel by Grace Miller White that is set in the harsh, rural landscape of upstate New York's 'Storm Country'?",difficulty-2,"The only novel by Grace Miller White adapted into multiple silent films, including a 1922 version starring Mary Pickford",Single Answer
1270,"Who was the publisher who launched Timely Publications in 1939, which later evolved into Marvel Comics?",difficulty-2,The founder of Marvel Comics,Single Answer
1273,Who is the Scottish hill runner who won the World Mountain Running Trophy in 2000 and has multiple victories in the Ben Nevis Race?,difficulty-2,The openly gay World Champion hill runner from Scotland,Single Answer
1276,Who is the first fighter from Australia and New Zealand to win a UFC title?,difficulty-2,Robert Whittaker,Single Answer
1279,"Which Jamaican gospel reggae band, one of the first to emerge in the late 1970s, blended Christian themes with reggae and rocksteady rhythms?",difficulty-2,The Grace Thrillers,Single Answer
1282,"Who was the Swedish actress and dancer, known for her prominent role in 19th-century Scandinavian theater, who had a relationship with King Oscar I of Sweden and Norway and two illegitimate children with him?",difficulty-2,Emilie Högquist,Single Answer
1285,"On the day known for being the last day of the eighth month in a leap year, what significant events occurred in history, geography, and sports?",difficulty-2,1. Narendra Modi visited Japan for the second time in a year. 2. A 6.0 magnitude earthquake struck Northern California. 3. Serena Williams won her 18th Grand Slam singles title,Single Answer
1288,"What term originates from the late 16th century, derived from an archaic word meaning 'a careless or untidy person,' and reflects societal values linking appearance to moral character?",difficulty-2,Slovenly,Single Answer
1291,"What is the city known as the birthplace of the modern film industry, home to Hollywood and the iconic Hollywood Sign?",difficulty-2,Los Angeles,Single Answer
1294,"Who is the fictional character from East German children's literature, created by Gerhard Holtz-Baumert in the 1960s, known for his perseverance and humor despite constant mishaps?",difficulty-2,The accident-prone boy dreaming of becoming an astronaut,Single Answer
1297,"What is the unique attribute of the film starring Ryan Kwanten as a socially awkward office worker who believes he's a superhero, set in Melbourne and premiered at TIFF in 2010?",difficulty-2,The only Australian indie film where the protagonist's superhero delusions clash with Melbourne's urban reality,Single Answer
1300,Who was the fiery leader nicknamed 'The Flame' (La Flamme) during the Breton War of Succession?,difficulty-2,Joan of Dampierre,Single Answer
1303,What is the Dutch historical drama film that dramatizes Willem Barentsz's ill-fated 1596–1597 Arctic expedition and became the most expensive Dutch production at the time?,difficulty-2,Nova Zembla (2011),Single Answer
1306,What is the name of the 2006 experimental short film that uses hand-scratched 16mm Ukrainian archival footage to explore themes of memory and displacement?,difficulty-2,The only film by Naomi Uman to employ emulsion-scratching on Ukrainian archival material for a dreamlike effect,Single Answer
1309,"What is the title of the 2022 film set in the 17th century exploring the lives of Muslim captives in Malta during the Barbary slave trade, directed by Kenneth Scicluna?",difficulty-2,God’s House,Single Answer
1312,"Who was the son of William C. Durant, founder of General Motors and Chevrolet, who was a prominent race car driver and team owner in the 1920s, competing in events like the Indianapolis 500 in 1924 and 1925?",difficulty-2,Cliff Durant,Single Answer
1315,"What is the historical origin, geographical spread, and professional significance of the Romance language descended from Latin with Gaulish and Frankish influences?",difficulty-2,The Romance language descended from Latin with Gaulish and Frankish influences is French,Single Answer
1318,"Which member of the House of Hanover, born in Hildesheim in 1999, pursued a military career in the German Armed Forces (Bundeswehr)?",difficulty-2,The great-great-great-great-grandson of King George III of the United Kingdom,Single Answer
1321,"Which Italian city, known as one of the four great Maritime Republics alongside Venice, Pisa, and Amalfi, was the birthplace of Christopher Columbus and boasts one of the largest Mediterranean seaports?",difficulty-2,Genoa,Single Answer
1324,"Which educational institution, founded in 1921 in Mountainburg, Arkansas, is one of the oldest continuously operating high schools in Crawford County and is known for its Dragons mascot?",difficulty-2,Mountainburg High School,Single Answer
1327,"What is the name of the ancient archaeological site in Herat Province, Afghanistan, associated with Sufi mysticism and believed to date back to the Timurid Empire (14th–16th centuries)?",difficulty-2,Ganjgah,Single Answer
1330,"Who was the Australian rules footballer who played for the North Queensland Cowboys in the NRL as a second-row forward, tragically passed away at 26 due to acute myeloid leukemia (AML), and whose family established a foundation for leukemia research?",difficulty-2,Sam Faust,Single Answer
1333,Who is the individual of Māori (Ngāti Apa) and Scottish descent who served as the President of the Rātana Church and later became New Zealand’s Ambassador to the United Nations in Geneva?,difficulty-2,Matiu Dickson,Single Answer
1336,Which Saxon noble title was associated with a cadet branch centered in Bad Lauchstädt and became extinct in 1715?,difficulty-2,The ducal title linked to the Wettin dynasty's sub-line that ruled from Lauchstädt until 1715,Single Answer
1339,"What is the legendary bandit figure in Telugu folklore known for stealing from the rich to help the poor, particularly targeting oppressive landlords during the British colonial era in Andhra Pradesh?",difficulty-2,The Robin Hood of Andhra Pradesh,Single Answer
1342,"What is the name of the French animation studio founded in 1994, known for co-producing *The Triplets of Belleville* and specializing in traditional 2D animation and stop-motion?",difficulty-2,The studio celebrated for its hand-drawn style and Oscar-nominated collaborations,Single Answer
1345,What significant events occurred on the day William H. Macy was born?,difficulty-2,1. Birth of William H. Macy. 2. Disney’s *Cinderella* Premiere. 3. First Cloud-Seeding Experiment in Australia,Single Answer
1348,"Who was the prominent freedom fighter from Rajasthan involved in the Quit India Movement (1942), hailed from Barupal village in the Sirohi district, and later became an MLA representing Pindwara-Abu constituency?",difficulty-2,The freedom fighter from Barupal village who championed tribal rights in Rajasthan,Single Answer
1351,"Which Italian university, founded in 1924, operates across historic buildings in central Milan including the Ca' Granda and is renowned for its programs in medicine, pharmacy, and law?",difficulty-2,The institution with a Renaissance hospital turned university seat,Single Answer
1354,"Which Central European country, known as the birthplace of Pilsner beer, was home to Jan Hus and is a global leader in precision engineering?",difficulty-2,Czechia,Single Answer
1357,What are three specific factual attributes about the work of art referred to as 'The only Spanish-language thriller featuring a mysterious staircase'?,difficulty-2,1. Genre & Origin – Likely a mystery/thriller from Spain or Latin America. 2. Cultural Context – Gothic or psychological tension with Hispanic influences. 3. Professional Association – Possibly linked to a notable director or author in suspense,Single Answer
1360,"Which city, known as the epicenter of Europe's silk trade from the 16th century onward, is home to two ancient Roman theaters on Fourvière Hill and sits at the confluence of the Rhône and Saône rivers?",difficulty-2,Lyon,Single Answer
1363,"Who was the prominent figure in early 20th-century American agriculture, particularly known for contributions to citrus farming in Southern California, closely tied to Riverside, California, and involved in irrigation advancements and fruit packing operations?",difficulty-2,The citrus innovator of Riverside,Single Answer
1366,"Who is the younger daughter of U.S. President Richard Nixon and First Lady Pat Nixon, married to David Eisenhower, and known for her career as a writer and educator?",difficulty-2,Julie Nixon Eisenhower,Single Answer
1369,Who was the legendary Congolese musician known as the 'Voice of Lightness' and a pioneer of Soukous?,difficulty-2,Tabu Ley Rochereau,Single Answer
1372,"What is the title of the 2001 film that serves as the final installment in the Crocodile Dundee series, shifts the setting to Los Angeles, and involves a counterfeit art scheme?",difficulty-2,The film where Mick Dundee confronts Hollywood culture and uncovers an art fraud in California,Single Answer
1375,Who is the Vice President of Fudan University specializing in artificial intelligence and pattern recognition?,difficulty-2,Shen Lihong (沈立鸿),Single Answer
1378,Who is the former Georgian Minister of Corrections and Legal Assistance (2012–2016) who hails from Tskhinvali and is ethnically Ossetian?,difficulty-2,"The former Georgian Minister of Corrections and Legal Assistance (2012–2016) from Tskhinvali, ethnically Ossetian",Single Answer
1381,"Which American radio announcer and actor, known for his deep, resonant voice and iconic Blatz Beer commercials, was married to Esther Williams from 1945 to 1959?",difficulty-2,Ben Gage,Single Answer
1384,"Which Georges Simenon novel, published in 1953, is set primarily in Paris around the Quai des Orfèvres and involves a murder within the police force?",difficulty-2,Maigret Voit Rouge,Single Answer
1387,What is the original title of the film that won the Un Certain Regard award at the 2019 Cannes Film Festival and is set in 1950s Rio de Janeiro?,difficulty-2,A Vida Invisível de Eurídice Gusmão,Single Answer
1390,Who was the Macedonian general who served as regent under Alexander the Great and father of Cassander?,difficulty-2,Antipater,Single Answer
1393,"Which 2007 documentary by Michael Moore, known for contrasting the U.S. healthcare system with universal models in Canada, the UK, France, and Cuba, includes undercover footage in Cuba and focuses on systemic policy critique rather than corporate malfeasance?",difficulty-2,Sicko,Single Answer
1396,"What is the British comedy film directed by John Paddy Carstairs in 1952, reflecting post-war British cinema's shift toward lighthearted entertainment during a period of austerity?",difficulty-2,Happy Day (Film),Single Answer
1399,What are three specific factual attributes about the 1940 American crime drama film produced during the early sound era?,difficulty-2,"1. Historical Context – It reflects the stylistic transition from silent films to talkies in Hollywood. 2. Geographical Setting – The film is set in New York City, incorporating urban crime elements typical of pre-war American noir. 3. Professional Identity – It was directed by Phil Rosen, a prolific filmmaker known for his work in B-movies and crime thrillers during the 1930s and 1940s",Single Answer
1402,What is the teaching that originates from the Synoptic Gospels where Jesus summarizes the core of God’s law by quoting Deuteronomy 6:5 and Leviticus 19:18?,difficulty-2,The Great Commandment,Single Answer
1405,What is the title of the work that features a fortified structure accompanied by forty canines?,difficulty-2,There Was A Castle With Forty Dogs,Single Answer
1408,Who was the Zimbabwean-South African guitarist known for pioneering Afro-Jazz Fusion and collaborating with artists like Oliver Mtukudzi and Miriam Makeba?,difficulty-2,The pioneer of Afro-Jazz Fusion from Zimbabwe and South Africa,Single Answer
1411,What is the name of the creative work that explores themes of migration and cultural exchange along the river forming part of the U.S.-Mexico border?,difficulty-2,Along the Rio Grande,Single Answer
1414,What is the name of the artistic work that explores themes of abandonment through the lens of historical orphanages and social crises?,difficulty-2,The Echoes of Silent Cradles,Single Answer
1417,"What is the title of the 1962 biographical prison drama based on the life of John Resko, a convicted murderer who became a notable artist while incarcerated?",difficulty-2,The film about a prison artist's redemption,Single Answer
1420,"Which Tamil television soap opera aired on Zee Tamil is known for its portrayal of traditional South Indian family dynamics and values, featuring a protagonist who navigates familial and societal challenges?",difficulty-2,The show with the iconic 'Lakshmi' in its title,Single Answer
1423,"What is the maritime folk song that likely originates from the 19th or early 20th century, reflects sailors' lives, and was passed down through oral tradition?",difficulty-2,Way For A Sailor,Single Answer
1426,"Who was the daughter of Henry V, Count Palatine of the Rhine, and Agnes of Hohenstaufen, who married Herman V, Margrave of Baden-Baden, and supported Lichtenthal Abbey?",difficulty-2,The Welf-Hohenstaufen noblewoman buried at Lichtenthal Abbey,Single Answer
1429,Who is the voice actress behind Clarabelle Cow in *Mickey Mouse Works* and *House of Mouse*?,difficulty-2,April Winchell,Single Answer
1432,Who is the Finnish sociologist and professor at the University of Helsinki known for research on social stratification?,difficulty-2,The researcher specializing in inequality and life course studies,Single Answer
1435,"Who is the former Turkish jurist who served as a judge at the European Court of Human Rights from 1998 to 2008, known for expertise in human rights and constitutional law, and authored works like 'Turkey and the European Court of Human Rights'?",difficulty-2,The former judge representing Turkey at the ECtHR from 1998 to 2008,Single Answer
1438,"Which 1960 Western novel by E.L. Doctorow, known for subverting traditional tropes with a bleak, existentialist tone, was his debut work?",difficulty-2,Welcome to Hard Times,Single Answer
1441,"Who was the widow of Rock 'n' Roll legend Buddy Holly, inherited his publishing rights, and played a key role in preserving his legacy?",difficulty-2,María Elena Holly,Single Answer
1444,What is the title of the documentary film that reflects racial discourse and civil rights struggles in mid-20th century America?,difficulty-2,The Negro (Film),Single Answer
1447,"What historical figure, known for disguising their gender to serve in the military, fought in the Continental Army during the American Revolutionary War?",difficulty-2,Deborah Sampson,Single Answer
1450,What significant political merger occurred on the day when the Sozialistische Einheitspartei Deutschlands (SED) was formed?,difficulty-2,The merger of the Communist Party of Germany (KPD) and the Social Democratic Party (SPD),Single Answer
1453,"What is the title of the 1954 British drama film directed by J. Lee Thompson, adapted from Terence Rattigan's play 'The Deep Blue Sea', and reflecting post-war social anxieties?",difficulty-2,The marital strife drama set in 1950s Britain,Single Answer
1456,"Who was the first woman to write extensively on scientific topics for a general audience, contributing articles to *The Atlantic Monthly* and *Popular Science Monthly* on subjects like botany and astronomy?",difficulty-2,Sophia Bledsoe Herrick,Single Answer
1459,"Which 1990 Filipino melodrama film, starring National Artist Nora Aunor, portrays the struggles of Overseas Filipino Workers (OFWs) and is a classic example of the tearjerker genre?",difficulty-2,"Andrea, Paano Ba Ang Maging Isang Ina?",Single Answer
1462,"Which New York City all-girls private school, founded in 1884 by Samuel A. Brearley Jr., is located on the Upper East Side and is part of the Ivy Preparatory School League?",difficulty-2,The institution known for its intensive humanities curriculum and emphasis on critical thinking,Single Answer
1465,"Which 1937 documentary, created during the Spanish Civil War as a pro-Republican advocacy piece, prominently features the besieged city of Madrid and the rural village of Fuentedueña, and was directed by Joris Ivens with narration by Ernest Hemingway?",difficulty-2,The Spanish Earth,Single Answer
1468,What significant event related to the merger of socialist factions occurred on the date when the Communist Party of America was founded?,difficulty-2,The Communist Party of America was officially established,Single Answer
1471,"What is the only British romantic comedy film based on a 1951 play by Nancy Mitford, adapted from a French play by André Roussin, set on a deserted tropical island, and starring Ava Gardner, Stewart Granger, and David Niven?",difficulty-2,The Little Hut,Single Answer
1474,Who was the Mexican actress known for her role as Petra in 'The Magnificent Seven' (1960)?,difficulty-2,The pioneering Mexican actress who starred in 'The Magnificent Seven' (1960),Single Answer
1477,"Who was the Honorary President of the People's Republic of China in 1981, known for being the wife of Sun Yat-sen and a key supporter of his revolutionary ideals?",difficulty-2,Soong Ching-ling,Single Answer
1480,What is the city known as 'Protestant Rome' due to its historical ties with John Calvin and the Reformation?,difficulty-2,Geneva,Single Answer
1483,"Which country, known as the 'World’s Chocolate & Beer Capital', is officially divided into three linguistic regions: Dutch-speaking Flanders (60% of the population), French-speaking Wallonia (40%), and a small German-speaking community (1%)?",difficulty-2,Belgium,Single Answer
1486,"What is the historical significance, geographical filming locations, and professional innovation of the 1988 musical anthology film starring Michael Jackson that blends concert footage, short films, and fantasy sequences?",difficulty-2,"The film holds historical importance as a visual showcase of Michael Jackson's peak creative era, features scenes shot in Los Angeles and London, and was groundbreaking for its use of extended music video storytelling and early motion-capture animation",Single Answer
1489,What is the only dynasty in Chinese history that pioneered both gunpowder and movable-type printing?,difficulty-2,Song Dynasty,Single Answer
1492,What is the name of the invasive plant species whose flowers were metaphorically used in a 2018 Tamil novel to critique societal oppression?,difficulty-2,Prosopis juliflora,Single Answer
1495,"What is the title of the dark fantasy or horror-themed work associated with gothic or supernatural storytelling, emphasizing psychological tension and eerie atmospheres?",difficulty-2,Prey for the Shadows,Single Answer
1498,What is the name of the limited edition Polly Pocket set that featured a glow-in-the-dark lunar eclipse theme in the early 2000s?,difficulty-2,The celestial-themed playset with interactive glow features,Single Answer
1501,What is the name of the Symbolist masterpiece by Maurice Maeterlinck that explores themes of happiness and human longing through allegory and fantasy?,difficulty-2,The Blue Bird,Single Answer
1504,What is the name of the 1952 French musical film inspired by a famous Parisian cabaret known for its extravagant can-can dancers and risqué performances?,difficulty-2,The 1952 French musical film inspired by the Bal Tabarin cabaret,Single Answer
1507,Who was the architect behind El Templete (1828) and the Palacio de los Matrimonios in Havana?,difficulty-2,The designer of key Havana landmarks blending neoclassical and eclectic styles,Single Answer
1510,"What is the neighborhood in northern Tehran known for its affluent residential areas, historical significance as a summer retreat for Persian nobility, and hosting several foreign embassies?",difficulty-2,Farmaniyeh (فرمانیه),Single Answer
1513,"Which 2007 documentary, co-directed by a legal scholar and a historian, examines the Duke Lacrosse scandal and critiques prosecutorial misconduct?",difficulty-2,The documentary co-directed by Stuart Taylor Jr. and KC Johnson,Single Answer
1516,"What is the title of the 1996 crime drama loosely based on John Dillinger's life, featuring Chicago as a key setting and blending neo-noir with gangster cinema?",difficulty-2,Public Enemies,Single Answer
1519,Who is the longtime Louisiana Public Service Commissioner known for his progressive Democratic voice in a conservative state and who ran for the U.S. Senate in 2016?,difficulty-2,The Democratic advocate for rural broadband expansion and opponent of corporate monopolies in Louisiana,Single Answer
1522,"What term originates from the name of an Italian explorer who mapped parts of the New World in the early 16th century, distinguishing it from Asia?",difficulty-2,The term derived from Amerigo Vespucci,Single Answer
1525,"Who is the Spanish jazz innovator known for blending flamenco with contemporary jazz, collaborating with artists like Brad Mehldau and Kurt Rosenwinkel, and teaching at Berklee College of Music’s Valencia campus?",difficulty-2,Perico Sambeat,Single Answer
1528,"What is the name of the airport in Paris, Texas that was established in 1941 as a training base for the U.S. Army Air Corps during World War II?",difficulty-2,"The aviation hub with a 5,000-foot runway in Lamar County",Single Answer
1531,What ballet choreographed by Michael Clark features music from The Fall's 2007 album *Reformation Post TLC* and premiered at the Barbican Centre in 2008?,difficulty-2,The ballet blending classical techniques with punk influences,Single Answer
1534,Who was the 17th-century English clergyman and scholar known for his contributions to religious and academic discourse during the early modern period?,difficulty-2,The Master of Pembroke College from 1632 to 1645,Single Answer
1537,"What is the nickname of the 2017 Telugu action film starring Allu Arjun, set in Visakhapatnam, where the protagonist is a Brahmin caterer by day and a vigilante by night?",difficulty-2,The film where the lead character's signature dance step went viral,Single Answer
1540,"What is the name of the striking limestone mesa in the French Prealps, known for its flat summit and sheer cliffs, rising 2,085 meters (6,841 ft) above sea level, often called the 'Birthplace of Mountaineering'?",difficulty-2,Mont Aiguille,Single Answer
1543,"What is the title of the 1984 Danish coming-of-age film directed by Bille August, set in 1960s Copenhagen and part of the 'Trilogy of Youth'?",difficulty-2,The film where rock 'n' roll meets Danish youth rebellion in the 1960s,Single Answer
1546,"Which novel, reflecting early 20th-century Edwardian society and spanning locations like England, Paris, and North Africa, was adapted into a 1922 silent film starring Gloria Swanson and Rudolph Valentino?",difficulty-2,Beyond The Rocks,Single Answer
1549,"Who was the Archbishop of Cagliari from 1999 to 2019, known for his expertise in canon law and deep ties to Sardinia?",difficulty-2,The theologian who served as Archbishop of Cagliari from 1999 to 2019,Single Answer
1552,What significant technological milestone occurred on the day the first-ever computer-to-computer link was established on ARPANET?,difficulty-2,"The first-ever computer-to-computer link was established on ARPANET on October 22, 1969, marking a foundational moment in digital communication history",Single Answer
1555,"Who was the Spanish architect associated with Modernisme, known for designing Casa Manuel Llopis and renovating Barcelona's Teatre Principal?",difficulty-2,The architect linked to Modernisme who designed Casa Manuel Llopis and renovated Teatre Principal,Single Answer
1558,"Which village in Iran's Fars Province, known for its Qashqai nomadic ties and located in the Zagros range, is referred to as 'the mountainous settlement with ancient pre-Islamic roots'?",difficulty-2,Ashkuh,Single Answer
1561,Who was the naval commander known for modernizing the English fleet and designing race-built galleons?,difficulty-2,John Hawkins,Single Answer
1564,"What was the historical practice in 19th-century colonial Malaya where Chinese immigrant laborers entered into short-term contractual marriages with local women, often for domestic and companionship purposes?",difficulty-2,The arrangement involving temporary marital contracts for specific purposes in colonial Malaya,Single Answer
1567,Who is the historical figure associated with the mansion built in 1928 that has been featured in films like *The Big Lebowski* and *Ghostbusters II*?,difficulty-2,The individual linked to the gray stone estate in Beverly Hills,Single Answer
1570,"Which landlocked, Alpine nation was the heart of the Habsburg Monarchy (1278–1918) and is renowned for its classical music tradition, including composers like Mozart and Beethoven?",difficulty-2,Austria,Single Answer
1573,"Who was the daughter of King Béla IV of Hungary, born in 1242, who became a Dominican nun and was later canonized as a saint in 1943, known for living on the 'Isle of Hares' (now Margaret Island in Budapest)?",difficulty-2,The pious princess of the Árpád dynasty,Single Answer
1576,What is the historical fiction novel set during the English Civil War (1642–1651) that blends real events with fictional intrigue?,difficulty-2,The meticulously researched novel by P.F. Chisholm,Single Answer
1579,"What is the historical work that delves into the personal and courtly life of the 'Sun King,' focusing on his relationships, scandals, and the opulence of Versailles?",difficulty-2,The Private Life of Louis XIV,Single Answer
1582,What is the 1965 Satyajit Ray film critiquing blind faith and religious hypocrisy through humor and irony?,difficulty-2,Mahapurush,Single Answer
1585,"What is the name of the intermediate school in Cornwall, Ontario, that is named after Canada’s first French-Canadian Governor General and serves as a bridge between elementary and secondary education?",difficulty-2,General Vanier Intermediate School,Single Answer
1588,What is the title of the 2017 documentary where Morgan Spurlock opens his own 'farm-to-table' chicken sandwich restaurant to expose fast-food industry practices?,difficulty-2,The investigative film where Spurlock critiques USDA labeling loopholes via a self-run chicken joint,Single Answer
1591,"What is the name of the Spanish-language Netflix series set in Georgia, blending Southern Gothic elements with a darkly comedic tone, which premiered in 2018 amid controversy over its portrayal of body image?",difficulty-2,Insaciable,Single Answer
1594,"What is the silent German historical drama that depicts the life of a key figure in the French Revolution, produced by Rex-Film GmbH and starring Emil Jannings?",difficulty-2,Danton (1921 Film),Single Answer
1597,"What is the term rooted in Turkish nationalist discourse that criticizes perceived deceit or corruption, historically tied to the empire whose capital was Constantinople?",difficulty-2,The phrase rooted in Turkish nationalist discourse is 'Kahpe Bizans',Single Answer
1600,"What is the only horror film featuring a winged, truck-driving antagonist that feeds every 23 years?",difficulty-2,Jeepers Creepers (2001),Single Answer
1603,"What is the operetta that is a satirical reinterpretation of Johann Strauss II's 1874 work, deeply tied to 19th-century Vienna and often adapted with modern themes?",difficulty-2,"The operetta referencing frivolity and masked-ball culture of the Austro-Hungarian Empire, sometimes critiquing societal hypocrisy",Single Answer
1606,Which railway station in Norway is located near a historic solar observatory established in 1954 and serves the R30 line?,difficulty-2,The station near the Harestua Solar Observatory,Single Answer
1609,Who was the Hopi scholar from Mishongnovi who directed the Arizona State Museum and advocated for NAGPRA?,difficulty-2,Hartman H. Lomawaima,Single Answer
1612,"Which city, known as the 'Brazilian California' due to its historical coffee boom, is located in São Paulo state and hosts a major agribusiness fair?",difficulty-2,Ribeirão Preto,Single Answer
1615,What is the title of the 1903 silent short film directed by Edwin S. Porter that depicts a crime and law enforcement narrative?,difficulty-2,The only early silent film by Edwin S. Porter featuring a pickpocket's arrest,Single Answer
1618,"What is the title of the 1949 Western film set in post-Civil War Kansas, featuring a protagonist who is a former outlaw turned lawman?",difficulty-2,"The 1949 Western film set in post-Civil War Kansas, featuring a protagonist who is a former outlaw turned lawman",Single Answer
1621,What is the rural settlement in Kemerovo Oblast known for its historical ties to Siberian Tatar culture and its economy based on agriculture and coal mining?,difficulty-2,Tashkalmashevo,Single Answer
1624,"What is the title of the 1967 drama film loosely based on the life of jazz saxophonist Charlie Parker, exploring themes of race, addiction, and artistic struggle in mid-20th century America?",difficulty-2,The film about a jazz musician's turbulent life in 1950s NYC,Single Answer
1627,"What is the period marked by rapid industrialization, mass production, and the widespread adoption of machinery in manufacturing, transportation, and daily life, broadly defined from 1880 to 1945?",difficulty-2,The era of mechanized dominance,Single Answer
1630,"What was the famous saloon and gambling hall in Deadwood, South Dakota, during the late 1800s that played a key role in the town's Wild West era alongside figures like Wild Bill Hickok and Calamity Jane?",difficulty-2,Honor Of The West,Single Answer
1633,"What is the title of the 1975 East German romantic drama film directed by Roland Oehme, produced by DEFA during the Cold War era?",difficulty-2,The cinematic portrayal of socialist love in divided Germany (1975),Single Answer
1636,"What is the name of the song written by Johnny Mercer in 1943 that was aimed at boosting morale among American soldiers during WWII, blending jazz and boogie-woogie rhythms, and packed with 1940s military slang?",difficulty-2,G.I. Jive,Single Answer
1639,"What is the title of the 1940 American film starring Jean Hersholt as a beloved small-town physician, which is part of a series inspired by a popular radio show promoting public health awareness during the Great Depression and early WWII era?",difficulty-2,The Courageous Dr. Christian,Single Answer
1642,Who was the grandfather of Áedán mac Gabráin and a key figure in the consolidation of Scottish Gaelic power in the 6th century?,difficulty-2,The ancestor of the Cenél nGabráin dynasty,Single Answer
1645,What is the title of the 1951 film noir that fictionalizes the unsolved murder of silent film director William Desmond Taylor?,difficulty-2,The 1951 film noir that fictionalizes the unsolved murder of silent film director William Desmond Taylor,Single Answer
1648,"Which 1981 Bollywood film, known for its star-studded cast including Amitabh Bachchan, Shatrughan Sinha, Hema Malini, and Rishi Kapoor, featured a blockbuster musical score by Laxmikant-Pyarelal and was one of the most expensive Indian films of its time?",difficulty-2,Naseeb,Single Answer
1651,"Which psychedelic rock track from 1968, part of a pioneering rock opera recorded at Abbey Road Studios, features surreal, dreamlike storytelling and marked The Pretty Things' shift from R&B to avant-garde experimentation?",difficulty-2,Liberation (Lippy Lou Song),Single Answer
1654,Who was the Swiss footballer and manager who played in the 1954 FIFA World Cup and later managed FC Sion and Young Boys Bern?,difficulty-2,The forward who led Switzerland to the 1954 World Cup quarterfinals,Single Answer
1657,What is the historical significance of the figure associated with the De Beers diamond company and the establishment of Rhodesia?,difficulty-2,"The figure associated with the De Beers diamond company and the establishment of Rhodesia is Cecil John Rhodes, a British imperialist and mining magnate who played a key role in the colonization of southern Africa in the late 19th century",Single Answer
1660,What is the capital of the Isle of Man known for hosting the TT motorcycle races?,difficulty-2,Douglas,Single Answer
1663,"What was the name of the short-lived but influential newspaper published in London in the 1890s that was based in Fleet Street, known for its sensationalist and gossip-driven content, and briefly edited by Ada Reeve?",difficulty-2,A Society Sensation,Single Answer
1666,Which San Francisco-based psychedelic rock band was the first to sign with a major label and release a single in 1966?,difficulty-2,"The band that released 'Hello, Hello' in 1966",Single Answer
1669,"Who is the composer known for blending orchestral, folk, and electronic elements in scores for films like *The Imaginarium of Doctor Parnassus* and *The Good Dinosaur*?",difficulty-2,Jeff Danna,Single Answer
1672,Who was the actress known for her roles in silent films like *The Hunchback of Notre Dame* (1923) and successfully transitioned into talkies?,difficulty-2,The silent film star who worked with Lon Chaney in *The Hunchback of Notre Dame* (1923),Single Answer
1675,What are three key facts about the village known for its traditional craftsmanship near Tetovo in the Polog region?,difficulty-2,1. Historical Significance – The village is part of the Polog region with Ottoman-era influences. 2. Geographical Setting – Located along the Brvenica River between the Šar Mountains and Polog Valley. 3. Professional Identity – Renowned for woodworking and weaving,Single Answer
1678,"What is the title of the 2003 military-themed thriller directed by John McTiernan, filmed partially in Florida to replicate Panama?",difficulty-2,Basic,Single Answer
1681,"Who was the American composer trained under Josef Rheinberger, known for works like *Violin Sonata in E Major* and *Rhapsody for Piano and Orchestra*?",difficulty-2,Henry Holden Huss,Single Answer
1684,"Who was the Rock & Roll Hall of Fame inductee in 2012 as a member of The Crickets, known for writing iconic TV theme songs and replacing Buddy Holly in the band?",difficulty-2,The writer of 'Love Is All Around' and 'Sunshine Day',Single Answer
1687,"What is the historical context, geographical setting, and professional identity of the 1936 Western film starring Harry Carey and directed by Christy Cabanne, produced by RKO Radio Pictures?",difficulty-2,"The 1936 Western film was produced during the Golden Age of Hollywood, shot in California (Lone Pine and Alabama Hills), and starred Harry Carey under RKO Radio Pictures",Single Answer
1690,"Who was the Queen Consort of England married to King Edward I, known for the Eleanor Crosses?",difficulty-2,Eleanor of Castile,Single Answer
1693,"Who is the son of former New Zealand All Blacks and Western Samoa rugby legend Frano Botica, and has represented Hungary internationally in Rugby Europe competitions?",difficulty-2,Ben Botica,Single Answer
1696,What is the title of the poem written by James Whitcomb Riley in 1883 that reflects themes of lost love and rustic Americana?,difficulty-2,An Old Sweetheart Of Mine,Single Answer
1699,What is the name of the instrumental piece composed by Jimmy Page that evolved from *White Blues* and features DADGAD tuning?,difficulty-2,The hypnotic acoustic guitar composition from 1969,Single Answer
1702,"Which Indian city, known as the 'Detroit of Asia', is home to Fort St. George, the first British fortress in India built in 1644, and features the second-longest urban beach in the world?",difficulty-2,Chennai,Single Answer
1705,"Who is the avant-garde jazz saxophonist and composer known for blending structured composition with spontaneous creativity, collaborating with figures like Mary Halvorson and Anthony Braxton, and receiving a MacArthur Fellowship in 2023?",difficulty-2,Ingrid Laubrock,Single Answer
1708,"What year marked the beginning of World War II, saw the release of 'The Wizard of Oz', and witnessed the first successful nuclear fission experiment?",difficulty-2,1939,Single Answer
1711,"What is the highest regional capital in Italy, known for its origins dating back to the 4th century BCE and its role as the capital of Basilicata?",difficulty-2,Potenza,Single Answer
1714,Who was the 16th-century Jewish physician from Portugal known for fleeing the Inquisition and contributing to Renaissance medicine?,difficulty-2,The Sephardic doctor who practiced in Lisbon before exile,Single Answer
1717,Who was the Franciscan friar known for his devout sermons and writings in 15th-century Krosno?,difficulty-2,Wenceslaus of Krosno,Single Answer
1720,What is the name of the rural region in Mazandaran Province historically tied to the Qajar dynasty and known for its agricultural contributions?,difficulty-2,The agrarian hub of Qajar-era Mazandaran,Single Answer
1723,What is the historical significance of the village known for its ancient temples and traditional architecture in the Himachal Pradesh region?,difficulty-2,"Atal is historically significant for its ancient temples and traditional architecture, reflecting the cultural heritage of the Western Himalayas",Single Answer
1726,"Which city is home to Hollywood, the global epicenter of the film and television industry, and features diverse geography including beaches, mountains, and deserts within a short drive?",difficulty-2,Los Angeles,Single Answer
1729,"Who was the standout running back for the Dallas Cowboys from 1961 to 1968, winning NFL Rookie of the Year in 1961 and later inducted into the College Football Hall of Fame in 1976?",difficulty-2,The six-time Pro Bowl selection and former University of New Mexico star,Single Answer
1732,What are three specific factual attributes about the British police-themed television drama series that aired from 1995 to 1998?,difficulty-2,1. Historical Identity – It aired from 1995 to 1998. 2. Geographical Identity – It was set in Newcastle upon Tyne. 3. Professional Identity – It focused on uniformed constables and community policing,Single Answer
1735,"Who was the Swedish nobleman and soldier linked to the scandalous affair with Sophia Dorothea of Celle, whose mysterious disappearance in 1694 became a notorious political intrigue?",difficulty-2,Karl Johann von Königsmarck,Single Answer
1738,Who was the pioneer of German adult entertainment who founded 'Cora’s Dirty Dreams' and became a tragic cultural symbol after her death in 2011 due to complications from cosmetic surgery?,difficulty-2,The founder of 'Cora’s Dirty Dreams' and a pioneer in German adult entertainment who died in 2011,Single Answer
1741,"What is the traditional martial arts performance from Kerala, India, deeply rooted in the state's warrior culture and associated with Kalarippayattu?",difficulty-2,The ritualistic combat display linked to one of the oldest surviving martial arts,Single Answer
1744,"What is the name of the Grammy-winning 2008 hit song by Coldplay that was inspired by historical themes of monarchy and revolution, notably referencing King Louis XVI’s last words?",difficulty-2,Viva La Vida,Single Answer
1747,"Which individual, known for serving in the U.S. Army during the Vietnam War era, has been linked to Texas and associated with law enforcement or security work post-military service?",difficulty-2,William Soules,Single Answer
1750,What is the name of the short animated film directed by Robert McKimson that parodies Cold War-era space exploration?,difficulty-2,Outer Space Jitters,Single Answer
1753,"What is the airport that was originally a Royal Air Force base during the Cold War, located just 5 km from the Netherlands, and serves as a key operational base for Ryanair?",difficulty-2,Weeze Airport,Single Answer
1756,"What is the city that became the permanent capital of Spain in 1561 under King Philip II, centralizing political power and shaping its role as the country’s administrative and cultural heart?",difficulty-2,The city that became Spain's permanent capital in 1561,Single Answer
1759,"Which American athlete, known for being a last-minute addition to the 1920 Antwerp Olympics, competed in five events including the 400m, 800m, 4x400m relay, 3000m team race, and the decathlon?",difficulty-2,Kip Janvrin,Single Answer
1762,"What is the second-level administrative subdivision in Iran, equivalent to a 'county' in English, which originates from Middle Persian (*shahr-stān*) and varies widely in size and population?",difficulty-2,Shahrestan,Single Answer
1765,"What is the largest Spanish-speaking city in the world, built on the ruins of Tenochtitlán and located at 2,240 meters above sea level?",difficulty-2,Mexico City,Single Answer
1768,"What term historically referred to women who inherited or managed ship-owning businesses in 18th and 19th century Britain, particularly in port cities like Liverpool, Bristol, and London?",difficulty-2,The maritime heiress,Single Answer
1771,"What is the name of the historic neighborhood in southern Tehran, Iran, known for its working-class roots and industrial development during the 20th century, which played a role in Iran's modernization under the Pahlavi dynasty?",difficulty-2,The area near Rah Ahan Square,Single Answer
1774,Who is the French composer known for blending electronic and acoustic elements in contemporary classical music?,difficulty-2,The French composer blending electronic and acoustic elements in contemporary classical music,Single Answer
1777,"What is the title of the 1966 Western film that was one of the earliest shot in Yugoslavia during the Cold War, primarily filmed in the karst terrain of the Dalmatian region, and directed by Sergio Bergonzelli?",difficulty-2,Once Before I Die,Single Answer
1780,Who was the Russian nobleman who abandoned aristocracy to become a wandering adventurer in the 19th century?,difficulty-2,The Vagabond Prince,Single Answer
1783,"What is the historical significance of the village known for its proximity to Ray (Rhages), one of the oldest continuously inhabited cities in Iran?",difficulty-2,"Eyvanabad is historically significant due to its proximity to Ray (Rhages), linking it to ancient trade and cultural routes dating back to the Median Empire (6th century BCE)",Single Answer
1786,"What is the historical significance of the first all-Black Western film produced by the Lincoln Motion Picture Company in 1928, which is now considered a lost film?",difficulty-2,"The first all-Black Western film produced by the Lincoln Motion Picture Company in 1928 is historically significant as one of the earliest known feature-length Western films with an entirely Black cast, and it is now considered a lost film",Single Answer
1789,What is the significance of the day when the U.S. President authorized the NSA to conduct covert operations during the Cold War?,difficulty-2,14 March 1960,Single Answer
1792,"Which city is home to the UNESCO World Heritage Site Lahore Fort and Shalimar Gardens, built during the Mughal Empire?",difficulty-2,The cultural capital of Pakistan,Single Answer
1795,What is the name of the place that was founded in 1887 as a small agricultural community but became the epicenter of the American film industry after studios moved there in the early 1900s to escape Thomas Edison’s strict patent enforcement in New Jersey?,difficulty-2,The entertainment capital synonymous with the global film industry,Single Answer
1798,What is the name of the classical Odissi dance drama inspired by the *Gita Govinda* and performed by exponents like Guru Kelucharan Mohapatra?,difficulty-2,The dance drama blending devotional storytelling with traditional Odissi movements,Single Answer
1801,"What is the traditional Algerian dish deeply rooted in Berber (Amazigh) culinary heritage, particularly from the Kabylie region?",difficulty-2,The dish symbolizing Algerian hospitality and familial bonds,Single Answer
1804,"Which 2019 dark comedy-thriller, blending meta-humor with crime elements and starring Kevin Smith as a fictionalized version of himself, critiques modern franchise-dominated cinema while reflecting Smith’s DIY filmmaking roots?",difficulty-2,Madness in the Method,Single Answer
1807,"What is the 1958 Australian children's adventure film, a sequel to *Smiley* (1956), that reflects post-WWII Australia's cultural focus on youth and rural life, set in the Australian Outback, and directed by Anthony Kimmins?",difficulty-2,Smiley Gets A Gun,Single Answer
1810,"Which stand-up comedy pioneer, box office megastar, and acclaimed voice actor rose to fame in the early 1980s as a breakout star on *Saturday Night Live*?",difficulty-2,Eddie Murphy,Single Answer
1813,"What is the title of the 1943 classic Western film set in the rugged borderlands of the American Southwest, near Mexico, starring William 'Wild Bill' Elliott as a determined lawman?",difficulty-2,Riders of the Deadline,Single Answer
1816,What is the historical significance of the town in Iran's Tehran Province known for its Qajar-era settlements and proximity to Ray (Rhages)?,difficulty-2,Sharifabad,Single Answer
1819,Who was the first Earl of Suffolk and a key figure in the Hundred Years' War?,difficulty-2,The founder of a noble dynasty that became prominent in medieval England,Single Answer
1822,"Which Electress Consort of Saxony, known as 'The Praying Electress', refused to convert to Catholicism and spent her later years at Pretzsch Castle?",difficulty-2,Christiane Eberhardine of Brandenburg-Bayreuth,Single Answer
1825,"What is the title of the 1914 silent crime drama directed by Benjamin Christensen, known for its pioneering use of lighting and shadow?",difficulty-2,The film with groundbreaking chiaroscuro techniques in early cinema,Single Answer
1828,What is the historical significance of the only dialectal name linked to the Franche-Comté region in eastern France that derives from Franco-Provençal (Arpitan)?,difficulty-2,Lai Da Ravais-Ch reflects the region’s cultural and linguistic diversity before French dominance,Single Answer
1831,Who is the former Vice Mayor of Pasig City known for his business and real estate background?,difficulty-2,The former Vice Mayor of Pasig City from 2013 to 2016,Single Answer
1834,"What is the folk deity worshipped in the Kumaon region of Uttarakhand, India, associated with protection and justice?",difficulty-2,The guardian spirit of Kumaoni warriors,Single Answer
1837,What is the title of the 2003 film featuring a cameo by The Strokes and set in contrasting parts of New York City?,difficulty-2,Uptown Girls,Single Answer
1840,What is the title of the 2007 film starring Mark Wahlberg that is based on Stephen Hunter’s novel *Point of Impact*?,difficulty-2,The film is *Shooter*,Single Answer
1843,"Who is the acclaimed American film director, producer, and screenwriter known for *The Godfather* trilogy and *Apocalypse Now*, who also founded American Zoetrope and owns a winery in Sonoma County?",difficulty-2,The visionary behind *The Godfather* trilogy,Single Answer
1846,"Who was the Luxembourgish philanthropist married to the head of ARBED, known for hosting intellectuals at Colpach Castle?",difficulty-2,The advocate for women's education who co-founded the Lycée de Jeunes Filles,Single Answer
1849,"On the day when the founder of Honda Motor Co., Ltd. was born in Hamamatsu, Japan, what other two significant events occurred?",difficulty-2,"1. First wireless broadcast of voice and music by Reginald Fessenden from Brant Rock, Massachusetts. 2. Ecuador commemorated the anniversary of the Liberal Revolution of 1895",Single Answer
1852,"Who was the British Royal Navy officer, born in Rochester, Kent, England, who served as Commander-in-Chief of the Home Fleet during World War II and played a crucial role in the sinking of the German battleship Bismarck in 1941?",difficulty-2,The Admiral who led the sinking of the Bismarck,Single Answer
1855,"What is the title of the 1973 Yugoslav film directed by Zdravko Randić, known for its socio-political themes during the Cold War?",difficulty-2,The Boundary,Single Answer
1858,"Which 2011 dark comedy-drama film, set during the 1970s and 1980s in China, reflects the country's rapid industrialization and social upheavals of the Deng Xiaoping era, particularly the struggles of marginalized workers, and takes place in a remote shipyard on the Yangtze River?",difficulty-2,The Island (2011 film),Single Answer
1861,What significant event occurred on the day the influential French philosopher Michel Foucault was born?,difficulty-2,The formal opening of the Weimar Cinema in Berlin with the premiere of *Faust* and progress in aviation with the first aerial crossing of the equator,Single Answer
1864,"What is the name of the small village in the southwestern Netherlands, located in the province of Zeeland, near the Oosterschelde estuary, known for its traditional Zeelandic dialect and historic church, Sint-Maartenskerk?",difficulty-2,The village with a Gothic-rooted church in Zeeland,Single Answer
1867,"What is the year when the highest-grossing film of all time at that point was released, Hong Kong's sovereignty was transferred, and CGI breakthroughs like Jurassic Park: The Lost World emerged?",difficulty-2,1997,Single Answer
1870,"What is the name of the stanitsa located in Krasnodar Krai, Russia, near the strategic Isthmus of Perekop, which connects the Crimean Peninsula to the mainland?",difficulty-2,Perekopskaya,Single Answer
1873,"Who is the 4th overall pick in the 2013 WNBA Draft who played for the Washington Mystics, Dallas Wings, and New York Liberty?",difficulty-2,Tayler Hill,Single Answer
1876,"What is the historical title granted in 1373 by King Henry II of Castile to a Portuguese noblewoman, tied to a town in Extremadura known for its medieval castle?",difficulty-2,The title granted was the Countess of Alburquerque,Single Answer
1879,"Who was the British filmmaker married to Pamela Kellino (later Pamela Mason), known for directing episodes of *The Adventures of Robin Hood* (1955–1959)?",difficulty-2,The pioneering cinematographer & director who worked in both the UK and Hollywood,Single Answer
1882,"What is the title of the 1948 Technicolor adaptation of Prosper Mérimée's novella *Carmen*, which marked Rita Hayworth's first independent production under her own company?",difficulty-2,The Loves Of Carmen (1948 Film),Single Answer
1885,"What is the blues song originally recorded by Robert Ward in 1961, later popularized by Otis Redding in 1965, deeply rooted in the Southern United States, particularly associated with Memphis and Muscle Shoals, and recorded at FAME Studios?",difficulty-2,The gritty soul anthem that defined Otis Redding's raw vocal power,Single Answer
1888,"What is the name of the song set in a historic neighborhood in Copenhagen, Denmark, known for its canals and 17th-century architecture, written by Kim Larsen?",difficulty-2,Ballade På Christianshavn,Single Answer
1891,"What is the name of the 2023 film directed by Gareth Edwards, set in a futuristic war between humans and AI, featuring key locations filmed in Southeast Asia, and produced on a modest $80 million budget?",difficulty-2,The Creator,Single Answer
1894,"What is the 1961 musical drama film starring Elvis Presley where he portrays a troubled young man with literary talent, set in a small Southern town, and features only four songs by Presley?",difficulty-2,Wild in the Country,Single Answer
1897,"Who was the U.S. Army Air Service pilot in the 1920s and 1930s, known for his involvement in early military aviation and the U.S. Air Mail service, who died in a plane crash on June 23, 1931, near North Bend, Oregon?",difficulty-2,The early 20th-century aviator who perished in a Boeing P-12 crash in Oregon,Single Answer
1900,What are three specific factual attributes about the 1941 musical comedy film featuring Jack Oakie and produced by 20th Century Fox?,difficulty-2,1. Reflects wartime entertainment trends of early 1940s Hollywood. 2. Set in the rural American South. 3. Showcases 20th Century Fox's investment in musical and rural-themed narratives,Single Answer
1903,"What prestigious award, introduced in 1929 as 'Best Writing, Adaptation', specifically honors screenwriters who adapt pre-existing material like novels or plays into films?",difficulty-2,The golden statuette for adapted storytelling excellence,Single Answer
1906,"What is the title of the 1953 American drama film directed by Jean Negulesco, starring Greer Garson and Walter Pidgeon, which explores themes of adoption and religious prejudice in a small town?",difficulty-2,The only film starring both Greer Garson and Walter Pidgeon to address adoption in a 1950s small-town setting,Single Answer
1909,"What is the term for a player of the ancient Gaelic team sport tied to warrior training, governed by the GAA in Ireland?",difficulty-2,Hurler,Single Answer
1912,"Which NBA player, born in Modesto, California (1996), holds Nigerian citizenship and represented Nigeria at the 2020 Tokyo Olympics?",difficulty-2,The starting point guard for the Miami Heat during their 2023 NBA Finals run,Single Answer
1915,"Who is the daughter of Richard Nixon and Pat Nixon, married to David Eisenhower, and authored 'Pat Nixon: The Untold Story'?",difficulty-2,Julie Nixon Eisenhower,Single Answer
1918,"Which 1979 film, set in a fictional suburb inspired by Aurora, Colorado, marked Matt Dillon's debut and explored youth unrest?",difficulty-2,Over the Edge,Single Answer
1921,"Which country is home to one of the world's oldest civilizations, the Indus Valley Civilization (c. 3300–1300 BCE), and is the largest democracy by population?",difficulty-2,The land of the Himalayas,Single Answer
1924,Which song released in 1978 by The Sweet Breeze blends Nigerian highlife with American disco-funk and gained renewed popularity through vinyl reissues and hip-hop sampling?,difficulty-2,A Musical War Of Love,Single Answer
1927,"What is the title of the 1933 pre-Code drama film directed by Charles Brabin, starring Irene Dunne, which explores themes of revenge and moral ambiguity?",difficulty-2,The film where a wronged woman manipulates a wealthy family's lives for revenge,Single Answer
1930,What historical conflict involved a strategic alliance of Great Lakes tribes resisting colonial forces in the 1760s?,difficulty-2,Pontiac's War,Single Answer
1933,"Who is the retired Chilean midfielder who played for Colo-Colo and Universidad de Chile, earned 13 caps for the Chilean national team between 2003 and 2006, and later became a coach for Deportes Temuco?",difficulty-2,The former Colo-Colo and Universidad de Chile midfielder with 13 national team caps,Single Answer
1936,What is the historical significance of the name derived from Norman ancestry in medieval England following the 1066 conquest?,difficulty-2,Beaudley,Single Answer
1939,"Which 1971 film, set in 1951–1952 and capturing the decline of small-town America, was filmed on location in Archer City, Texas, and directed by Peter Bogdanovich at age 32?",difficulty-2,The Last Picture Show,Single Answer
1942,What is the nickname for the legendary bush pilot known for combining cowboy grit with daring flying skills in early Alaskan aviation?,difficulty-2,The Skyborne Rancher,Single Answer
1945,"Which Norwegian academic and researcher, known for her work in social sciences and public health, has contributed to studies on social inequalities in health, particularly focusing on socioeconomic factors in Norway, and is associated with the University of Bergen (UiB)?",difficulty-2,The researcher who has extensively studied Nordic welfare models and health disparities at the University of Bergen,Single Answer
1948,What are three specific factual attributes tied to the identity of the nation that was once the heart of the Habsburg Empire?,difficulty-2,"1. Historical Legacy of the Habsburg Empire, 2. Alpine Geography & Environmental Stewardship, 3. Musical & Intellectual Excellence",Single Answer
1951,Who was the Cold War-era scientist and government advisor linked to UFO claims and industrial research leadership?,difficulty-2,George W. Sarbacher Jr,Single Answer
1954,"Who was the nobleman who inherited the title Earl of Cumberland in 1542, centered his power in Westmorland and Yorkshire, and served as Warden of the West Marches?",difficulty-2,The 2nd Earl of Cumberland,Single Answer
1957,Who was the guerrilla commander in the January Uprising linked to Łódź?,difficulty-2,Pułkownik Kwiatkowski,Single Answer
1960,"What significant historical, geographical, and professional events occurred in the year known as 'The only year the Qing Dynasty fell'?",difficulty-2,"1. Chinese Revolution of 1911 (Xinhai Revolution) ended the Qing Dynasty. 2. Roald Amundsen reached the South Pole on December 14, 1911. 3. The first Indianapolis 500 took place on May 30, 1911",Single Answer
1963,"What is the name of the 1927 silent romantic comedy that was a British production filmed at Elstree Studios, starred Richard Dix and Esther Ralston, and was co-directed by Géza von Bolváry and Adrian Brunel?",difficulty-2,Paradise for Two,Single Answer
1966,"Which country, known as the birthplace of Pilsner lager, is home to the largest ancient castle complex in the world and features the Bohemian Paradise, a UNESCO Global Geopark?",difficulty-2,Czechia (Czech Republic),Single Answer
1969,"Who was the wife of John Flamsteed, England’s first Astronomer Royal, who assisted in his astronomical observations and calculations at the Royal Observatory in Greenwich?",difficulty-2,The collaborator in the production of *Historia Coelestis Britannica* (1725),Single Answer
1972,"What is the title given to the historical figure associated with organizing London's sanitation workers in the 19th century, known for elevating their profession with a regal moniker?",difficulty-2,The Monarch of the Broom Brigade,Single Answer
1975,"What is the name of the Oscar category introduced in 1929 to honor original screen stories not based on published material, which was later merged with Best Screenplay in 1957?",difficulty-2,The narrative blueprint Oscar,Single Answer
1978,What is the title of the 1936 painting by Reginald Marsh that depicts urban life during the Great Depression in Manhattan's Lower East Side?,difficulty-2,The artwork reflecting economic struggles of New York City's working class,Single Answer
1981,"What is the title of the 1943 American film starring Ann Sothern, part of a series produced by MGM, where the protagonist works in an aircraft factory reflecting wartime themes?",difficulty-2,The film where Maisie becomes a wartime factory worker,Single Answer
1984,"What is the name of the historical event involving the destruction of a notorious San Francisco district, famously depicted in a 1974 novel by Herbert Asbury?",difficulty-2,The Last Night of the Barbary Coast,Single Answer
1987,"What is the name of the 1919 film that is one of the earliest surviving films to explicitly advocate for LGBTQ+ rights, co-written by Magnus Hirschfeld?",difficulty-2,The pioneering silent film advocating queer rights in Weimar Germany,Single Answer
1990,"Who was the nobleman who significantly expanded the County of Hanau-Lichtenberg through strategic marriages and inheritances, notably acquiring the Lordship of Lichtenberg in 1480?",difficulty-2,The territorial expander of Hanau-Lichtenberg,Single Answer
1993,What significant historical event occurred on the day Paris was liberated from Nazi occupation during World War II?,difficulty-2,The liberation of Paris occurred on 25 August 1944,Single Answer
1996,Who was the British Army officer in the Royal Engineers who contributed to mapping in East Africa and authored works on military history?,difficulty-2,Frederick Orton Hamilton,Single Answer
1999,What is the only Belgian-French co-production directed by Joël Franka set in Brussels and rural Belgium?,difficulty-2,Love Me No More (Film),Single Answer
2002,"Which 1955 Western film, produced by Republic Pictures, explores themes of frontier justice or outlaw redemption?",difficulty-2,The mid-century cowboy narrative with low-budget action roots,Single Answer
2005,What is the only Swiss documentary film to capture the 1980 Zurich youth uprising (*Opernhauskrawalle*) through collaborative grassroots filmmaking?,difficulty-2,Züri Brännt (1981),Single Answer
2008,"Who was the prominent Irish republican activist and member of the Irish Republican Army (IRA) during the mid-20th century, closely tied to County Kerry, Ireland, and known for involvement in prison protests, including the 1940s IRA hunger strikes?",difficulty-2,Shane O'Connor,Single Answer
2011,"What is the title of the novel by Michael Scott, published in 1992, that blends fantasy and adventure with Irish folklore influences, set in Ireland, and features a young boy named Johnny Maxwell discovering magical abilities?",difficulty-2,The work where a Dublin youth harnesses Celtic myth,Single Answer
2014,"Who was the Jamaican artist and musician, known as 'The Pioneer of Dancehall Artwork', who lived from 1949 to 2002 and created iconic album covers for artists like Shabba Ranks and Super Cat?",difficulty-2,Wilfred Limonious,Single Answer
2017,"What is the film where a teenager uses surveillance to uncover his neighbor's dark secrets, reflecting post-9/11 anxieties?",difficulty-2,Disturbia,Single Answer
2020,"What is the only Iranian province home to the Tabriz Historic Bazaar Complex, a UNESCO World Heritage Site?",difficulty-2,East Azerbaijan,Single Answer
2023,Who was the PEI politician advocating for local governance reforms in the mid-1800s?,difficulty-2,John Oulton,Single Answer
2026,"What is the sequel to John Braine’s *Room at the Top* (1957), reflecting post-war Britain's social dynamics, set in the fictional town of Warley, and featuring protagonist Joe Lampton?",difficulty-2,"The novel reflecting post-war Britain's social dynamics, set in Warley, and featuring Joe Lampton",Single Answer
2029,"Who is the younger brother of Rajendra Prasad and a well-known actor in South Indian cinema, particularly in Telugu and Kannada films?",difficulty-2,The younger brother of Rajendra Prasad,Single Answer
2032,"Which Gothic-tinged Victorian novel, written by Charlotte Brontë and published in 1847 under the pseudonym 'Currer Bell', critiques 19th-century class hierarchies and gender roles while featuring a strong-willed female protagonist?",difficulty-2,Jane Eyre,Single Answer
2035,"What is the name of the traditional Azerbaijani folk song (muğam) that refers to Shusha (Şuşa), a historic city in the Karabakh region, and reflects the Azerbaijani struggle and displacement during conflicts over Karabakh?",difficulty-2,The Mist-Covered Peaks of Shusha,Single Answer
2038,"What is the name of the district in Los Angeles known for its iconic Walk of Fame and Sign, originally erected in 1923?",difficulty-2,Hollywood,Single Answer
2041,"Who was the co-founder of the Swedish Social Democratic Party (SAP) in 1889, exiled in the 1890s for radical activism, and died in Danish prison in 1899?",difficulty-2,The co-founder of the Swedish Social Democratic Party (SAP) in 1889,Single Answer
2044,What is the only experimental short film by Toshio Matsumoto that blends Butoh dance with avant-garde editing?,difficulty-2,Agon (Film),Single Answer
2047,"What is the name of the iconic fine-dining restaurant located in the Hotel Eden, a historic luxury hotel in Rome that opened in 1889?",difficulty-2,La Terrazza dell’Eden,Single Answer
2050,"What was the name of the Harlem cabaret and jazz venue from the 1920s-1930s that thrived during the Harlem Renaissance, known for its inclusive performances?",difficulty-2,The Night Club Queen,Single Answer
2053,What is the fortress built by the founder of the Sasanian Empire near Firuzabad in Fars Province?,difficulty-2,The stronghold of the first Sasanian king,Single Answer
2056,Which country is home to one of the world's oldest civilizations—the Indus Valley Civilization (c. 3300–1300 BCE)—and is the largest exporter of IT services globally?,difficulty-2,The land of the Himalayas,Single Answer
2059,"What are three specific factual attributes about the driest inhabited continent, highlighting its unique historical, geographical, and professional identity?",difficulty-2,"1. Historical Identity – The driest inhabited continent was colonized as a penal colony by the British Empire (1788–1868), with over 160,000 convicts transported there. 2. Geographical Identity – It hosts unique ecosystems like the Great Barrier Reef and Uluru. 3. Professional/Industrial Identity – It is a global leader in mining, being the largest exporter of iron ore, coal, and gold",Single Answer
2062,"What is the historical, geographical, and professional identity of the staple food made from unrefined grains dating back to ancient Egypt around 2500 BCE?",difficulty-2,Whole Wheat Bread,Single Answer
2065,What is the title of the 1972 Hong Kong crime film directed by Patrick Lung Kong that critically examines post-1967 Leftist Riots society and features Kowloon Walled City?,difficulty-2,The only Hong Kong crime film to pioneer semi-documentary style in 1972,Single Answer
2068,"Who was the Italian anti-Mafia magistrate based in Palermo, Sicily, known for his role in the Maxi Trial (1986–1987)?",difficulty-2,The meticulous investigator who contributed to weakening Cosa Nostra's power structure before 1993,Single Answer
2071,"Which 1999 Adam Sandler film, set in New York City and featuring Central Park prominently, marked a transitional phase in his career by blending slapstick humor with heartfelt storytelling?",difficulty-2,The film where a man adopts a child to prove his maturity to his girlfriend,Single Answer
2074,"Which classic Bollywood song from the 1981 film *Umrao Jaan* was composed by Khayyam, features lyrics by Shahryar, and is sung by Asha Bhosle?",difficulty-2,In Ankhon Ki Masti Ke,Single Answer
2077,"Which Belmont Stakes-winning Thoroughbred, foaled in 1916, was trained by Sam Hildreth and owned by Rancocas Stable?",difficulty-2,The 1919 Belmont Stakes champion,Single Answer
2080,What are three key aspects of the name derived from the Hindu god of wealth and prosperity?,difficulty-2,"Historical significance, geographical association, professional identity",Single Answer
2083,"What is the only cultural concept that blends music and firearms, deeply rooted in country music, associated with the American South & Southwest, and involves custom craftsmanship in both guitars and firearms?",difficulty-2,"The only cultural concept that blends music and firearms, deeply rooted in country music, associated with the American South & Southwest, and involves custom craftsmanship in both guitars and firearms",Single Answer
2086,"What is the book that centers on the true story of Henrietta Wood, a formerly enslaved woman who sued her enslaver for reparations after the Civil War?",difficulty-2,The only Pulitzer Prize-winning book about Henrietta Wood's reparations case,Single Answer
2089,"Who was the youngest son of King Henry IV of England, known for serving as Lord Protector of England (1422–1429), donating manuscripts to the University of Oxford, and opposing peace with France during the Hundred Years' War?",difficulty-2,"Humphrey, Duke of Gloucester",Single Answer
2092,"Which Dutch naval officer, known as 'Hero of the Black Sea', served as an admiral in the Russian Navy under Catherine the Great and produced detailed nautical charts of the Black Sea and Crimea?",difficulty-2,Andries Kinsbergen,Single Answer
2095,"What was the name of the South Boston-based street gang active in the 1960s–1970s, known for its ties to the Winter Hill Gang?",difficulty-2,The group linked to Winter Hill's criminal network,Single Answer
2098,Which 1987 film features a famous shootout scene inspired by the 'Odessa Steps' sequence and was scored by an Oscar-nominated composer?,difficulty-2,The Untouchables,Single Answer
2101,"What is the only verb mood used to issue commands, requests, or instructions, often omitting the subject (implied 'you')?",difficulty-2,Imperative,Single Answer
2104,What is the historical significance of the day known as 'The Day of the Land Cession Treaty'?,difficulty-2,"The Treaty of St. Louis (1816) was signed, ceding land in present-day Illinois and Wisconsin to the U.S. government",Single Answer
2107,What is the date when the only city to host both Summer and Winter Olympics occurred?,difficulty-2,22 October 1995,Single Answer
2110,Who was the first female First Lady of Mississippi to serve during two terms of a governor who was the state’s first Republican since Reconstruction?,difficulty-2,The first female First Lady of Mississippi during two terms of the state’s first Republican governor since Reconstruction,Single Answer
2113,What is the historical significance of the floral hub in Nice known for its 19th-century origins and mimosa trade?,difficulty-2,"The Cours Saleya Flower Market has operated since the 19th century, specializing in regional blooms like mimosa and jasmine",Single Answer
2116,"Which underground hip-hop collective is known for their raw, experimental sound and affiliation with the Memphis rap revival scene?",difficulty-2,The Rej3ctz,Single Answer
2119,What is the name of the Hyderabad-based B-school that emphasizes systems thinking and is part of the Vishwa Vishwani Group?,difficulty-2,The institute known for its focus on systems management in Hyderabad,Single Answer
2122,Who was the German nobleman married to Princess Frederica of Hanover?,difficulty-2,The husband of Princess Frederica of Hanover,Single Answer
2125,"Which historic port city, known as the 'Gateway of the Mediterranean', has been a maritime crossroads for over 2,600 years?",difficulty-2,Marseille,Single Answer
2128,Who was the Mongolian princess who became the queen consort of King Gongmin of Goryeo (r. 1351–1374) and symbolized a political alliance between the Goryeo Dynasty and the Yuan Dynasty?,difficulty-2,The consort who bridged Mongol and Korean realms,Single Answer
2131,"What is the name of the historical conflict symbolized by the red and white roses, involving the houses of Lancaster and York from 1455 to 1487?",difficulty-2,Wars of the Roses,Single Answer
2134,"Which individual, known for being the first female Deputy Mayor of Hamilton, is associated with New Zealand and the Waikato region?",difficulty-2,Jan Maree Tennent,Single Answer
2137,"What is the name of the 1965 Cold War-era thriller starring Richard Widmark as a destroyer commander, known for its psychological tension and procedural realism?",difficulty-2,The Bedford Incident,Single Answer
2140,"Who was the Brigadier General in the U.S. Army who served in the Pacific Theater during World War II, commanded the 24th Infantry Division, and later became the Military Governor of Oahu before transitioning into a legal career in Hawaii?",difficulty-2,The Military Governor of Oahu during post-war administration,Single Answer
2143,"What is the title of Dwight Yoakam's 1988 country song that blends honky-tonk influences with modern production and tells a story of romantic pursuit with a playful, outlaw edge?",difficulty-2,The track from *Buenas Noches from a Lonely Room* that revived the Bakersfield sound,Single Answer
2146,"Which high school in Will County opened in 2001 with a tiger mascot and Carolina blue, navy blue, and white colors?",difficulty-2,The second high school in Plainfield Community Consolidated School District 202,Single Answer
2149,"Who is the Latvian soprano celebrated for her performances in leading roles at major opera houses, including the Metropolitan Opera in New York and the Vienna State Opera?",difficulty-2,Maija Kovaļevska,Single Answer
2152,What are three specific factual attributes that highlight the identity of the nation known as the birthplace of Mozart?,difficulty-2,"1. Historical Legacy of the Habsburg Monarchy, 2. Geographical Alpine Dominance, 3. Musical Heritage & Vienna’s Classical Tradition",Single Answer
2155,What significant events occurred on the day known as 'The first U.S. presidential debate on the internet'?,difficulty-2,"1. First U.S. Presidential Debate on the Internet, 2. Opening of the 'Tunnel of Hope' in Sarajevo, 3. Nintendo Releases Mega Man X",Single Answer
2158,"What is the Bengali novel by Samaresh Majumdar, published in 1981, that is set against the backdrop of the Naxalite movement (1967–1972) in West Bengal?",difficulty-2,The seminal work blending fiction with historical realism in modern Bengali literature,Single Answer
2161,"What is the name of the legendary Ottoman admiral known for dominating the Mediterranean in the 16th century, whose moniker translates to 'Redbeard' in French?",difficulty-2,Hayreddin Barbarossa,Single Answer
2164,"What is the only Indian film awards ceremony that exclusively honors South Indian cinema in Tamil, Telugu, Malayalam, and Kannada films, launched in 1954, and awards the 'Black Lady' statuette?",difficulty-2,Filmfare Awards South,Single Answer
2167,"What is the name of the river in the Sakha Republic (Yakutia), Russia, known for its extreme Arctic climate and Ice Age fossil discoveries?",difficulty-2,Nychalakh,Single Answer
2170,"What is the musical adaptation of the 1940 Broadway play based on Ruth McKenney's autobiographical short stories, set in Greenwich Village, New York City, and featuring choreography by Bob Fosse?",difficulty-2,The 1955 film with Janet Leigh and Betty Garrett,Single Answer
2173,"What is the title of the 1965 British adventure-horror film directed by Jacques Tourneur, loosely based on Edgar Allan Poe’s poem 'The City in the Sea,' featuring Vincent Price as a tyrannical ruler of an underwater society?",difficulty-2,The film where Vincent Price rules a dystopian underwater civilization,Single Answer
2176,"Which city, known as the first capital of the United States under the Constitution (1789–1790), hosted George Washington’s inauguration at Federal Hall on Wall Street?",difficulty-2,New York,Single Answer
2179,"Which Swiss lake, known for being the first in the world to undergo large-scale artificial aeration since 1982, is located in the canton of Lucerne and was formed during the last Ice Age?",difficulty-2,Lake Baldegg,Single Answer
2182,"Who is the actor known for his roles in *The Elephant Man* and *The Normal Heart*, appearances in *The X-Files* and *Star Trek: Deep Space Nine*, and voice work in *Star Wars: The Old Republic*?",difficulty-2,The Broadway and theater actor with notable television and film presence,Single Answer
2185,"What is the title of Ion Idriess's 1937 book that vividly depicts the dangers of pearl diving in Australia, including decompression sickness and shark attacks?",difficulty-2,The perilous pearl diving chronicle,Single Answer
2188,"Who was the youngest daughter of Florestan I, Prince of Monaco, and Maria Caroline Gibert de Lametz?",difficulty-2,Princess Florestine of Monaco,Single Answer
2191,"What is the phrase famously associated with the Russian revolutionary movement of the late 19th and early 20th centuries, used as a motto by radical groups like the People’s Will (Narodnaya Volya)?",difficulty-2,The defiant slogan linked to the assassination of Tsar Alexander II,Single Answer
2194,What is the origin of the phrase 'The only command to remove unnecessary items from a ship's deck to prepare for battle or rough seas'?,difficulty-2,Naval warfare,Single Answer
2197,Who was the Italian painter and restorer known for directing the restoration of Raphael’s Stanza della Segnatura in the Vatican?,difficulty-2,The restorer of Vatican frescoes from Montecosaro,Single Answer
2200,"Which village in Iran, known for its proximity to Mashhad and historical ties to the Silk Road, is also recognized for traditional Persian farming practices like saffron cultivation?",difficulty-2,Asadabad-e Bala,Single Answer
2203,"Who was the Austrian-American economist who served as Director of the Division of International Finance at the U.S. Federal Reserve Board from 1946 to 1965, fled Nazi-occupied Austria in 1938, and was a key advisor during the Bretton Woods Conference?",difficulty-2,The architect of post-WWII international monetary policy at the Federal Reserve,Single Answer
2206,What is the only film where M.E. Clifton James reenacted his own wartime role as a military deception double?,difficulty-2,I Was Monty's Double (1958),Single Answer
2209,"What term refers to the powerful Western (primarily British) merchant princes who dominated trade in Canton (Guangzhou) and later Hong Kong during the early 19th century, particularly in the opium trade and the founding of major trading houses like Jardine Matheson?",difficulty-2,Tai-Pan,Single Answer
2212,What is the traditional Kannada phrase meaning 'one who helps others selflessly' and reflects Karnataka's cultural ethos?,difficulty-2,The phrase embodying Karnataka's spirit of altruism and community service,Single Answer
2215,"Who was the pioneering African American educator and civil rights advocate in the early 20th century, known for founding a prominent industrial school in Alabama modeled after Booker T. Washington's Tuskegee Institute?",difficulty-2,The founder of the Alabama industrial school emphasizing vocational training for Black communities during Jim Crow,Single Answer
2218,What is the unique historical context of the 1964 film featuring Tallulah Bankhead's theatrical intensity in a horror-tinged setting?,difficulty-2,"The film marked one of Tallulah Bankhead’s final film roles, showcasing her theatrical intensity in a horror-tinged setting",Single Answer
2221,Who was the French colonial administrator in Africa who later criticized aspects of colonialism and supported African self-determination?,difficulty-2,Louis Sanmarco,Single Answer
2224,"Which 1988 film is set during the Korean War (1950–1953), depicts battles around Chosin Reservoir (Changjin Lake), and focuses on U.S. Army Rangers and Marine Corps units?",difficulty-2,Into the Fire,Single Answer
2227,"Which city, known for hosting the Medina that is a UNESCO World Heritage Site since 1979, serves as the capital and largest city of Tunisia, strategically located on the Gulf of Tunis?",difficulty-2,Tunis,Single Answer
2230,What is the title of the 1948 British crime film directed by Lawrence Huntington that stars Robert Newton as an ex-convict navigating post-war London's underworld?,difficulty-2,Hunted Men,Single Answer
2233,Which Wyoming museum houses original artifacts from the Battle of the Little Bighorn and is named after a local pharmacist-historian?,difficulty-2,"The repository of Plains Indian Wars relics in Buffalo, Wyoming",Single Answer
2236,What is the Afrikaans-medium vocational school in Pretoria that specializes in trades like welding and electrical work?,difficulty-2,CVO Skool Pretoria,Single Answer
2239,"What term originates from the name of Italian explorer Amerigo Vespucci, who proposed that the lands discovered by Columbus were part of a new continent?",difficulty-2,American,Single Answer
2242,What historical novel set during the Crimean War focuses on women defying societal norms as nurses?,difficulty-2,No Place for a Lady,Single Answer
2245,"Which Anglo-Irish officer, son of Thomas Taylour, 1st Earl of Bective, was killed in action at the Battle of Barrosa (5 March 1811) while leading the 1st Battalion of the 87th (Royal Irish Fusiliers) Regiment?",difficulty-2,Hercules Taylour,Single Answer
2248,"What is the title of the 1940 American comedy film directed by Ray Enright, loosely based on the 1909 play *The Butter and Egg Man* by George S. Kaufman, featuring a young Ronald Reagan in a supporting role?",difficulty-2,The screwball comedy set in Texas with Eddie Albert,Single Answer
2251,"Who was the daughter of Holy Roman Emperor Maximilian II and Maria of Spain, married her uncle Philip II of Spain in 1570, and became Queen Consort of Spain and Portugal?",difficulty-2,The mother of Philip III of Spain,Single Answer
2254,Which Chinese weightlifter won a silver medal in the Men's 62 kg category at the 2012 London Olympics?,difficulty-2,The silver medalist in the Men's 62 kg weightlifting at the 2012 London Olympics,Single Answer
2257,"On the day when Douglas Corrigan famously flew 'the wrong way' across the Atlantic, what significant geopolitical and scientific events were occurring?",difficulty-2,"The Sudeten Crisis escalated, and the Mount Palomar Observatory's Hale Telescope project advanced",Single Answer
2260,"Who is the scholar known for expertise in Turkish literature, particularly in Ottoman poetry and modern Turkish literary criticism, affiliated with Istanbul University?",difficulty-2,Zehra Borazancı,Single Answer
2263,Who was the protostrator under Emperor Michael VIII Palaiologos in the late Byzantine Empire?,difficulty-2,Andronikos Angelos Palaiologos,Single Answer
2266,"What is the hometown of Giovanni Domenico Cassini, known for its astronomical observatory and annual astronomy festival, situated at 572 meters above sea level in the Ligurian Alps?",difficulty-2,Perinaldo,Single Answer
2269,"What is the title of the song written by George Gershwin and Ira Gershwin in 1930, introduced in the Broadway musical 'Girl Crazy', and originally performed by Ethel Merman in her debut?",difficulty-2,The song that marked Ethel Merman's legendary Broadway debut in 1930,Single Answer
2272,"What is the name of the well-known restaurant in Accra, Ghana, established in 1996, located in the Osu district, and celebrated for its authentic Ghanaian and West African cuisine?",difficulty-2,Just Like Home,Single Answer
2275,"What are three specific factual attributes about the coastal village in County Cork, Ireland, known as 'The sandy crescent bay near Cork city'?",difficulty-2,"1. Geographical Identity: Located approximately 12 km southeast of Cork city along a sandy crescent-shaped bay. 2. Historical Significance: Named after Captain Thomas Fountain, linked to 17th-century Cromwellian confiscations. 3. Tourism & Leisure: Part of the 'Scenic Route' between Crosshaven and Myrtleville, with a gently sloping beach ideal for swimming",Single Answer
2278,"Which 2013 comedy film, written and directed by its female lead, won the Sundance Filmwriting Award and explores the legacy of a famous Hollywood trailer voice trope?",difficulty-2,In A World,Single Answer
2281,Who was the Indian Army Captain posthumously awarded the Ashoka Chakra for bravery in the 2014 Shopian operation?,difficulty-2,The recipient of the Ashoka Chakra for the 2014 Shopian operation was a courageous Indian Army Captain,Single Answer
2284,What is the title of the film that translates to 'Six Days in Darkness' in English?,difficulty-2,The cinematic work featuring a harrowing survival narrative over half a dozen sunless days,Single Answer
2287,"Which UK coastal town, transformed from a deserted heathland into a fashionable resort by Lewis Tregonwell, boasts a Victorian pier built in 1880 and a thriving digital economy?",difficulty-2,The town with the UK's sunniest winter microclimate and home to Bournemouth University's National Centre for Computer Animation,Single Answer
2290,What term originates from the name of an Italian explorer who first recognized the Americas as a distinct continent?,difficulty-2,American,Single Answer
2293,What is unique about the album released in 2005 that blends punk energy with rootsy Americana and references Woody Guthrie's birthplace?,difficulty-2,The only Mekons album to explicitly honor Woody Guthrie's legacy through its title and themes,Single Answer
2296,Who was the Welsh soldier known for his defense of Denbigh Castle during the English Civil War (1642–1651) as a Royalist officer?,difficulty-2,Owen Evans,Single Answer
2299,"Which company, spun off from ITT Corporation in 2011, has its global headquarters in Washington, D.C., and specializes in advanced water technology?",difficulty-2,Xylem Inc,Single Answer
2302,"Who was the 19th-century French cellist and composer associated with the Conservatoire de Paris, whose nephew became the first woman to win the Prix de Rome?",difficulty-2,Frédéric Boulanger,Single Answer
2305,What are three specific factual attributes that highlight the identity of the nation with the oldest continuous hereditary monarchy in the world?,difficulty-2,"Historical Monarchy, Geographical Diversity, Professional & Industrial Legacy",Single Answer
2308,"What is the name of the 1985 biographical film based on Sudha Chandran's life, known for its portrayal of her resilience after losing a leg and her comeback with a prosthetic 'Jaipur foot'?",difficulty-2,Mayuri,Single Answer
2311,"Which Irish politician, known for his distinctive long hair and pink shirts, served as a Member of the European Parliament for Ireland South since 2019 and was previously a Teachta Dála from 2011 to 2019?",difficulty-2,Mick Wallace,Single Answer
2314,Which Merovingian ruler inherited the eastern Frankish kingdom centered around Reims after Clovis I's death?,difficulty-2,The son of Clovis I who ruled from 511 to 534 AD,Single Answer
2317,"What is the title of the 1937 film directed by G.W. Pabst that reflects the anxieties of rising fascism in Europe, was shot in France at Pathé-Natan studios, and features an antihero protagonist named Pierre Radier?",difficulty-2,A Modern Hero,Single Answer
2320,"Which 1962 Italian Gothic horror film, known for its controversial themes and starring Barbara Steele in a dual role, is a key example of the genre's revival?",difficulty-2,The Horrible Dr. Hichcock,Single Answer
2323,Which song written for *The Hobbit: The Desolation of Smaug* (2013) was recorded in New Zealand and features Māori-inspired vocal harmonies?,difficulty-2,I See Fire,Single Answer
2326,"What is the historical context, geographical setting, and professional identity of the Spanish-language adaptation inspired by the Faustian legend?",difficulty-2,"The work draws from the Faustian legend, likely set in a Spanish-speaking country, and features a scholar making a pact with supernatural forces",Single Answer
2329,"What is the YouTube channel known for its in-depth analyses of world-record speedruns and gaming history, particularly in titles like *The Legend of Zelda: Ocarina of Time*?",difficulty-2,The speedrunning-focused YouTube channel created by Tom 'TGH' Grochowiak,Single Answer
2332,Who was the founder of Concord Productions and a key figure in bridging Hong Kong cinema with Hollywood during the 1960s–1980s?,difficulty-2,The founder of Concord Productions and a key figure in bridging Hong Kong cinema with Hollywood during the 1960s–1980s,Single Answer
2335,"Which historical romance novel by Courtney Milan is set in Regency England, features London's high society, and has a heroine named Miss Frederica Marshall who defies societal expectations?",difficulty-2,You Will Be A Duchess,Single Answer
2338,What is the historical context of the silent film released in 1919 that was produced in the United States during the early Hollywood era?,difficulty-2,The Lion's Den (1919 film),Single Answer
2341,"Who was the senior member of the Saudi royal family who served as the Deputy Minister of Interior under King Faisal in the 1960s–1970s, later becoming Governor of Al-Qassim Province from 1980–1992, and held military and intelligence-related roles earlier in his career?",difficulty-2,The Deputy Minister of Interior under King Faisal and Governor of Al-Qassim Province (1980–1992),Single Answer
2344,"What is the title of the 1996 Hong Kong action-adventure film where Jet Li plays both a modern-day archaeologist and his fictional alter ego, the 'Bookwise Warrior,' revolving around a mythical scripture?",difficulty-2,The Scripture With No Words,Single Answer
2347,"What is the title of the 1928 silent film adaptation of the Broadway musical by George and Ira Gershwin, starring Gertrude Lawrence in her only silent film role?",difficulty-2,"Oh, Kay!",Single Answer
2350,"What is the film that won two Oscars, including Best Original Score, and is based on the true story of conservationists who raised an orphaned lioness in Kenya?",difficulty-2,The film inspired by Joy and George Adamson's work with Elsa the lioness,Single Answer
2353,Who was the Head Gardener at Windsor Castle during the mid-19th century known for pioneering advanced greenhouse techniques and contributing to botanical guides?,difficulty-2,The royal horticulturalist who innovated greenhouse cultivation at Windsor under Queen Victoria,Single Answer
2356,"What is the name of the village in northern Iran located in Nowshahr County of Mazandaran Province, known for its citrus and rice production?",difficulty-2,The agricultural hub near the Hyrcanian forests,Single Answer
2359,What is the significance of the day when the Battle of Guillemont occurred during World War I?,difficulty-2,2 September 1916,Single Answer
2362,"What 1935 pre-Code crime drama features a con artist impersonating a Broadway producer, starring Edmund Lowe?",difficulty-2,King Solomon of Broadway,Single Answer
2365,"What is the name of the famous Mexican folk song traditionally associated with the son huasteco genre, originating from the Huasteca region, known for its lively rhythm and falsetto vocals?",difficulty-2,The rebellious anthem of rural defiance,Single Answer
2368,Who is the Icelandic economist and former politician who served as Minister of Finance (1991–1995) and later as Governor of the Central Bank of Iceland (1994–2005)?,difficulty-2,The architect of Iceland's inflation targeting policy in 2001,Single Answer
2371,"Which fictional character from Tamil comedy skits is known for his humorous portrayal of a night watchman, often seen with a lathi and torch?",difficulty-2,The bumbling yet endearing night watchman portrayed by Vadivelu in Tamil films,Single Answer
2374,What is the traditional fermented fish product from Kerala's Malabar region that has been part of its culinary tradition for centuries?,difficulty-2,Kazhukan,Single Answer
2377,Which pioneering photographer revolutionized fashion photography in the 1930s–1950s by introducing natural lighting and outdoor settings?,difficulty-2,The artist behind 'Painting with Light',Single Answer
2380,"What is the title of the 2007 Japanese pink film directed by Takahisa Zeze, known for blending eroticism with psychological drama?",difficulty-2,The film where urban Japanese settings meet psychological depth in erotic cinema,Single Answer
2383,"What is the name of the event that began in Breda, Netherlands, in 2005, inspired by Dante Rossetti’s fascination with red hair, requires attendees to be natural redheads, and focuses on professional photography?",difficulty-2,The gathering where only 1-2% of the world’s population qualifies to attend,Single Answer
2386,"What memoir by William Allen White reflects early 20th-century American political and social life, particularly the Progressive Era, and is centered in Emporia, Kansas?",difficulty-2,The only book by a small-town Kansas newspaper editor to blend local reporting with national commentary during the Progressive Era,Single Answer
2389,What is the only borough of New York City that was an independent city until 1898?,difficulty-2,The borough that was an independent city until 1898,Single Answer
2392,Who was the military commander of the Kakatiya Dynasty known for his heroic sacrifice at Warangal Fort?,difficulty-2,The trusted general under Ganapati Deva who died defending Warangal against Alauddin Khalji,Single Answer
2395,"Which Portuguese blues band, known for blending traditional blues with contemporary influences from Lisbon’s diverse musical landscape, was formed in the early 2000s and has shared stages with international blues artists?",difficulty-2,Blues Metropolitano,Single Answer
2398,"Who was the President of the Community of Madrid from 2012 to 2015, representing the Partido Popular (PP), who was later sentenced to 3 years and 10 months in prison for his role in the fraudulent purchase of Canal Isabel II?",difficulty-2,The former President of the Community of Madrid sentenced in the 'Lezo case',Single Answer
2401,"What is the 1937 American pre-Code comedy film produced during the transition period when Hollywood was adjusting to the stricter enforcement of the Hays Code, which regulated film content?",difficulty-2,Lady Behave!,Single Answer
2404,What is the significance of the date when the Great Comet of 1866 was discovered?,difficulty-2,The Great Comet of 1866 (C/1866 R1) was discovered on this date by Jean-Louis Pons and Wilhelm Tempel,Single Answer
2407,"Which Cape Verdean jazz innovator, born in Lisbon, Portugal (1981), blends traditional morna and coladeira with modern jazz and sings in Cape Verdean Creole (Kriolu) and Portuguese?",difficulty-2,Carmen Souza,Single Answer
2410,"Who is the daughter of legendary soul singer Marvin Gaye, known for her roles in 'The Matrix Reloaded' and 'The Matrix Revolutions', and for performing a duet with her late father at the 1997 Grammy Awards?",difficulty-2,Nona Gaye,Single Answer
2413,"What is the only Western film set in 1848 shortly after the Treaty of Guadalupe Hidalgo, featuring a trial involving a Mexican man accused of killing an American?",difficulty-2,The Young Land,Single Answer
2416,What term blends romantic themes with typographical experimentation in mid-20th century poetry?,difficulty-2,Concrete Romance,Single Answer
2419,"What is the name of the prominent African American gospel group formed in the mid-20th century, known for their tight harmonies and energetic performances?",difficulty-2,The group that originated in the Southern United States and contributed to quartet-style gospel music,Single Answer
2422,What is the debut single by the Japanese singer who wrote and performed 'The only 1998 R&B debut single that peaked at No. 19 on the Oricon Singles Chart'?,difficulty-2,Escape (Misia song),Single Answer
2425,"Which Maryland legislator, originally from Paisley, Scotland, championed the 'Jew Bill' of 1826?",difficulty-2,The advocate for religious equality in Maryland who immigrated from Scotland,Single Answer
2428,"What is the educational institution established in 1961 under the Ministry of Defence, with the first campus in Satara, Maharashtra, aimed at preparing students for the National Defence Academy?",difficulty-2,"The institution established in 1961 under the Ministry of Defence, with the first campus in Satara, Maharashtra, aimed at preparing students for the National Defence Academy",Single Answer
2431,"Who was the youngest daughter of William Morris, the renowned British textile designer, poet, and socialist who co-founded the Arts and Crafts Movement, known for spending much of her life at Kelmscott Manor in Oxfordshire, England, and contributing as a caretaker and archivist of her family's legacy?",difficulty-2,Jane Alice Morris,Single Answer
2434,"What is the title of the 2017 album by the American post-metal band Sannhet that blends atmospheric, instrumental heaviness with intricate, cinematic soundscapes?",difficulty-2,The 2017 album by Sannhet,Single Answer
2437,"What is the 2014 American crime thriller film set in the Deep South, reflecting the region’s notorious history of outlaw culture, methamphetamine production, and underground crime rings?",difficulty-2,Wicked Blood,Single Answer
2440,"What is the geopolitical concept tied to the Cold War-era theory that if one country fell to communism, neighboring states would follow like a line of dominoes?",difficulty-2,The Domino Theory,Single Answer
2443,"What term originates from the name of Italian explorer Amerigo Vespucci, whose maps (circa 1507) first identified the New World as distinct from Asia, leading to the continents being labeled in his honor?",difficulty-2,The term derived from Amerigo Vespucci,Single Answer
2446,What is the title of the 1927 silent film directed by Maurice Elvey that explores themes of unexpected victory?,difficulty-2,The Triumph of the Underdog,Single Answer
2449,"In the year known for the first solo nonstop transatlantic flight, what significant natural disaster occurred in the U.S. and which groundbreaking film was released?",difficulty-2,The Great Mississippi Flood of 1927 and *The Jazz Singer*,Single Answer
2452,Who is the German sport climber from Stuttgart known for a 5th-place finish in the 2019 IFSC Climbing World Cup in Chamonix?,difficulty-2,The athlete from Stuttgart with a 2019 IFSC World Cup podium in Lead climbing,Single Answer
2455,"What is the name of the traditional Somali fishing boats historically used by coastal communities for sustenance and trade, primarily linked to Somalia’s long coastline along the Indian Ocean?",difficulty-2,Oonjaal,Single Answer
2458,"What is the 2003 Australian black comedy film directed by Tony Martin, blending crime and satire with a distinctly Aussie sense of humor?",difficulty-2,Bad Eggs,Single Answer
2461,"What is the name of the 1914 silent film produced by the Lubin Manufacturing Company, starring Pauline Bush, and released during the pivotal year when World War I began?",difficulty-2,The Spitfire,Single Answer
2464,"Which high school, located in Lewis Center, Ohio, is the oldest in its district and was established in 1953?",difficulty-2,Olentangy High School,Single Answer
2467,Who is the actress known for her breakthrough role in 'Lizzie McGuire' and later became a pop star with the album 'Metamorphosis'?,difficulty-2,The star of Disney Channel's 'Lizzie McGuire' who released the No. 1 album 'Metamorphosis',Single Answer
2470,What term originates from the name of an Italian explorer and refers to people or things from the United States?,difficulty-2,The term derived from Amerigo Vespucci,Single Answer
2473,What is the earliest known crime film predating *The Great Train Robbery* (1903)?,difficulty-2,The pioneering silent film directed by William Kennedy-Laurie Dickson,Single Answer
2476,"What is the name of the 1935 French drama film directed by Jacques Feyder, set in a boarding house in the French Riviera, and starring Françoise Rosay in a role exemplifying poetic realism?",difficulty-2,Pension Mimosas,Single Answer
2479,"What is the literary work that features a key episode set in the fictional Rongguo Mansion in Nanjing, reflecting the decline of aristocratic families during the Qing Dynasty?",difficulty-2,Dream of the Red Chamber (Hongloumeng),Single Answer
2482,"Which 1971 Malayalam film, directed by P. Bhaskaran, critiques religious hypocrisy and feudal oppression in Kerala, stars Prem Nazir and Sheela, and features music by G. Devarajan?",difficulty-2,The film with the tagline 'God in the Dark Prison',Single Answer
2485,"What is the name of the historic steamboat that operated on the Mississippi River during the late 19th and early 20th centuries, known for its dual-purpose design in cargo and luxury passenger transport?",difficulty-2,The vessel referred to as 'The only steamboat with ornate interiors serving both cotton shipments and travelers',Single Answer
2488,"Which political figure from Perm Krai, Russia, has been involved in regional politics and governance, serving as a deputy in the local legislative assembly, with a background in engineering and economic management, and is affiliated with United Russia?",difficulty-2,The industrial and energy sectors leader from Perm Krai,Single Answer
2491,What is the only U.S. city to have served as the first capital under the Constitution and hosted George Washington’s inauguration at Federal Hall on Wall Street?,difficulty-2,New York,Single Answer
2494,What region was historically known for its lawless frontier and notorious outlaws like Jesse James and Billy the Kid?,difficulty-2,Land of the Outlaws,Single Answer
2497,"What is the name of the public high school in Chicago, Illinois, that was founded in 1909 as Richard T. Crane Technical High School, is located in the Back of the Yards neighborhood, and specializes in career pathways like manufacturing, construction, and health sciences?",difficulty-2,Richards Career Academy,Single Answer
2500,What was the name of the mid-20th century country music radio show that aired from Los Angeles and featured artists like Tex Ritter and Merle Travis?,difficulty-2,Western Jamboree,Single Answer
2503,What is the historical context of the album recorded live in Paris during Duke Ellington’s 1963 European tour?,difficulty-2,"The album was recorded live in Paris during Duke Ellington’s 1963 European tour, showcasing his orchestra’s enduring influence on jazz during a period of global cultural exchange in the Cold War era",Single Answer
2506,"Which 1967 satirical comedy film, set in Malibu and starring Tony Curtis and Sharon Tate, captures the 1960s counterculture with surreal humor and social commentary?",difficulty-2,Don't Make Waves,Single Answer
2509,"Who was the wife of John Alden, a prominent Mayflower passenger and cooper, linked to Duxbury, Massachusetts in the 17th century?",difficulty-2,The spouse of the Plymouth Colony's barrel-maker and governance figure,Single Answer
2512,"What is the unique attribute of the film set against the backdrop of post-apartheid South Africa, exploring themes of racial tension, reconciliation, and personal transformation?",difficulty-2,The only South African film directed by Maynard Kraak to explore post-apartheid urban contrasts in Johannesburg,Single Answer
2515,What significant event occurred on the day when the first standalone Winter Games were announced?,difficulty-2,12 January 1924,Single Answer
2518,"Which pioneering East German illustrator, known for her work in the GDR, collaborated with Benno Pludra on *Lütt Matten und die weiße Muschel* (1963) and shaped socialist children's literature with her expressive style?",difficulty-2,Ingeborg Meyer-Rey,Single Answer
2521,Which city was the first capital of the United States under the Constitution and hosted George Washington's inauguration at Federal Hall on Wall Street?,difficulty-2,The city that never sleeps,Single Answer
2524,What is the only Indian city that serves as both the financial capital and the heart of Bollywood?,difficulty-2,Mumbai,Single Answer
2527,"What significant events occurred on the date when the U.S. launched Operation Barrel Roll, Mariner 4 was midway to Mars, and 'Rudolph the Red-Nosed Reindeer' became a holiday staple?",difficulty-2,24 December 1964,Single Answer
2530,Who is the legendary Chenchu warrior associated with the Nallamala Forest region who resisted British colonial rule in the early 19th century?,difficulty-2,The heroic tribal resistance figure linked to Srisailam,Single Answer
2533,"Which educational institution in Livingston County, New York, is known for its strong music and arts programs, as well as competitive athletics in soccer and track & field?",difficulty-2,The school with a renovated historical building near SUNY Geneseo,Single Answer
2536,"What is the title of the 1934 film starring Katharine Hepburn that was a commercial failure, set in the rural swamplands of the American South, and directed by John Cromwell?",difficulty-2,The film where Hepburn plays a backwoods healer in the Ozarks,Single Answer
2539,"Who was the Munster ruler who consolidated power in the 11th century, patronized Cormac’s Chapel, and expanded Dál gCais influence through Thomond?",difficulty-2,The Gaelic king who rivaled the Uí Néill and allied with Armagh,Single Answer
2542,"Which Indian city is home to Fort St. George, the first British fortress in India built in 1644?",difficulty-2,The Detroit of India,Single Answer
2545,Who is the former mayor of Teresina who was a public prosecutor before entering politics?,difficulty-2,The former mayor of Teresina who was a public prosecutor before entering politics is the Brazilian politician and lawyer who served from 2013 to 2016,Single Answer
2548,"What is the title of the 2016 short documentary that explores the revival of the UK's late 1950s subculture, set in Brighton and directed by Mathieu Tonetti?",difficulty-2,Mod,Single Answer
2551,What is the title of the philosophical and theological work that critiques Enlightenment-era rationalism and was written by Julian N. Hartt under a pseudonym?,difficulty-2,The Reasons of the Heart,Single Answer
2554,What is the oldest European-founded city in the Americas after Santo Domingo?,difficulty-2,The city with the iconic Castillo San Felipe del Morro,Single Answer
2557,"What is the only country in the Americas where Portuguese is the official language, a legacy of its colonization by Portugal in 1500, unlike its Spanish-speaking neighbors?",difficulty-2,The land of samba and carnival,Single Answer
2560,What is the historical novel by Kuvempu set in the Vijayanagara Empire that explores themes of rebellion and social justice?,difficulty-2,"The work blending myth, folklore, and historical events while advocating rationalism and humanism",Single Answer
2563,"Who is the individual associated with mid-20th century Texas, possible WWII service, and railroad employment?",difficulty-2,Frederick Olen Mercer,Single Answer
2566,"What is the name of the German Christian children's charity founded in 1995 by Pastor Bernd Siggelkow in Berlin, known for providing meals, educational support, and emotional care to underprivileged children?",difficulty-2,The organization that combats child poverty with after-school programs and mentorship in Germany,Single Answer
2569,Who is the Ukrainian cybersecurity expert arrested in the Czech Republic in 2022 at Russia's request?,difficulty-2,Dmytro Parfenov,Single Answer
2572,"Who is the daughter of Gopinath Munde, a veteran BJP leader and former Union Minister, known for her political work in Maharashtra's Marathwada region and as the Minister for Rural Development, Women & Child Welfare (2014–2019)?",difficulty-2,The daughter of Gopinath Munde,Single Answer
2575,What are three unique attributes of the nation with the oldest continuous hereditary monarchy in the world?,difficulty-2,"Historical Monarchy, Geographical Diversity, Industrial Revolution Legacy",Single Answer
2578,What is the term for a traditional South Indian house design characterized by unique features like thinnai and courtyard-centric layouts?,difficulty-2,Veedu Theda,Single Answer
2581,"Which 2012 film, set in the Pacific Northwest and inspired by a real 1997 classified ad about time travel, blends indie comedy-drama with sci-fi elements?",difficulty-2,The film featuring a classified ad seeking a time-travel companion,Single Answer
2584,Which historic naval hub was home to the Royal Dockyard established in 1512 and played a key role in British shipbuilding?,difficulty-2,The maritime stronghold where Henry VIII's *Henry Grace à Dieu* was built,Single Answer
2587,"Which country is home to one of the world’s oldest civilizations—the Indus Valley Civilization (c. 3300–1300 BCE), known for its advanced urban planning, trade networks, and script that remains undeciphered?",difficulty-2,The land of the Indus Valley Civilization,Single Answer
2590,What is the historical significance of the Manchester-based company that pioneered collectable soap wrappers and held a Royal Warrant from Queen Victoria?,difficulty-2,Alexander Stockton Cussons,Single Answer
2593,"Which Canadian province is known for having the only desert in Canada, the Okanagan Desert, and is bordered by the Pacific Ocean and the Rocky Mountains?",difficulty-2,British Columbia,Single Answer
2596,"What is the jazz standard composed by Cole Porter in 1941, originally written for the musical *You'll Never Get Rich* (later retitled *Let's Face It!*)?",difficulty-2,The composition with sophisticated lyricism and harmonic richness from the height of Porter's Broadway career,Single Answer
2599,"What is the landmark 1964 film directed by Satyajit Ray, based on Rabindranath Tagore's novella *Nastanirh*, and starring Madhabi Mukherjee?",difficulty-2,The only Satyajit Ray film to win the Golden Bear at Berlin for its lyrical portrayal of a confined woman's awakening,Single Answer
2602,What is the name of the town in Syria known for its tragic 2012 massacre and located 25 kilometers north of Homs?,difficulty-2,Taldou,Single Answer
2605,"What is the title of the 1919 silent film directed by Harry L. Franklin and starring Eileen Percy, known for its contribution to the melodramatic and romantic genres during Hollywood's early feature-length era?",difficulty-2,Nocturne of Love,Single Answer
2608,What is the name of the zombie-themed card game created by Jeff Neilson and first published in 2005 by SlugFest Games?,difficulty-2,Brains!,Single Answer
2611,Who was the lead singer of Slash’s Snakepit in the mid-1990s?,difficulty-2,The vocalist who co-wrote songs for Alice Cooper’s 1994 album *The Last Temptation*,Single Answer
2614,"Which notorious wild mustang stallion, known for his distinctive coat and elusive behavior in the American West, roamed the Great Basin Desert of Nevada?",difficulty-2,The Pinto Bandit,Single Answer
2617,"What is the name of the 1958 Bollywood film, produced by Wadia Movietone, that is considered one of the earliest to feature a zombie-like creature and is set in an unnamed African jungle?",difficulty-2,Zimbo,Single Answer
2620,What is the name of the 1966 soul music album by Otis Redding that includes the hit 'Just One More Day' and was recorded at Stax Studios in Memphis?,difficulty-2,The Soul Album,Single Answer
2623,What is the name of the village in Iran's West Azerbaijan Province known for its proximity to the Zarrineh River and Kurdish cultural ties?,difficulty-2,The agricultural hub near Turkey's border,Single Answer
2626,"Who was the prominent French industrialist from the influential Wendel family, known for managing ironworks in Hayange (Moselle) and serving as a deputy in the French National Assembly (1849–1851)?",difficulty-2,Charles de Wendel,Single Answer
2629,"What is the only 1951 film starring Jane Wyman that is a remake of the 1942 French drama *Le Voile Bleu* and reflects post-World War II Hollywood’s interest in sentimental, morally uplifting stories?",difficulty-2,The Blue Veil,Single Answer
2632,"Which 1916 silent comedy film, directed by and starring Charlie Chaplin during his pivotal tenure at the Mutual Film Corporation, was shot in Los Angeles and reflects Hollywood's early rise?",difficulty-2,The Vagabonds,Single Answer
2635,What is the name of the 2000 cult horror film directed by Brian Yuzna that features a subversive adaptation of the classic Faust legend with extreme body horror and eroticism?,difficulty-2,Faust: Love Of The Damned,Single Answer
2638,Who is the Canadian WWII veteran associated with Manitoba and later worked in the insurance industry?,difficulty-2,The insurance executive who served in WWII and had ties to Manitoba,Single Answer
2641,"What was the last imperial dynasty of China, established by the Manchu-led Aisin Gioro clan, which expanded its borders to include Tibet, Xinjiang, Mongolia, and Taiwan under emperors like Kangxi and Qianlong?",difficulty-2,The final dynasty ruled by emperors in China,Single Answer
2644,Who was the U.S. Navy sailor awarded the Medal of Honor for bravery aboard the USS Ticonderoga in 1865?,difficulty-2,The Irish-born Civil War veteran who distinguished himself at the Second Battle of Fort Fisher,Single Answer
2647,"Which pioneering Indian statistician, closely associated with the Indian Statistical Institute (ISI), contributed to advancing large-scale sample survey techniques in mid-20th century India?",difficulty-2,K. S. G. Venkatesh,Single Answer
2650,"Which village in North Macedonia, historically linked to the Ottoman Empire and later part of Yugoslavia, is known for its traditional craftsmanship including handmade textiles and woodworking?",difficulty-2,Gorno Egri,Single Answer
2653,Who was the prominent American portraitist and Impressionist who co-founded the Art Students League of New York and studied under Jean-Léon Gérôme in Paris?,difficulty-2,James Carroll Beckwith,Single Answer
2656,Who was the violinist known for premiering Brahms' Violin Concerto in D major (Op. 77) across Europe and co-founding the Frankfurt Museum Quartet?,difficulty-2,Hugo Heermann,Single Answer
2659,What is the title of the book that details the true story of two lesbian artists who used subversive propaganda to undermine Nazi forces on the Channel Islands during World War II?,difficulty-2,The only book detailing the true story of two lesbian artists who used subversive propaganda to undermine Nazi forces on the Channel Islands during World War II,Single Answer
2662,"What is the traditional dish from the Kumaon region of Uttarakhand, India, known for its rich flavors and use of local ingredients like lentils and spices?",difficulty-2,Bebbuli,Single Answer
2665,"Which city is often called the 'American Riviera' due to its Mediterranean-like climate, Spanish Colonial Revival architecture, and coastal beauty?",difficulty-2,Santa Barbara,Single Answer
2668,"Who is the Turkish film producer and screenwriter known for collaborations with director Nuri Bilge Ceylan, including the Palme d'Or-winning film 'Winter Sleep'?",difficulty-2,The spouse of Nuri Bilge Ceylan,Single Answer
2671,"Which people established the Dutch East India Company (VOC) in 1602, the world’s first multinational corporation and a dominant force in 17th-century global trade, particularly in spices from Asia?",difficulty-2,The pioneers of global trade & exploration,Single Answer
2674,"What is the name of the 2007 Chinese television drama that became a defining youth drama in China, reflecting the aspirations and struggles of post-80s urban youth, particularly in Beijing?",difficulty-2,The only Chinese drama to popularize director Zhao Baogang’s signature style of blending emotional realism with social commentary in 2007,Single Answer
2677,"What is the name of the cocktail that gained popularity during the Prohibition era in the United States, often served in speakeasies as a bold, rebellious drink that defied temperance laws?",difficulty-2,Little Devil May Care,Single Answer
2680,"Who was the pioneering mystery writer known for *The Glass Mask* (1944) and *Skeleton Key* (1943), deeply tied to Northern California and a respected critic for *The San Francisco Chronicle*?",difficulty-2,Lenore Glen Offord,Single Answer
2683,"What is the title of the 2010 survival drama film directed by John Rebel and produced by The Asylum, set in the wilderness of North America?",difficulty-2,The 2010 survival drama film directed by John Rebel and produced by The Asylum is *Bear*,Single Answer
2686,What is the horror film loosely inspired by the real-life horrors of forced labor camps in Texas during the mid-20th century?,difficulty-2,The only horror film blending psychological terror with grindhouse-style brutality set in rural Texas,Single Answer
2689,"What is the title of the one-act farce by W. S. Gilbert that reflects late Victorian social norms and comedic style, set in an English country house, and showcases his versatility beyond the Gilbert and Sullivan operas?",difficulty-2,The only play by W. S. Gilbert featuring a farcical treatment of marital misunderstandings in a Victorian country house setting,Single Answer
2692,"What is the name of the village in Kurdistan Province, Iran, known for its deep ties to Kurdish culture and history, situated in Marivan County near the Iran-Iraq border, and recognized for traditional farming and livestock herding?",difficulty-2,Rashtin,Single Answer
2695,What is the name of the village in Kohgiluyeh and Boyer-Ahmad Province known as 'White Stone' in Persian?,difficulty-2,Sang-E Sefid,Single Answer
2698,"Which British historian, known for specializing in ancient Greece and Rome, served as Regius Professor of Greek at the University of Cambridge (1950–1951) and worked in British military intelligence (MI7) during World War I?",difficulty-2,Frank Adcock,Single Answer
2701,"What is the name of the village in the Koura District of northern Lebanon known for its historical churches and ancient ruins, reflecting a long-standing Christian heritage within the Maronite community?",difficulty-2,The village with centuries-old Maronite churches in Koura,Single Answer
2704,"Who was the son of Henry III, Duke of Brabant, who succeeded his father in 1261 but ruled under a regency due to his young age?",difficulty-2,"Henry IV, Duke of Brabant",Single Answer
2707,"What is the title of the 2003 historical fantasy film directed by Jerzy Hoffman, based on Józef Ignacy Kraszewski's 19th-century novel *Stara baśń*, which is set in pre-Christian Poland and blends historical elements with Slavic mythology?",difficulty-2,An Ancient Tale: When The Sun Was A God,Single Answer
2710,"Who was the prominent 19th-century French publisher who championed naturalist literature and worked with authors like Émile Zola, Gustave Flaubert, and Alphonse Daudet?",difficulty-2,The publisher who hosted influential artistic salons in Paris and was connected to Renoir’s iconic portrait of his family,Single Answer
2713,"Which semi-professional football team, known for being part of the Rocky Mountain Football League (RMFL) in the 1960s and 1970s, was based in Durango, Colorado, and embodied the grassroots spirit of semi-pro football in rural America?",difficulty-2,"The team representing a rugged, blue-collar community in southwestern Colorado with strong ties to outdoor culture and regional pride",Single Answer
2716,What is the historical context of the 1942 film directed by John Huston that was originally intended to depict a plot against Pearl Harbor but was rewritten to focus on a fictional Japanese plan to bomb the Panama Canal?,difficulty-2,The film is *Across The Pacific*,Single Answer
2719,What elite Afghan special operations unit was known for its counterterrorism role in Helmand Province and partnership with U.S. Green Berets?,difficulty-2,The only Afghan battalion mentored by U.S. Army Special Forces for high-risk raids in Helmand,Single Answer
2722,"Which Polish architect and urban planner, known for his contributions to the post-war reconstruction of Warsaw, was a professor at the Warsaw University of Technology and associated with the Modernist movement?",difficulty-2,Stanisław Niwiński,Single Answer
2725,"What is the title of the 1972 blaxploitation film directed by Gordon Parks Jr., featuring a protagonist trying to leave the drug trade and set in Harlem, with a soundtrack by Curtis Mayfield?",difficulty-2,The film with the iconic '70s soundtrack and Harlem setting,Single Answer
2728,"What is the date when the U.S. increased tariffs on $200 billion worth of Chinese goods from 10% to 25%, escalating trade tensions in the ongoing U.S.-China trade war?",difficulty-2,The day the U.S. escalated tariffs in the 2019 trade war,Single Answer
2731,What are three defining attributes of the nation that declared independence in 1776 and spans six time zones?,difficulty-2,"Historical identity, geographical diversity, and professional leadership in innovation",Single Answer
2734,"What is the name of the site in Iran that was a key segment of the ancient Achaemenid Royal Road, contains remnants of a Sassanian-era dam, and underwent rescue excavations due to the Sivand Dam project?",difficulty-2,"The only site in Iran with Achaemenid Royal Road remnants, Sassanian dam ruins, and Sivand Dam rescue archaeology",Single Answer
2737,"What is the name of the natural spring in Fars Province, near Marvdasht, known for its intermittent flow due to subterranean geological shifts?",difficulty-2,Cheshmeh-Ye Sargdar,Single Answer
2740,What is the nickname for Brazil’s ROTA (Rondas Ostensivas Tobias de Aguiar) unit due to their use of a specific firearm?,difficulty-2,Esquadrão 38,Single Answer
2743,What is the only region in Iran that was the birthplace of the Achaemenid Empire and home to Persepolis?,difficulty-2,Fars,Single Answer
2746,"What is the annual law enforcement initiative involving officers from Texas and neighboring Mexican states, traditionally focused on cross-border cooperation and highway safety?",difficulty-2,The initiative that began in the 1990s to improve U.S.-Mexico relations in policing and transportation safety,Single Answer
2749,"What is the only year in the 21st century where two films grossed over $1 billion worldwide, one being a groundbreaking animated sequel and the other a sci-fi thriller with a complex narrative structure?",difficulty-2,2010,Single Answer
2752,What is the name of the wager made by the wife of John D. Rockefeller Jr. regarding the success of a major real estate project during the Great Depression?,difficulty-2,The only bet tied to the skepticism about Rockefeller Center's success during the 1930s economic turmoil,Single Answer
2755,"What is the only Warner Bros. 'B' movie from 1936 that features Ross Alexander and Anita Louise, and reflects pre-Code humor despite post-Code release?",difficulty-2,Brides Are Like That,Single Answer
2758,"What is the date when Mustafa Kemal Atatürk's forces achieved a decisive victory in the Battle of Dumlupınar, leading to the liberation of İzmir and the collapse of Greek occupation in Anatolia?",difficulty-2,The day the Turkish War of Independence reached its turning point,Single Answer
2761,What is the name of the character from a 19th-century poem by James Whitcomb Riley that embodies rustic charm and childhood nostalgia?,difficulty-2,The Hoosier Poet's Wandering Figure,Single Answer
2764,Who was the Swedish politician known for serving as Minister for Migration and Asylum Policy (2002–2006) and later as County Governor of Gävleborg County (2012–2017)?,difficulty-2,Barbro Holmberg,Single Answer
2767,"Which Ghanaian footballer, nicknamed for popularizing the Azonto dance in football celebrations, won the 2010 FIFA U-20 World Cup and had a decade-long career in Serie A?",difficulty-2,Emmanuel Agyemang-Badu,Single Answer
2770,What is the sequel to the 2014 film about Louis Zamperini that focuses on his post-war struggles and religious redemption?,difficulty-2,Unbroken: Path to Redemption,Single Answer
2773,"What is the name of the private estate in Memphis, Tennessee, that was owned by Elvis Presley from 1957 until his death in 1977, now a museum and National Historic Landmark attracting over half a million visitors annually?",difficulty-2,Graceland,Single Answer
2776,Who was the Belgian politician and economist who served as President of the Chamber of Representatives from 1848 to 1852 and advocated for free trade?,difficulty-2,The President of the Belgian Chamber of Representatives during the mid-19th century tariff reforms,Single Answer
2779,"Which high school in La Grange, Illinois, uniquely operates across two campuses—the North Campus for freshmen/sophomores and the South Campus for juniors/seniors?",difficulty-2,The dual-campus high school in La Grange,Single Answer
2782,What is the unique attribute of the film that solidified Stephen Chow's signature comedy style during Hong Kong's transitional era?,difficulty-2,The film that blended absurdity with social commentary during Hong Kong's 1997 handover anxiety,Single Answer
2785,"What is the term in Tamil that means 'the glance of the guru,' symbolizing divine wisdom and enlightenment in Saiva Siddhanta?",difficulty-2,Guru Paarvai,Single Answer
2788,What is the historical significance of 'The land of the midnight sun' in the context of European transitions?,difficulty-2,The land of the midnight sun refers to Spain's transition to democracy post-1975,Single Answer
2791,What is the only film nominated for an Academy Award for Best Original Story in 1947 that features a homeless man occupying a millionaire’s mansion on Manhattan’s 5th Avenue?,difficulty-2,It Happened on 5th Avenue,Single Answer
2794,"Which Brazilian politician affiliated with the Liberal Party (PL), known for a conservative stance and advocacy for free-market policies, served as a federal deputy representing São Paulo and had a background in business and finance?",difficulty-2,Percy Sayegh,Single Answer
2797,What is the historical identity of the only xianxia drama adapted from Mo Dao Zu Shi?,difficulty-2,"The Untamed blends historical-inspired aesthetics with supernatural elements, drawing loosely from ancient Chinese dynasties like the Wei-Jin period",Single Answer
2800,"What is the nickname for the plant native to the Yucatán Peninsula that was a major global export for Mexico in the late 19th and early 20th centuries, used to produce durable rope and twine?",difficulty-2,Green gold,Single Answer
2803,"Which Transylvanian town is home to one of the oldest and best-preserved medieval fortified churches in the region, dating back to the 13th century?",difficulty-2,Sebeș (Cibin),Single Answer
2806,"What is the name of the scenic waterfall located near Pathanamthitta in Kerala, India, known for its natural beauty and lush surroundings?",difficulty-2,The cascading wonder near Pathanamthitta,Single Answer
2809,"What is the name of the mountain in Wayne County, Missouri, known for being part of the St. Francois Mountains, a Precambrian igneous range in the Ozarks?",difficulty-2,The ancient peak,Single Answer
2812,What is the sequel to the 1985 film where elderly retirees are rejuvenated by alien technology?,difficulty-2,Cocoon: The Return,Single Answer
2815,"Which individual, known for being a professional wrestler, actor, and opera singer, was born in Hilversum, Netherlands, and held a degree in chemical engineering from MIT?",difficulty-2,"The rare combination of professional wrestler, actor, and opera singer",Single Answer
2818,"What is the title of the 1983 Tamil-language historical drama directed by K. Balachander, set against the backdrop of the Indian independence movement, highlighting the sacrifices of freedom fighters?",difficulty-2,The film where Kamal Haasan plays dual roles in a story about Tamil Nadu's anti-colonial struggle,Single Answer
2821,"On the date when the first officially recognized international football match was played in Glasgow, Scotland, between Scotland and England, ending in a 0–0 draw, what other two significant events occurred?",difficulty-2,1. Birth of David Unaipon. 2. Completion of the Mount Cenis Tunnel,Single Answer
2824,"Which country is home to one of the world’s oldest civilizations—the Indus Valley Civilization (c. 3300–1300 BCE), known for its advanced urban planning, drainage systems, and trade networks?",difficulty-2,The land of the Himalayas,Single Answer
2827,"Which 2010 Bollywood film is a satirical comedy-drama critiquing corruption in India's public works sector, featuring Akshay Kumar in a departure from his usual action-hero roles?",difficulty-2,Khatta Meetha,Single Answer
2830,"What is the unique identity of the nation that spans six time zones and features diverse landscapes including the Great Plains, Rocky Mountains, Mississippi River Basin, and vast coastlines along the Atlantic and Pacific Oceans?",difficulty-2,The United States,Single Answer
2833,"Which 2009 crime thriller, set in Philadelphia and featuring Eastern State Penitentiary, revolves around a former CIA operative seeking revenge due to flaws in the U.S. justice system?",difficulty-2,Law Abiding Citizen,Single Answer
2836,Which Ottoman sultan presided over the Tulip Era and was influenced by his Grand Vizier Nevşehirli Damat Ibrahim Pasha?,difficulty-2,The patron of the Tulip Era,Single Answer
2839,"What is the title of the artwork that explores themes of darkness and temptation, strongly tied to Venetian folklore and waterways?",difficulty-2,The artwork is known for its Venetian gondola motif and gothic aesthetic,Single Answer
2842,"What is the title of the novel by Gina Sorell that explores themes of female friendship, resilience, and self-discovery in a high-pressure corporate environment?",difficulty-2,The novel set in New York City about a woman navigating the advertising industry,Single Answer
2845,"Which town is home to Shepherd Neame, the oldest operating brewery in the UK?",difficulty-2,The town with the oldest operating brewery in the UK,Single Answer
2848,"Which British indie folk band, formed in 2006 in London and known for their album 'The First Days of Spring', had a member who was briefly part of Laura Marling's circle?",difficulty-2,The band that released 'L.I.F.E.G.O.E.S.O.N.' in 2011,Single Answer
2851,"Which 2004 Tamil action-drama film, directed by M. Raja and starring Jayam Ravi, revitalized the rural-action genre in Tamil cinema?",difficulty-2,The film where the protagonist embodies the archetype of a rural Tamil action hero standing against injustice,Single Answer
2854,What is the Hong Kong drama film directed by Ann Hui that subtly reflects the social and economic anxieties of ordinary citizens during the transitional period of Hong Kong's handover from British to Chinese rule in 1997?,difficulty-2,The Way We Are (2008),Single Answer
2857,Which painting by Caspar David Friedrich features a contemplative figure in a forest setting and exemplifies the Romantic era's focus on nature and solitude?,difficulty-2,Seclusion Near A Forest,Single Answer
2860,"What is the Filipino phrase that translates to 'We are the same' in English, reflecting the cultural value of kapwa (shared identity) in Philippine society?",difficulty-2,The phrase meaning 'We are the same' in Filipino,Single Answer
2863,Who was the Texas Literary Icon known for works like *Strange Peaches* and contributions to *Sports Illustrated*?,difficulty-2,Bud Shrake,Single Answer
2866,"What is the name of the memorial park founded in 1906 in Glendale, California, known for its landscaped, park-like settings and housing replicas like da Vinci’s *The Last Supper* and Michelangelo’s *David*?",difficulty-2,The resting place of Walt Disney and Michael Jackson,Single Answer
2869,What is the unit of measurement for gold purity that traces its roots to ancient carob seeds?,difficulty-2,Karat,Single Answer
2872,"What is the significance of the freshwater spring located in the Kuh Hoseynabad region of Iran, known for its scenic surroundings and historical context?",difficulty-2,"The freshwater spring in Kuh Hoseynabad is notable for its natural beauty, historical importance, and cultural connections",Single Answer
2875,"What is the title of the 2011 American dark comedy anthology film directed by Christopher Landon, known for its interconnected stories set in Los Angeles and controversial themes?",difficulty-2,The film where a woman has an extreme fetish for amputees,Single Answer
2878,"Who was the female convict transported from England to Van Diemen’s Land in the early 1800s, later becoming an entrepreneur in Hobart, Tasmania?",difficulty-2,The resilient entrepreneur of Hobart,Single Answer
2881,"Which 2011 Tamil film is set in a town known for its railway junction in Andhra Pradesh, features a protagonist who is a railway porter, and explores themes of crime and survival in South Indian railway towns?",difficulty-2,The film where the protagonist is a railway porter entangled in the criminal underworld of a transit hub,Single Answer
2884,"What is the documentary that examines political and social upheavals in Latin America during the Cold War, particularly focusing on U.S. interventionism and revolutionary movements in countries like Nicaragua and El Salvador?",difficulty-2,The 1982 film directed by Obie Benz,Single Answer
2887,"Who was the Archduchess Consort of Austria who married Ferdinand Charles of Austria-Tyrol in 1646, was a Medici heiress, and a patron of the arts?",difficulty-2,Anna de' Medici,Single Answer
2890,What is the title of Owen Wister's 1914 novel that vividly depicts the American West and is set in Southern California's San Fernando Valley?,difficulty-2,The novel where a cowboy protagonist navigates the transition from wilderness to settled communities in early 20th-century California,Single Answer
2893,"What is the title of the 1953 Indian Hindi-language comedy film directed by S. Khalil, featuring Mehmood Ali in one of his earliest roles?",difficulty-2,The 1953 comedy marking Mehmood Ali's rise as a comedy icon,Single Answer
2896,"What is the birthplace of the American film industry, home to the Walk of Fame, and anchored by landmarks like the Hollywood Sign and TCL Chinese Theatre?",difficulty-2,Hollywood,Single Answer
2899,"Which Canadian horror film, directed by Seth A. Smith, is known for its eerie coastal landscapes in Nova Scotia, avant-garde visuals, and thematic focus on grief and motherhood through surreal horror?",difficulty-2,The Crescent,Single Answer
2902,Who was the Franco-Dutch painter from the Van Loo dynasty who served as a court painter under King Ferdinand VI in Spain?,difficulty-2,Louis-Abraham Van Loo,Single Answer
2905,"What is the name of the song composed by George Gershwin, with lyrics by Ira Gershwin, for the 1937 musical *A Damsel in Distress*, which describes a foggy day in London and became a jazz standard?",difficulty-2,The melancholic melody that immortalized London's fog,Single Answer
2908,What is the only film directed by Dan Fogelman that features interconnected stories set in New York City and Andalusia?,difficulty-2,Life Itself (2018),Single Answer
2911,"What is the title of the song associated with the 1987 album *Among the Living* by Anthrax, recorded at Criteria Studios in Miami, Florida, and co-written by Scott Ian and Charlie Benante?",difficulty-2,The thrash metal anthem from *Among the Living* featuring horror themes and Miami-recorded aggression,Single Answer
2914,"What significant event occurred on the day when the Yugoslav Air Force conducted a bombing raid on Croatia’s capital, Zagreb?",difficulty-2,The European Community (EC) formally recognized Croatia and Slovenia as independent nations,Single Answer
2917,"Who was the Slovak partisan and resistance fighter during World War II who operated primarily in the mountainous regions of central Slovakia, particularly around the Low Tatras?",difficulty-2,"The Slovak partisan and resistance fighter during World War II who operated primarily in the mountainous regions of central Slovakia, particularly around the Low Tatras",Single Answer
2920,What is the title of Jan Neruda's 1878 collection of lyrical prose and poetry that nostalgically captures the atmosphere of Prague’s Malá Strana district?,difficulty-2,The work known for blending realism with poetic sentimentality in Czech urban prose,Single Answer
2923,"Which city was the first capital of the United States under the Constitution, hosting President George Washington's inauguration at Federal Hall in 1789?",difficulty-2,New York,Single Answer
2926,"What is the historical significance of the wife of Philippe, Count of Paris?",difficulty-2,"The wife of Philippe, Count of Paris, was Isabelle of Orléans (1848–1919), who held the title and played a ceremonial role in supporting the Orléanist claim to the French throne",Single Answer
2929,"What biographical drama, directed by Stephen Frears, exposes a systematic doping scandal in professional cycling through the story of a disgraced athlete?",difficulty-2,The Program (2015 film),Single Answer
2932,"What is the title of the first British sound film with an all-Black cast, set partially in West Africa and World War I, which faced censorship and was later rediscovered in the 1990s?",difficulty-2,Jericho (1937 film),Single Answer
2935,What term originates from Christopher Columbus's mistaken belief (1492) that he had reached the Indies (Asia) when he arrived in the Americas?,difficulty-2,Indian,Single Answer
2938,"What is the name of the post-punk/indie rock band formed in 2014 in Brooklyn, New York, known for their atmospheric and melancholic sound, drawing influences from 1980s post-punk and shoegaze?",difficulty-2,The melancholic Brooklyn post-punk ensemble,Single Answer
2941,Which Pakistani city is globally renowned for producing over 70% of the world’s hand-stitched footballs?,difficulty-2,The city known for its handcrafted sports goods,Single Answer
2944,What are three key attributes of the feminist organization known for its digital storytelling and legal activism in Scandinavia?,difficulty-2,"1. Founded in the early 21st century during a women's rights resurgence. 2. Focuses on Scandinavia, especially Sweden and Norway. 3. Combines legal activism with digital storytelling",Single Answer
2947,"What is the name of the social group historically linked to specialized crafts in Northern Spain/Southern France, possibly with Romani origins?",difficulty-2,The artisan collective with ties to Iberian metalworking traditions,Single Answer
2950,What is the final installment of the Porky's trilogy that was directed by James Komack and set in 1950s Florida?,difficulty-2,Porky's Revenge!,Single Answer
2953,What significant event related to the release of a groundbreaking microcomputer occurred on the day known for the first flight of the Lockheed L-1011 TriStar (L-1011-500 variant)?,difficulty-2,Apple Inc. released the Apple II,Single Answer
2956,What is the title of the 1947 Western film starring Gene Autry that features a storyline set along the natural border between Texas and Mexico?,difficulty-2,Twilight On The Rio Grande,Single Answer
2959,"Which landlocked country in Central Europe, known for its precision engineering and Bohemian glass, has the largest ancient castle complex in the world?",difficulty-2,Czechia (the Czech Republic),Single Answer
2962,"What is the variant or misspelling of the renowned resort city on the southern tip of Egypt's Sinai Peninsula, known for its pristine beaches and coral reefs?",difficulty-2,Sharm Scheuerman,Single Answer
2965,"What is the film that addresses contemporary racial tensions in America, particularly interracial family dynamics and custody battles, reflecting ongoing societal debates about race and privilege in the post-Obama era?",difficulty-2,The 2014 drama starring Kevin Costner and Octavia Spencer,Single Answer
2968,"What was the notorious floating detention site used by the British to hold American captives during the Revolutionary War, infamous for its deadly conditions?",difficulty-2,Prison Ship,Single Answer
2971,"What is the nickname of the dramatic limestone cliff located in the Dolomites of northern Italy, known for its striking red hue at sunset?",difficulty-2,The Devil's Wall,Single Answer
2974,What is the name of the Western-themed pinball machine produced by Gottlieb in 1964 that features a rotating target and cowboy-themed backglass?,difficulty-2,Six-Gun Gold,Single Answer
2977,What is the only film directed by Ettore Scola that blends fact and fiction around the Flight to Varennes?,difficulty-2,That Night in Varennes,Single Answer
2980,"Who was the Texas governor known for implementing the 'No Pass, No Play' policy in 1984?",difficulty-2,The education reform advocate who served as Texas' 43rd governor,Single Answer
2983,"What is the historic neighborhood in Isfahan, Iran, known for its association with the Safavid era and home to the famous Dolatabad Garden with one of the tallest windcatchers in Iran?",difficulty-2,Dowlatabad-E Qeysariyeh,Single Answer
2986,Who was the film editor known for winning an Academy Award for Best Film Editing for *Cabaret* (1972) and was the offspring of a renowned Hollywood director?,difficulty-2,The offspring of a renowned Hollywood director,Single Answer
2989,"Which music producer co-wrote and produced the iconic song for the 1984 Los Angeles Olympics, performed by Queen’s Freddie Mercury and Montserrat Caballé?",difficulty-2,The co-writer of 'It’s a Hard Life' for the 1984 Olympics,Single Answer
2992,What are three specific factual attributes related to the film known for depicting the economic and social impacts of gold fever?,difficulty-2,"1. Historical Context – Tied to a specific gold rush era (e.g., the California Gold Rush of 1849 or the Klondike Gold Rush of the 1890s). 2. Geographical Setting – Takes place in a gold-rich region like the American West, Alaska, Australia, or South Africa. 3. Professional/Cinematic Identity – Likely produced by a niche studio or filmed on location for authenticity",Single Answer
2995,"Which city, named after a Mughal emperor's son, is known as the 'Gateway of Uttar Pradesh' and lies along the Hindon River?",difficulty-2,The city founded by Ghazi-ud-din in 1740,Single Answer
2998,"On the day when Richard Kuhn was awarded the Nobel Prize in Chemistry but forced to decline it due to Nazi Germany's policies, what significant event occurred in Lithuania and what aviation milestone took place?",difficulty-2,"In Lithuania, Jews were ordered to leave the border region with Poland by this date, and the Lockheed P-38 Lightning made its first flight",Single Answer
3001,"What is the name of the U.S.-based weekly magazine primarily targeting female audiences, offering content on health, beauty, relationships, and lifestyle tips, owned by Bauer Media Group and launched in 1989?",difficulty-2,First for Women,Single Answer
3004,"What is the name of the luxury hospitality brand founded in 1934 by Rai Bahadur Mohan Singh Oberoi, known for its Mughal-inspired architecture and global presence?",difficulty-2,The hospitality brand with Mughal-inspired architecture,Single Answer
3007,"What is the longest-running animated series in U.S. history that premiered on December 17, 1989, and is set in a deliberately ambiguous fictional town?",difficulty-2,The Simpsons,Single Answer
3010,"Which influential American writer, known for challenging censorship with works like *Tropic of Cancer*, spent much of his creative life in Paris and was born in Yorkville, Manhattan?",difficulty-2,The author of *Black Spring* (1936),Single Answer
3013,"What is the oldest intentionally produced beverage, with evidence of fermented drinks dating back to 7000–6600 BCE in Jiahu, China, where early Neolithic people made a mixed beer-like drink from rice, honey, and fruit?",difficulty-2,alcohol,Single Answer
3016,What is the term that originated in bridge in the 19th century before being adopted in tennis in 1933 when Australian player Jack Crawford first pursued winning all four major tournaments in a single year?,difficulty-2,Grand Slam,Single Answer
3019,"What is the family of moths that includes over 11,000 species worldwide and was historically classified under Pyralidae?",difficulty-2,Crambidae,Single Answer
3022,"Which Moroccan-Dutch heavyweight kickboxer, known as 'The Golden Boy', has held multiple world titles including the K-1 World Grand Prix and It's Showtime Heavyweight Championship?",difficulty-2,Badr Hari,Single Answer
3025,"What is the year when Pluto was reclassified as a dwarf planet, a major earthquake struck Java, and Twitter was launched?",difficulty-2,2006,Single Answer
3028,"Which motorsport event in 2013 was the first to officially adopt FIA GT3 regulations at Mount Panorama Circuit, won by Phoenix Racing's Audi R8 LMS Ultra?",difficulty-2,2013 Liqui Moly Bathurst 12 Hour,Single Answer
3031,Who is the co-founder of Definitive Jux and one-half of Run the Jewels?,difficulty-2,Jaime Meline,Single Answer
3034,"What term refers to individuals who became infamous in the late 19th century American history as outlaws during the Wild West era, engaging in bank and train robberies?",difficulty-2,Gunmen,Single Answer
3037,What is the traditional smoked sausage from the Rhön region of Germany that is known for its horseshoe-like shape?,difficulty-2,Die Rhöner Säuwäntzt,Single Answer
3040,"Who is the former American football player, best known as a quarterback who played in the NFL for teams like the Seattle Seahawks and Oakland Raiders, and was named Super Bowl XLVIII MVP in 2014?",difficulty-2,The Super Bowl XLVIII MVP quarterback who played for the Seattle Seahawks and Oakland Raiders,Single Answer
3043,"What is the name of the scenic byway located within the Zilpo Recreation Area in Daniel Boone National Forest, Kentucky, that winds through dense forests and alongside Cave Run Lake?",difficulty-2,The winding path of therapeutic springs heritage,Single Answer
3046,"What year saw Pluto's reclassification as a dwarf planet, a devastating earthquake in Yogyakarta, and the launch of Twitter?",difficulty-2,2006,Single Answer
3049,"Which medieval bishop, canonized as the first saint by the Catholic Church, defended Augsburg against Magyar invasions?",difficulty-2,Saint Ulrich of Augsburg,Single Answer
3052,"What is the only major American media conglomerate founded in 1985 by Rupert Murdoch, originally as 20th Century Fox Film Corporation?",difficulty-2,Fox,Single Answer
3055,"Which NORP group is descended from the Anglo-Saxons, a Germanic tribal group that settled in Britain after the fall of Roman rule (5th–6th centuries AD), forming the basis of early culture and language?",difficulty-2,English,Single Answer
3058,Who was the legal figure who served twice as the top U.S. law enforcement official under Presidents George H.W. Bush and Donald Trump?,difficulty-2,William P. Barr,Single Answer
3061,"What is the only U.S. state with a royal history, located about 2,400 miles from the nearest continent, and home to Mauna Kea's advanced telescopes?",difficulty-2,The Aloha State,Single Answer
3064,"What are three specific factual attributes that define the identity of 'The Land of the Free', focusing on its unique historical, geographical, and professional dimensions?",difficulty-2,"1. Historical Identity – Founded in 1776 after declaring independence from Britain, with key documents like the Declaration of Independence and the U.S. Constitution. 2. Geographical Identity – Spans six time zones and includes diverse landscapes like the Great Plains and Rocky Mountains. 3. Professional Identity – A global leader in innovation and entrepreneurship, home to Silicon Valley and Wall Street",Single Answer
3067,"Which alternative rock band, formed in 1989 by a controversial singer-guitarist duo, became a defining act of the 1990s riot grrrl and grunge movements?",difficulty-2,Hole,Single Answer
3070,What is the second book in Suzanne Collins' *Hunger Games* trilogy that expands beyond District 12 and introduces the Quarter Quell?,difficulty-2,The sequel that reignites the rebellion,Single Answer
3073,"Which global conflict involved over 100 million people from more than 30 countries, included the systematic genocide of 6 million Jews, and saw the first use of nuclear weapons in combat?",difficulty-2,World War II,Single Answer
3076,"Who is the director of the highest-grossing R-rated film, known for transitioning from comedy to dark drama and early documentary work on GG Allin?",difficulty-2,Todd Phillips,Single Answer
3079,"What Broadway revue, produced by Leonard Sillman, debuted at the Royale Theatre on May 16, 1952, and featured rising stars like Eartha Kitt and Paul Lynde?",difficulty-2,The musical revue that premiered in 1952 and became famous for launching careers of future stars,Single Answer
3082,"Which Soviet mathematician, known for foundational contributions to dimension theory in topology and who tragically drowned at age 26 in Brittany, France, collaborated with Pavel Alexandrov and was part of the Moscow Mathematical School?",difficulty-2,The pioneer of the Urysohn Lemma and Urysohn Metrization Theorem,Single Answer
3085,"Which Grammy-winning band consists of three brothers and their cousin, originating from Nashville in 1999?",difficulty-2,The Followill family band,Single Answer
3088,"Which architectural landmark in New York City, completed in 1986 and standing 752 feet tall, was designed by Edward Larrabee Barnes and John M.Y. Lee, and is home to AXA Equitable Life Insurance Company?",difficulty-2,750 7th Avenue (AXA Equitable Center),Single Answer
3091,"Who was the original Pink Ranger in the Mighty Morphin Power Rangers (1993–1995), known for her agility and archery skills?",difficulty-2,The original Pink Ranger in the Mighty Morphin Power Rangers (1993–1995) was Kimberly Ann Hart,Single Answer
3094,"Who is the Argentine filmmaker known for his gritty, socially conscious cinema, born in San Justo, Buenos Aires Province, Argentina on October 4, 1971?",difficulty-2,Pablo Trapero,Single Answer
3097,"What is the name of the variant of the Hebrew name Yochanah, meaning 'God is gracious', popularized in medieval England and famously borne by an influential English novelist from 1775–1817?",difficulty-2,Jane,Single Answer
3100,What role emerged prominently in the early 20th century with pioneers like D.W. Griffith shaping modern narrative cinema techniques?,difficulty-2,The visionary behind the camera,Single Answer
3103,"What is the state known as the 'Land of 10,000 Lakes'?",difficulty-2,Minnesota,Single Answer
3106,What is the name of the artwork associated with Finland's largest lake system?,difficulty-2,The Saimaa Gesture,Single Answer
3109,"Which Swedish artist and illustrator is known for whimsical, nature-inspired artwork and has authored children's books like 'The Little Ghost Who Lost Her Boo!'?",difficulty-2,The Swedish artist known for folklore-themed illustrations and children's literature,Single Answer
3112,"What is the name of the secondary school that serves as a critical institution for adolescent education in a rural or semi-rural area, potentially offering O-Level or A-Level curricula?",difficulty-2,The educational hub with local cultural roots,Single Answer
3115,"What was the name of the Australian government inquiry established in 1977 to investigate organized drug trafficking networks, particularly focusing on connections between criminal syndicates and corrupt law enforcement officials?",difficulty-2,Royal Commission into Drug Trafficking (1977–1979),Single Answer
3118,"Which census-designated place in Sacramento County, California, was home to a major Cold War-era Air Force base that has since been repurposed for aerospace technology?",difficulty-2,The area known for its pivotal role in Cold War aviation history and later transformed into an aerospace hub,Single Answer
3121,"What is the name of the rare East German diesel locomotive developed in the 1950s by VEB Lokomotivbau Karl Marx Babelsberg, featuring an unusual 6-axle (Co'Co') wheel arrangement and powered by a 12 KVD 21 ALA diesel engine?",difficulty-2,The only East German diesel locomotive with a 6-axle (Co'Co') configuration from the 1950s,Single Answer
3124,"Which regional accreditation body, established in 1917, uniquely oversees both K-12 and higher education institutions across the Northwestern U.S.?",difficulty-2,The organization responsible for standardizing education in the Pacific Northwest and Intermountain West,Single Answer
3127,"Which iconic 1987 album, inspired by the Mojave Desert's flora, won a Grammy for Album of the Year and sold over 25 million copies?",difficulty-2,The Joshua Tree,Single Answer
3130,"What organization dedicated to supporting wounded, ill, or injured military service members and veterans through music therapy and guitar donations is known for its nonprofit mission and music-based healing?",difficulty-2,Guitars for Wounded Warriors,Single Answer
3133,"Which nationality is associated with the world's oldest surviving federal republic, founded in 1776, spans six time zones, and is home to Silicon Valley?",difficulty-2,American,Single Answer
3136,Who was the English diplomat imprisoned by Parliament in 1642 for allegedly conspiring to raise funds for Charles I during the English Civil War?,difficulty-2,"The secretary to Elizabeth Stuart, the 'Winter Queen' of Bohemia",Single Answer
3139,"Which country, known as the birthplace of the Reformation, shares borders with nine European nations and is the largest automobile producer in Europe?",difficulty-2,Germany,Single Answer
3142,Who was the Welsh criminal known as 'Mr. Nice' who became an infamous international cannabis smuggler in the 1970s and 1980s?,difficulty-2,The Oxford-educated nuclear physicist turned drug trafficker and author,Single Answer
3145,"What was the name of the prominent African American newspaper founded in 1917 by A. Philip Randolph and Chandler Owen, which served as a voice for Black socialism and labor rights during the early 20th century?",difficulty-2,The Messenger,Single Answer
3148,"What is the only unincorporated community in Sutter County, California, historically known for its agricultural roots, particularly in fruit orchards and rice farming?",difficulty-2,Paloma,Single Answer
3151,"Who is the lead vocalist and rhythm guitarist for the pop-rock band R5 (later renamed The Driver Era), which included his siblings Riker, Rocky, Rydel, and friend Ellington Ratliff?",difficulty-2,Ross Lynch,Single Answer
3154,What is the name of the iconic theme composed by Danny Elfman in 1989 that won a Primetime Emmy Award in 1990?,difficulty-2,"The jazzy, chaotic masterpiece from The Simpsons",Single Answer
3157,"What is the continent known as the birthplace of Western civilization, originating from ancient Greece and Rome, and later shaped by the Renaissance, Enlightenment, and Industrial Revolution?",difficulty-2,Europe,Single Answer
3160,"What Emmy Award category, introduced in 1954, exclusively honors U.S.-produced comedy series and is distinguished by its focus on supporting roles in comedy?",difficulty-2,The Emmy category recognizing exceptional supporting performances in comedy television,Single Answer
3163,Who was the martial artist known as 'The Little Dragon' who trained under Ip Man and developed Jeet Kune Do?,difficulty-2,Lee Jun-fan,Single Answer
3166,"Which city is internationally renowned as the hometown of The Beatles, with landmarks like the Cavern Club and the Beatles Story Museum celebrating their legacy?",difficulty-2,Liverpool,Single Answer
3169,"Which Grammy-winning British band, formed at University College London in 1996, is known for hits like 'Viva la Vida'?",difficulty-2,The band formed at UCL in 1996,Single Answer
3172,"What is the longest surviving epic poem written in Old English, composed between the 8th and early 11th centuries, set in Scandinavia, and blending pre-Christian Germanic heroic traditions with Christian influences?",difficulty-2,The epic with Grendel's lineage and wyrd,Single Answer
3175,"Which pioneering film studio, known for producing classics like *King Kong* (1933) and *Citizen Kane* (1941), originated from a merger involving the Radio Corporation of America (RCA) in 1928 and had its primary studio lot in Hollywood at 780 Gower Street?",difficulty-2,RKO,Single Answer
3178,"What is the name of the longest-running and most influential music singles chart in the United States that debuted on August 4, 1958?",difficulty-2,Hot 100,Single Answer
3181,"What fintech startup, founded in 2015 by Shachar Bialick in London, UK, pioneered 'Card Aggregation' allowing users to link multiple debit/credit cards to one smart card and app?",difficulty-2,The fintech startup that pioneered 'Card Aggregation' in 2015,Single Answer
3184,What is the ordinal successor to the inaugural installment in these contexts?,difficulty-2,"The ordinal successor to the inaugural installment varies by context: 1) 'Chapter 2: The Child' in *The Mandalorian*, 2) early June in hurricane seasons, 3) relapse protocols in clinical trials",Single Answer
3187,Which university was founded in 1885 by a former California governor and railroad tycoon as a memorial to their deceased child?,difficulty-2,Stanford University,Single Answer
3190,Who is the biblical figure known for betraying Samson by discovering the secret of his strength (his uncut hair) and enabling his capture by the Philistines?,difficulty-2,Delilah,Single Answer
3193,"What is the northernmost airport in Canada with scheduled international flights, originally built as a U.S. military airfield in 1942 and featuring a gravel runway designed for permafrost conditions?",difficulty-2,Iqaluit Airport (YFB),Single Answer
3196,"What is the name of the political party in the UK, founded in 1834 (originally as the Tory Party), that is one of the oldest in the world and has produced leaders like Winston Churchill and Margaret Thatcher?",difficulty-2,The party known for its historical roots and leaders like Churchill and Thatcher,Single Answer
3199,"Who is the acclaimed screenwriter of *Salaam Bombay!* (1988), the first Indian film nominated for an Academy Award (Best Foreign Language Film), and a longtime collaborator with Mira Nair on films like *Mississippi Masala* (1991) and *The Namesake* (2006)?",difficulty-2,The acclaimed screenwriter of *Salaam Bombay!* and collaborator with Mira Nair,Single Answer
3202,Who is the lead vocalist of Me First and the Gimme Gimmes?,difficulty-2,"The frontman of the punk rock cover band known for high-energy renditions of pop, rock, and folk classics",Single Answer
3205,"What was the original name of the RMS Britannic, the sister ship of the Titanic and Olympic, before being renamed prior to its launch in 1914?",difficulty-2,The maritime titan of the White Star Line trio,Single Answer
3208,"What is the name of the British tabloid newspaper launched in 2011 by Rupert Murdoch’s News UK, targeting younger audiences with a mix of celebrity gossip, sports, and viral internet content?",difficulty-2,Splash!,Single Answer
3211,Which Grammy-nominated R&B artist starred in the BET reality series *Keyshia Cole: The Way It Is* and advocates for mental health awareness?,difficulty-2,The platinum-selling debut album artist of *The Way It Is* (2005),Single Answer
3214,"Which independent filmmaker, known for winning the Grand Jury Prize at Sundance with *In the Soup* (1992), frequently collaborated with Steve Buscemi and founded the 'Little Feet' Film Series?",difficulty-2,Alexandre Rockwell,Single Answer
3217,"Which media company, founded in 1922 by Henry Luce and Briton Hadden as the publisher of the first weekly news magazine in the U.S., was historically headquartered in the Time & Life Building in New York City?",difficulty-2,Time Inc,Single Answer
3220,"Who is the wealthy, ruthless owner of the Springfield Nuclear Power Plant, where Homer Simpson works?",difficulty-2,The ancient industrialist who attended the signing of the Declaration of Independence,Single Answer
3223,"Which hospital, founded in 1824 and located four blocks from the White House, operates a Level I Trauma Center and treated victims of the 1982 Air Florida Flight 90 crash?",difficulty-2,"The oldest academic medical center in Washington, D.C",Single Answer
3226,Who was the U.S. Army officer known for his controversial leadership during the Battle of the Bulge and later became an assistant district attorney in New York?,difficulty-2,The captain of Easy Company in the 101st Airborne Division during WWII,Single Answer
3229,"What is the name of the magazine founded in 1857 in Boston, originally known as *The Atlantic Monthly*, which moved its headquarters to Washington, D.C., in 2021?",difficulty-2,The periodical that published Martin Luther King Jr.'s 'Letter from Birmingham Jail',Single Answer
3232,"Which individual, known as the 'Father of Trauma Medicine', pioneered the concept of the 'Golden Hour' and founded the Maryland Shock Trauma Center in 1961?",difficulty-2,R Adams Cowley,Single Answer
3235,"Which company, founded in 1974 by Felix Dennis in the UK, was initially known for launching niche magazines like *MacUser* and *PC Pro*, catering to the growing personal computing market in the 1980s–90s?",difficulty-2,Dennis Publishing,Single Answer
3238,"Which country music album, released in 1990 and selling over 18 million copies in the U.S., includes hits like 'Friends in Low Places' and 'The Thunder Rolls'?",difficulty-2,No Fences,Single Answer
3241,"What is the name of the U.S. music album chart that was launched in 1956, originally called 'Top Pop Albums', and tracks album sales and streaming equivalents exclusively in the United States?",difficulty-2,Billboard 200,Single Answer
3244,Which city earned the nickname 'Stumptown' in the mid-1800s due to rapid land clearing that left tree stumps scattered across its landscape?,difficulty-2,The city with the Urban Growth Boundary established in 1979,Single Answer
3247,"What were three significant events in the year known for the Brexit Referendum, Hurricane Matthew, and AlphaGo's victory over Lee Sedol?",difficulty-2,"Brexit Referendum, Hurricane Matthew, AlphaGo vs. Lee Sedol",Single Answer
3250,"What is the first mainstream South Korean zombie film that became a global phenomenon, earning over $93 million worldwide?",difficulty-2,Train to Busan,Single Answer
3253,"What was the first census in Canada to replace the mandatory long-form questionnaire with a voluntary survey, sparking debates over data reliability?",difficulty-2,The 2006 census,Single Answer
3256,"What was the name of the sitcom that aired from 1975–1982, set in the fictional 12th Precinct of the NYPD in Greenwich Village, and known for its realistic, character-driven approach to workplace comedy?",difficulty-2,The show with the squad room antics,Single Answer
3259,"Which musician, known for his Sheffield roots and former membership in Longpigs and Pulp, was nominated for the Mercury Prize in 2012 for the album 'Standing at the Sky’s Edge'?",difficulty-2,The artist behind 'Coles Corner',Single Answer
3262,"What term originates from the name of Italian explorer Amerigo Vespucci, whose maps (circa 1507) first distinguished the Americas as a separate continent from Asia?",difficulty-2,The demonym for inhabitants of the United States of America,Single Answer
3265,"Which renowned American tap dancer, actor, and choreographer, known for performing alongside his younger brother Gregory Hines as part of the duo *The Hines Kids*, starred in Broadway productions like *Eubie!* (1978) and *Sophisticated Ladies* (1981), and appeared in films such as *The Cotton Club* (1984)?",difficulty-2,Maurice Hines,Single Answer
3268,"What is the name of the first major industrial canal built in the Southern United States, completed in 1845, which was designated a National Heritage Area in 1996?",difficulty-2,The waterway that powered early Southern industrialization,Single Answer
3271,"Who was the Vice President of the Robert and Myra Kraft Family Foundation, known for her philanthropic leadership and deep involvement in New England sports community initiatives?",difficulty-2,Myra Kraft,Single Answer
3274,"Which fictional criminal organization, originating from early 20th-century pulp novels by Sax Rohmer, is associated with London's Limehouse district and known for using exotic poisons, hypnotism, and an extensive network of loyal agents?",difficulty-2,The organization first appearing in 'The Mystery of Dr. Fu-Manchu' (1913),Single Answer
3277,"What genre gained prominence in the 1970s and 1980s with films like *Die Hard* (1988) and *The French Connection* (1971), blending high-stakes action with suspenseful storytelling?",difficulty-2,The adrenaline-pumping cinematic category,Single Answer
3280,"What is the name of the award established in 1947, named after Antoinette Perry, exclusively for Broadway theatre productions in New York City, and considered the highest honor in American theater?",difficulty-2,Tony Award,Single Answer
3283,"Which country, known for its ancient Christian heritage and unique alphabet, adopted Christianity as its state religion in 326 AD under King Mirian III?",difficulty-2,The land of the Mkhedruli script,Single Answer
3286,"Which ancient civilization invented cuneiform, the world’s earliest known writing system, around 3200 BCE?",difficulty-2,The inventors of cuneiform,Single Answer
3289,"Which legendary figure associated with Emperor Qianlong of the Qing Dynasty, known for her natural fragrance, is deeply tied to Kashgar in Xinjiang?",difficulty-2,The Fragrant Noblewoman,Single Answer
3292,Who is the longest-serving president of the University of Oklahoma (1994–2018)?,difficulty-2,David Lyle Boren,Single Answer
3295,"What is the name of the artifact discovered in 1887 by Louis Thoen in the Black Hills of South Dakota, inscribed with a message dated 1834 by Ezra Kind and six other men, suggesting earlier gold prospecting activity than the 1870s Black Hills Gold Rush?",difficulty-2,Thoen Stone,Single Answer
3298,"Which city, established by the Residence Act of 1790 to serve as the nation’s capital distinct from any state, was designed by Pierre Charles L’Enfant with a grid-and-radial street plan and houses the White House, U.S. Capitol, and Supreme Court?",difficulty-2,"Washington, D.C",Single Answer
3301,"Who was the heir presumptive to the English, Scottish, and Irish thrones until his untimely death at age 11 in 1700, leading to the Act of Settlement (1701)?",difficulty-2,The only surviving son of Queen Anne of Great Britain and Prince George of Denmark,Single Answer
3304,"What is the capital of Yukon, Canada, known for its role in the Klondike Gold Rush and its stunning views of the Aurora Borealis?",difficulty-2,The city where the Yukon River's rapids resembled 'white horses',Single Answer
3307,"Who is the individual known for their significant contributions to college athletics administration, particularly in student-athlete development and compliance, with strong ties to Atlanta, Georgia?",difficulty-2,Djuan Rivers,Single Answer
3310,What are three specific factual attributes that highlight the identity of the country with the world's highest plateau?,difficulty-2,"1. Historical Identity: The Great Wall, spanning over 21,000 km. 2. Geographical Identity: The Tibetan Plateau, averaging 4,500 meters in elevation. 3. Professional/Modern Identity: Largest exporter globally, with $3.7 trillion in total exports (2023)",Single Answer
3313,"Which college football program, known for its historical legacy and iconic stadium, holds the record for the most all-time wins in NCAA history?",difficulty-2,The program with the most all-time wins in NCAA history,Single Answer
3316,"What is the name of the organization founded in 1927 in Los Angeles by figures like Louis B. Mayer, Douglas Fairbanks, and Mary Pickford, known for creating the Oscars and headquartered in Beverly Hills?",difficulty-2,The organization that awards the Oscars,Single Answer
3319,"What term is associated with the largest empire in history by land area, covering ~24% of the Earth's land by 1920?",difficulty-2,The term associated with the largest empire in history by land area is 'British',Single Answer
3322,What is the nationality of people from the only country to have hosted both the Summer and Winter Olympics in Asia?,difficulty-2,South Korean,Single Answer
3325,"Which country, known for being the only one bordered by three major oceans (the Atlantic, Pacific, and Arctic), was the first to formally assert a people's right to self-governance in modern history with its Declaration of Independence in 1776?",difficulty-2,United States,Single Answer
3328,"What year saw Pluto's reclassification as a dwarf planet, the devastating Yogyakarta earthquake, and the launch of Twitter?",difficulty-2,2006,Single Answer
3331,"Who was the first blonde winner of Miss USA in 11 years, representing Washington in 1968?",difficulty-2,Dorothy Anstett,Single Answer
3334,"Which pioneering graphic adventure game company was founded in Coarsegold, California, and later acquired by Activision?",difficulty-2,The trailblazer behind *King's Quest* and *Space Quest*,Single Answer
3337,"Which British historical drama television series, created by Stephen Poliakoff, is set in 1946 London and revolves around British intelligence officers pressuring a captured German scientist to work for the UK, with much of the drama unfolding in a luxury London hotel?",difficulty-2,Close to the Enemy,Single Answer
3340,"What is the name of the last great coastal fortress of the Red Douglas earls of Angus, perched on a 120-foot-high cliff overlooking the Firth of Forth?",difficulty-2,Tantallon Castle,Single Answer
3343,"What is the name of the historic Greek educational institution founded in 1843 in Constantinople (modern-day Istanbul) by the Greek Orthodox community, known for its Neoclassical architecture and Western-style curriculum, which later relocated to Thessaloniki in 1924?",difficulty-2,Zografeion Lyceum,Single Answer
3346,What is the historical significance of the infamous London residence known as 'the site of multiple murders by John Christie between 1943 and 1953'?,difficulty-2,"It was the location where John Christie committed murders, leading to the wrongful execution of Timothy Evans and influencing the abolition of the death penalty in the UK",Single Answer
3349,"Which song by the British punk band Gallows, featured on their 2009 album *Grey Britain*, is emblematic of the band’s raw, aggressive sound and socio-political commentary, reflecting the disillusionment of working-class youth in post-recession UK?",difficulty-2,Real Damage,Single Answer
3352,"Who is the policy analyst specializing in national security and counterterrorism with a surname historically linked to Speyer, Germany?",difficulty-2,Jake David Shapiro,Single Answer
3355,What is the oldest surviving anthology of Old English poetry that was donated by Bishop Leofric to Exeter Cathedral and is listed in UNESCO's Memory of the World Register?,difficulty-2,The Exeter Book,Single Answer
3358,"Which German Field Marshal, known for his cunning strategies in the deserts of North Africa, was nicknamed 'The master of rapid desert warfare' during World War II?",difficulty-2,Erwin Rommel,Single Answer
3361,"Which U.S. state, known as 'The Garden State', played a pivotal role in the American Revolution with more battles fought there than in any other state, and features diverse geography despite its small size?",difficulty-2,New Jersey,Single Answer
3364,"What is the genus of plants named after an 18th-century German physician and botanist, native to Southern and Eastern Africa, known for bird pollination and drought resistance?",difficulty-2,Kniphofia,Single Answer
3367,"What is the title of the American television series that aired on NBC in 2008, starring Christian Slater as a man with a split personality—one a suburban family man, the other a dangerous spy?",difficulty-2,My Own Worst Enemy,Single Answer
3370,"Which mid-1990s country artist, known for winning the ACM Award for Top New Male Vocalist in 1995 and a Grammy in 1997 for 'Same Old Train', had No. 1 hits like 'Someone Else’s Star' and 'Rebecca Lynn'?",difficulty-2,The 1995 ACM Top New Male Vocalist and 1997 Grammy winner for 'Same Old Train',Single Answer
3373,"What was the Formula 1 race held at the Nürburgring Nordschleife in 1976, known for its dramatic weather conditions and James Hunt's victory?",difficulty-2,1976 German Grand Prix,Single Answer
3376,"What is the name of the continental junior athletics competition in Asia that was first held in 1986 in Jakarta, Indonesia, organized by the Asian Athletics Association (AAA), and has hosted editions in New Delhi (2008), Hanoi (2016), and Yecheon (2023)?",difficulty-2,Asian Junior Athletics Championships,Single Answer
3379,"Which country, known as the largest by land area spanning 17.1 million square kilometers and covering 11 time zones, was the core of the Russian Empire (1721–1917) and later the Soviet Union (1922–1991)?",difficulty-2,Russia,Single Answer
3382,"What is the longest waterway entirely within England (215 miles) and has been a vital trade route since Roman times, shaping London’s growth as a global hub?",difficulty-2,The River Thames,Single Answer
3385,What was the first skyscraper to be voluntarily demolished for a taller building in 1968?,difficulty-2,The only skyscraper intentionally demolished at its peak height for One Liberty Plaza,Single Answer
3388,What is the online classifieds platform founded in 1995 by Craig Newmark that started as an email distribution list for local San Francisco events?,difficulty-2,"The text-heavy, ad-free online marketplace",Single Answer
3391,"Which notable figure in tennis, born in Canada but representing France, won two Grand Slam singles titles and became the first Frenchwoman in 33 years to win the Roland Garros singles title?",difficulty-2,The 2000 French Open singles champion,Single Answer
3394,"What is the name of the institution that specializes in bridging the medieval and early modern periods (roughly 500–1700 CE), fostering research that connects history, literature, art, philosophy, and religious studies across Europe and beyond?",difficulty-2,Centre for Medieval and Renaissance Studies (CMRS),Single Answer
3397,What was the first decennial census to replace the long-form questionnaire with the American Community Survey?,difficulty-2,The 23rd decennial census,Single Answer
3400,What is the largest city in the Southern Hemisphere by population?,difficulty-2,São Paulo,Single Answer
3403,"What is the only language to have evolved from Old English (Anglo-Saxon), heavily influenced by Old Norse and Norman French, creating a hybrid Germanic-Romance linguistic structure?",difficulty-2,English,Single Answer
3406,"Which continent, known as the largest on Earth covering approximately 30% of the planet's land area, is home to some of the world's oldest civilizations like Mesopotamia, the Indus Valley, and Ancient China, and includes economic powerhouses such as China, Japan, and India?",difficulty-2,Asia,Single Answer
3409,"Who was the founder of Krav Maga, born in Budapest but raised in Bratislava, and later instrumental in training Israeli military forces?",difficulty-2,The developer of the IDF's official combat system,Single Answer
3412,Who was the lead vocalist of Journey in 1977 before Steve Perry joined?,difficulty-2,The founding member of Vinnie Vincent Invasion,Single Answer
3415,What are three specific factual attributes based on the **OrganizationType** known for being the **only entities to have landed humans on the moon**?,difficulty-2,"1. Historical Identity: Many of these organizations, like Ford Motor Company (founded in 1903), played pivotal roles in industrialization and globalization. 2. Geographical Identity: They often have headquarters in major U.S. business hubs (e.g., Apple in Cupertino, California; ExxonMobil in Spring, Texas) while operating subsidiaries worldwide. 3. Professional Identity: They dominate sectors like technology (Microsoft), pharmaceuticals (Pfizer), and retail (Amazon), influencing global trade and innovation",Single Answer
3418,"Who was the mother of James Chaney, one of the three civil rights workers murdered during Freedom Summer in 1964?",difficulty-2,"The mother of the civil rights martyr from Meridian, Mississippi",Single Answer
3421,Who is the media mogul convicted in 2007 for fraud and obstruction of justice related to his business dealings at Hollinger International?,difficulty-2,Conrad Black,Single Answer
3424,What is the administrative division known for its unique three-tier governance structure in South Asia?,difficulty-2,Ward No. 5,Single Answer
3427,"Which Hong Kong district, historically significant as an early developed area post-1841 British colonization, is home to the Hong Kong Convention and Exhibition Centre and the Golden Bauhinia Square?",difficulty-2,"The district with the Blue House Cluster, a UNESCO-recognized heritage site",Single Answer
3430,"Which city was divided by the Berlin Wall (1961–1989), a Cold War symbol separating East and West Germany, and later became a global hub for startups, art, and nightlife?",difficulty-2,The capital with the iconic Berghain club,Single Answer
3433,"Which Scottish post-punk icon, born in Edinburgh (1959) and associated with Glasgow’s independent music culture, was the frontman of Orange Juice and later overcame a cerebral hemorrhage in 2005 to release acclaimed solo albums like *Home Again* (2007)?",difficulty-2,Edwyn Collins,Single Answer
3436,What is the name of the 3112-acre Pennsylvania state park known for its rare stand of old-growth hemlock trees?,difficulty-2,Cook Forest State Park,Single Answer
3439,"In the year that Apple launched the first-generation iPhone, what major financial crisis began, and which Central Asian capital hosted the Asian Winter Games?",difficulty-2,"The Great Recession began, and Astana (now Nur-Sultan) hosted the Asian Winter Games",Single Answer
3442,"Which crime family, originating in the 1920s in New Jersey and founded by Sicilian immigrants, was notably surveilled by the FBI in the 1960s due to wiretaps of its boss discussing operations?",difficulty-2,The organization inspired by Simone DeCavalcante's wiretaps,Single Answer
3445,"What is the historical identity of the nation founded on immigration, shaped by events like the American Revolution and the Civil Rights Movement?",difficulty-2,The United States,Single Answer
3448,"What year marked the beginning of major geopolitical shifts after World War II, including the establishment of the United Nations General Assembly's first session and the start of the Nuremberg Trials?",difficulty-2,The year of post-WWII reconstruction,Single Answer
3451,"Which notorious Prohibition-era gangster, known for the 'Baby Massacre' and assassinated at age 23 in 1932, was nicknamed 'Mad Dog'?",difficulty-2,The Irish-American mobster who rivaled Dutch Schultz,Single Answer
3454,"Who was the 18th-century British architect and carpenter known for his contributions to Georgian architecture, particularly in designing and documenting wooden structures?",difficulty-2,The author of *The Art of Sound Building* (1725),Single Answer
3457,"Which former NBA player and coach, known for his 90.3% free-throw accuracy, was an All-Star in 1992 and later coached the Phoenix Suns and New York Knicks?",difficulty-2,Jeff Hornacek,Single Answer
3460,Who is the individual with a name of Frisian origin linked to maritime heritage?,difficulty-2,Foeke Booy,Single Answer
3463,What was the first Android-based smartphone from BlackBerry that featured enhanced security with the DTEK suite?,difficulty-2,BlackBerry DTEK60,Single Answer
3466,Who was the titular organist of the Great Organ at Notre-Dame de Paris from 1985 to 2022?,difficulty-2,The renowned French organist who specialized in liturgical improvisation,Single Answer
3469,"Who is the co-founder and editor of BUST magazine, known for authoring 'Stitch 'n Bitch: The Knitter’s Handbook' and holding a Ph.D. in psychology from Yale University?",difficulty-2,Debbie Stoller,Single Answer
3472,"What is the name of the medieval manuscript from the 11th–13th centuries, discovered in 1803 at the Benedictine abbey of Benediktbeuern in Bavaria, which contains over 200 secular poems and songs and was later famously set to music by Carl Orff in 1937?",difficulty-2,Carmina Burana,Single Answer
3475,"Who is the Canadian filmmaker known for directing cult comedy films such as *Goon* (2011) and *Stuber* (2019), as well as the musical comedy *It's All Gone Pete Tong* (2004)?",difficulty-2,Michael Dowse,Single Answer
3478,"Which organization, founded in 1978 by Reverend Jeremiah Wright and anchored in Chicago’s South Side, focused on affordable housing advocacy and urban revitalization through projects like 'Kenwood Gardens'?",difficulty-2,The only city to host both Summer and Winter Olympics,Single Answer
3481,"What tree is often associated with mourning and melancholy in art and literature, mistakenly named after Babylon but actually native to northern China?",difficulty-2,Weeping Willows (Salix babylonica),Single Answer
3484,Who is the #1 New York Times bestselling author known for reinterpreting classic folklore and blending high fantasy with romantic and feminist themes?,difficulty-2,The author whose debut series began as a story posted on FictionPress at age 16,Single Answer
3487,"What was the German luxury ocean liner launched in 1912 by the Hamburg America Line (HAPAG), which later became the largest passenger ship in the world?",difficulty-2,The vessel known for its record-breaking size and post-WW1 transfer to Allied forces,Single Answer
3490,"What are three specific factual attributes related to the identity of the people from the only constitutional monarchy to have hosted the Magna Carta signing, focusing on its unique historical, geographical, and cultural dimensions?",difficulty-2,1. Historical Monarchy & Constitutional Framework 2. Geographical & Political Composition 3. Colonial Legacy & Global Influence,Single Answer
3493,"Which Austro-Hungarian Jewish writer, born in Brody (now Ukraine), was a vocal critic of Hitler and authored *The Radetzky March*?",difficulty-2,The melancholic chronicler of Habsburg decline,Single Answer
3496,What is the only country where over 75% of its terrain is covered by the Hindu Kush mountain range?,difficulty-2,Afghanistan,Single Answer
3499,"In the year known for being the start of the 21st century, what global event occurred on September 11 that led to significant changes in security policies worldwide?",difficulty-2,9/11 Terrorist Attacks,Single Answer
3502,What is the only play by Shakespeare set in the Kingdom of Denmark and primarily around the royal castle of Elsinore?,difficulty-2,Hamlet,Single Answer
3505,"What is the name of the well-known Mexican musical group specializing in tambora sinaloense, founded in the 1970s, originating from Sinaloa, Mexico, and recognized for its energetic performances and distinctive instrumentation?",difficulty-2,The group known for popularizing banda music nationally and internationally,Single Answer
3508,"What was the official name of the commission established in 1997 by UK Prime Minister Tony Blair to review the country’s electoral system and recommend potential reforms, particularly exploring alternatives to the First-Past-the-Post (FPTP) system?",difficulty-2,Independent Commission on the Voting System,Single Answer
3511,Which Nobel Laureate in Literature (1979) was deeply influenced by the Aegean and blended surrealism with Greek tradition?,difficulty-2,The poet who wrote *The Axion Esti*,Single Answer
3514,"Which city, known as the birthplace of hip-hop and home to Electric Lady Studios, served as the first capital of the United States under the Constitution?",difficulty-2,New York City,Single Answer
3517,What is the time standard that incorporates leap seconds to synchronize with Earth's rotation?,difficulty-2,UTC,Single Answer
3520,"Which British progressive rock band, known for blending elements of post-rock, alternative rock, and experimental music, formed in Manchester in 1998 and disbanded in 2011 after releasing four studio albums?",difficulty-2,The band that released 'Effloresce' (2003) and 'Frames' (2007),Single Answer
3523,"Which country is home to the Andes Mountains, the Pampas grasslands, and Patagonia, and was liberated by José de San Martín?",difficulty-2,The land of tango and Maradona,Single Answer
3526,"Who is the Pulitzer Prize-winning author known for the Bascombe Trilogy, born in Jackson, Mississippi in 1944, and a former sportswriter for Inside Sports?",difficulty-2,The author of 'Independence Day' which won the Pulitzer Prize for Fiction in 1996,Single Answer
3529,"Which country, known as the first modern democracy founded on Enlightenment principles, declared independence from Great Britain on July 4, 1776?",difficulty-2,United States,Single Answer
3532,"What is the name of the retail structure that pioneered the first fully enclosed, climate-controlled design in the U.S.?",difficulty-2,Southdale Center,Single Answer
3535,What is the age at which Mozart composed his first symphony?,difficulty-2,8,Single Answer
3538,"What is the name of the 1984 comedy-horror film that pioneered the genre, features a chart-topping theme song by Ray Parker Jr., and is set in New York City with key locations like the Firehouse at 14 North Moore Street?",difficulty-2,Ghostbusters,Single Answer
3541,"What term is associated with the first successful colonial independence movement against a European power, spans six time zones, and is home to the Silicon Valley tech industry?",difficulty-2,The nation that birthed modern democracy,Single Answer
3544,"What is the name of the 1996 Disney animated film that features a score by Alan Menken and Stephen Schwartz, set in Paris with a focus on Gothic architecture?",difficulty-2,The Hunchback of Notre Dame,Single Answer
3547,"What was the year when the Hubble Space Telescope was launched, Germany reunified, and the World Wide Web was proposed?",difficulty-2,"The year of the Hubble launch, German reunification, and WWW proposal",Single Answer
3550,What is the title given to the second-in-command in corporate governance structures that ensures leadership continuity when the primary leader is unavailable?,difficulty-2,Vice Chair,Single Answer
3553,What is the historical significance of the date when the Indian Army conducted Operation Blue Star?,difficulty-2,"June 10, 1984",Single Answer
3556,"Who is the lead vocalist and rhythm guitarist of the hard rock band Halestorm, known for powerful vocals and energetic performances, hailing from Red Lion, Pennsylvania, and the first woman to win a Grammy for Best Hard Rock/Metal Performance in 2013 for 'Love Bites (So Do I)'?",difficulty-2,The first woman to win a Grammy for Best Hard Rock/Metal Performance (2013),Single Answer
3559,"Who was the non-commissioned officer with leadership responsibilities in military or law enforcement contexts, linked to Scottish heritage through their surname?",difficulty-2,Sergeant Cunningham,Single Answer
3562,"Which tennis legend, known for winning 18 Grand Slam singles titles and holding the World No. 1 ranking for 260 weeks, had a 90-match winning streak on clay courts from 1973 to 1979?",difficulty-2,Chris Evert,Single Answer
3565,Which Canadian actress played Caroline Abendsen in 'The Man in the High Castle' and trained at the Stratford Festival?,difficulty-2,The actress known for portraying Caroline Abendsen in 'The Man in the High Castle',Single Answer
3568,What is the only continent to host both the Renaissance and the Industrial Revolution?,difficulty-2,Europe,Single Answer
3571,"What is the elevation of Pikes Peak in Colorado, known for its scenic views and the annual Pikes Peak International Hill Climb?",difficulty-2,"6,960 feet",Single Answer
3574,Which NORP is known for its dual education system blending apprenticeships with vocational training?,difficulty-2,German,Single Answer
3577,What is the birth name of the legendary Hollywood actor known as John Wayne?,difficulty-2,Marion Morrison,Single Answer
3580,"Based on these facts: Certainly! Here are three specific factual attributes about **The only city to host both Summer and Winter Olympics**, focusing on unique historical, geographical, or professional identity: 1. **Historical Identity** – The only city to host both Summer and Winter Olympics was a key figure in [specific historical event/movement], known for [notable contribution], which significantly impacted [region/field]. 2. **Geographical Identity** – The only city to host both Summer and Winter Olympics was born in [specific location], a place renowned for [cultural, political, or natural significance], shaping their early life and later achievements. 3. **Professional Identity** – The only city to host both Summer and Winter Olympics pioneered [specific innovation/field], earning recognition such as [award/institution], and their work continues to influence [industry/discipline] today. Would you like these tailored to a particular individual?",difficulty-2,Beijing,Single Answer
3583,"What is the name of the gold mine located approximately 70 km north of Baker Lake in Nunavut, Canada, which began commercial production in 2010 under Agnico Eagle Mines and produced over 3 million ounces of gold before transitioning to the Amaruq mine?",difficulty-2,The Arctic gold producer with high-grade deposits,Single Answer
3586,What occupation is known as the 'Father of History' and specializes in region-specific studies like medieval Europe or the Ming Dynasty?,difficulty-2,The keeper of chronicles,Single Answer
3589,"What is the name of the historic wooden covered bridge originally constructed in the 19th century, serving as a vital crossing point for early settlers and horse-drawn carriages in its region?",difficulty-2,The bridge with a traditional king post or town lattice truss design,Single Answer
3592,"Which U.S. state is home to the oldest continuously inhabited communities in North America, including Taos Pueblo and Acoma Sky City?",difficulty-2,New Mexico,Single Answer
3595,"Which local newspaper, established in the 19th century, serves the Rossendale Valley in Lancashire, England, and focuses on hyperlocal journalism?",difficulty-2,"The longstanding regional newspaper covering towns like Bacup, Rawtenstall, and Haslingden",Single Answer
3598,What is the only U.S. state home to the largest publicly protected area in the contiguous U.S.?,difficulty-2,New York,Single Answer
3601,"Which iconic American rock band, formed in Los Angeles in 1971, is known for the album *Hotel California* and has one of the best-selling greatest hits albums of all time?",difficulty-2,The band behind *Hotel California*,Single Answer
3604,"Which Massachusetts county, known for being home to Plymouth where the Pilgrims established one of the first permanent English settlements in 1620, is the easternmost in the state and includes Cape Cod, Nantucket, and Martha’s Vineyard?",difficulty-2,Suffolk County,Single Answer
3607,"What is the weight class in combat sports that is capped at 135 pounds (61.2 kg) in boxing and 155 pounds (70.3 kg) in MMA, known for legends like Roberto Durán and Pernell Whitaker, and has strong traditions in Mexico, Japan, the U.S., and Russia?",difficulty-2,Lightweight division,Single Answer
3610,"Which video game company, founded in 1998 in New York City, is known for creating the Grand Theft Auto series and Red Dead Redemption?",difficulty-2,The studio behind Grand Theft Auto and Red Dead Redemption,Single Answer
3613,"What is the name of the prestigious award established in 1895 by Alfred Nobel, a Swedish chemist and inventor of dynamite, to honor achievements in Physics, Chemistry, Medicine, Literature, and Peace, with the first awards given in 1901?",difficulty-2,Nobel Prize,Single Answer
3616,"Who was the director known for helming over 60 films across genres like Westerns, musicals, and crime films, contributing to the Charlie Chan series, and starting in silent films with works such as 'Tracked by the Police' (1927)?",difficulty-2,The prolific Hollywood director who shaped the Charlie Chan franchise and began in silent cinema,Single Answer
3619,"What is the name of the fast-casual pizza franchise that was founded in Athens, Georgia in 2008, offers customizable artisan pizzas with Italian roots, and has expanded to over 70 locations across the U.S.?",difficulty-2,The pizza franchise known for its 600°F stone oven Neapolitan-style crust,Single Answer
3622,"Who is the violinist, vocalist, and occasional lead singer of 10,000 Maniacs who stepped into the role after the departure of Natalie Merchant in 1993?",difficulty-2,The musician who co-wrote and performed on the band’s albums *Love Among the Ruins* (1997) and *The Earth Pressed Flat* (1999),Single Answer
3625,What are the five major circles of latitude that include the only circle serving as a great circle and baseline for measuring latitude?,difficulty-2,"Equator, Arctic Circle, Antarctic Circle, Tropic of Cancer, Tropic of Capricorn",Single Answer
3628,"In the year when humans first walked on the Moon, what were three significant events that occurred?",difficulty-2,"1. First Moon Landing (Apollo 11) on July 20, 1969. 2. Woodstock Festival in August 1969 in Bethel, New York. 3. ARPANET launched in 1969",Single Answer
3631,"Which pop icon, born in McComb, Mississippi and raised in Kentwood, Louisiana, became a global sensation with her debut single '...Baby One More Time' in 1998 and later dominated Las Vegas with her 'Piece of Me' residency?",difficulty-2,The artist behind '...Baby One More Time' and the 'Piece of Me' residency,Single Answer
3634,What musical milestone often signifies an artist's evolution or breakthrough?,difficulty-2,third album,Single Answer
3637,"Which national football team won its first FIFA World Cup in 1954 (the 'Miracle of Bern'), defeating Hungary in a historic upset that symbolized post-war resurgence?",difficulty-2,The team that achieved the 'Miracle of Bern',Single Answer
3640,"Which country, known as the birthplace of the Industrial Revolution, is home to the world's oldest parliamentary system and features diverse landscapes including the White Cliffs of Dover and the Lake District?",difficulty-2,England,Single Answer
3643,What is the title of the work discussing the resurgence of anti-Jewish prejudice in modern times?,difficulty-2,Anti-Semitism in the 21st Century: The Resurgence,Single Answer
3646,Who was the pathologist nicknamed 'Dr. Death' for advocating physician-assisted suicide and assisting in the deaths of over 130 terminally ill patients in the 1990s?,difficulty-2,Jack Kevorkian,Single Answer
3649,What major historical events occurred in the year known as 'The only year the Summer and Winter Olympics were held in the same country'?,difficulty-2,"1. Israeli Declaration of Independence (May 14, 1948). 2. Universal Declaration of Human Rights adopted (December 10, 1948). 3. Berlin Blockade & Airlift began (June 1948)",Single Answer
3652,What is the artifact known as the key to deciphering ancient Egyptian hieroglyphs?,difficulty-2,The Rosetta Stone,Single Answer
3655,"What is the name of the martial arts magazine founded in 1980 by Osmond 'Ossie' O'Connor, originally based in Los Angeles, California, known for its hard-hitting, no-nonsense approach to full-contact fighting?",difficulty-2,The only martial arts magazine documenting Bruce Lee's Jeet Kune Do rise in the 1980s,Single Answer
3658,"What is the name of the NFL's oldest continuously operating marching band, founded in 1947, which operates as an independent non-profit organization and honors Baltimore’s football legacy by playing an adapted version of the Colts’ fight song?",difficulty-2,Baltimore's Marching Ravens,Single Answer
3661,Which Tennessee county is home to the most-visited national park in the U.S. and the birthplace of a country music legend who founded a major theme park?,difficulty-2,Sevier County,Single Answer
3664,"Which major broadcast network, founded in 1926 by the Radio Corporation of America (RCA), is headquartered at 30 Rockefeller Plaza in New York City?",difficulty-2,The oldest major broadcast network in the United States,Single Answer
3667,What is the nickname for the Boeing B-17 Flying Fortress that was known for its durability in combat missions during WWII?,difficulty-2,Trudy,Single Answer
3670,"What region is known for its deep Tejano heritage, blending Mexican, Spanish, and Anglo influences?",difficulty-2,"The region with a cultural blend of Mexican, Spanish, and Anglo influences",Single Answer
3673,"Who was the longest-reigning British monarch, serving for 70 years and 214 days?",difficulty-2,Queen Elizabeth II,Single Answer
3676,"Which U.S. state, known as the 'Birthplace of Country Music', is home to Bristol, the Great Smoky Mountains National Park, and was a key site for the Nashville Sit-Ins in 1960?",difficulty-2,Tennessee,Single Answer
3679,Which city is home to the Rock & Roll Hall of Fame and was pivotal in popularizing the term 'rock and roll' due to disc jockey Alan Freed?,difficulty-2,"Cleveland, Ohio",Single Answer
3682,"Which avant-garde Japanese writer, known for blending surrealist and existentialist themes, had a background in medicine and collaborated internationally on film adaptations?",difficulty-2,The author of *The Woman in the Dunes*,Single Answer
3685,"What is the name of the high school in Sherman Oaks, California, founded in 1947 by the Sisters of Notre Dame, known for its STEM programs and National Blue Ribbon School status?",difficulty-2,The institution with Spanish-style architecture and scenic hillside campus,Single Answer
3688,Which city in China is known as the 'Nickel Capital' due to its significant nickel production and is home to the Jinchuan Group?,difficulty-2,Jinchang,Single Answer
3691,What is the genus known for its striking bicolored flowers and traditional medicinal uses in Ayurveda?,difficulty-2,Clerodendrum,Single Answer
3694,What is the East Asian wild chrysanthemum known for its cold resistance and traditional medicinal use?,difficulty-2,Dendranthema boreale,Single Answer
3697,"Which prolific Disney composer, known for reviving Disney's animation dominance in the late 20th century with works like *The Little Mermaid* (1989), *Beauty and the Beast* (1991), and *Aladdin* (1992), holds the record for the most Oscars won by a living composer with 8 Academy Awards?",difficulty-2,Alan Menken,Single Answer
3700,"Which actor known for playing a sardonic, psychically gifted character in *Lost* also portrayed a villain in *Rush Hour* and has a background in Broadway theater?",difficulty-2,The actor who played Miles Straume in *Lost* and Sang in *Rush Hour*,Single Answer
3703,What are three specific factual attributes related to characters who are the first widely recognized with supernatural powers and a skull-like face when fighting evil?,difficulty-2,"1. Historical Origin: Fantomah, created by Fletcher Hanks in 1940. 2. Geographical Influence: Wonder Woman (Diana Prince) is tied to Greek mythology and Themyscira. 3. Professional Evolution: Kamala Khan (Ms. Marvel) reflects modern diversity",Single Answer
3706,"Who is the co-creator of *Big Mouth*, starred in *The Kroll Show*, and made his Broadway debut in *Matilda the Musical* in 2022?",difficulty-2,The co-creator of *Big Mouth* and star of *The Kroll Show*,Single Answer
3709,"What is the oldest federal building in Washington, D.C., completed in 1800, that has served as the official residence and workplace of every U.S. president since John Adams?",difficulty-2,"The oldest federal building in Washington, D.C",Single Answer
3712,"Which fictional character, known for being a brilliant psychiatrist and forensic psychologist, is also a notorious cannibalistic serial killer and was created by Thomas Harris?",difficulty-2,Hannibal Lecter,Single Answer
3715,"Who was the British publisher and director at Duckworth & Co. who championed literature and art, notably supporting the Bloomsbury Group and publishing works by authors like D.H. Lawrence?",difficulty-2,The authority on 19th-century British lithography,Single Answer
3718,"What is the traditional folktale from 19th-century Russia that reflects the social and military tensions of the Tsarist era, involving a soldier outwitting the devil?",difficulty-2,The Runaway Soldier and the Devil,Single Answer
3721,"Which NORP is associated with the national ethos emphasizing upward mobility, individualism, and opportunity, historically tied to immigration and the U.S. Constitution’s ideals?",difficulty-2,American,Single Answer
3724,What is the Irish cream liqueur known for its use of grass-fed dairy cream and Irish whiskey?,difficulty-2,Kerrygold Irish Cream Liqueur,Single Answer
3727,"Which WWII landing ship, later converted into a civilian ferry and renamed MV Caroline, participated in D-Day and remains operational today?",difficulty-2,USS LST-510,Single Answer
3730,"What is the name of the British rock band formed in Teignmouth, Devon, England, in 1994, originally under the name Rocket Baby Dolls, known for their theatrical live performances and dystopian aesthetic?",difficulty-2,Muse,Single Answer
3733,What is the name of the Roman emperor who succeeded Vespasian and ruled during the eruption of Mount Vesuvius?,difficulty-2,The successor of Vespasian,Single Answer
3736,"Which city, known as the heart of Pennsylvania Dutch Country, was the capital of Pennsylvania from 1799 to 1812 and is home to the oldest continuously operating farmers' market in the U.S.?",difficulty-2,"Lancaster, Pennsylvania",Single Answer
3739,"Which health-focused culinary magazine, launched in 1987 by Southern Progress Corporation in Birmingham, Alabama, transitioned to digital-only format in 2018?",difficulty-2,"The magazine emphasizing healthy, balanced recipes without sacrificing flavor",Single Answer
3742,Who is the only British woman to win Wimbledon singles in the Open Era?,difficulty-2,Virginia Wade,Single Answer
3745,What title was historically granted by royal academies in 18th-century France to designate mastery in musical composition?,difficulty-2,Compositeur,Single Answer
3748,"Who is the Mexican former professional footballer known for his defensive skills, who played for Chivas de Guadalajara and Eintracht Frankfurt, earned 17 caps for the Mexican national team between 2004 and 2007, and won multiple domestic trophies including the Mexican Primera División (Apertura 2006) and the CONCACAF Champions' Cup (2006)?",difficulty-2,The defensive stalwart of Chivas de Guadalajara and Eintracht Frankfurt,Single Answer
3751,"What term originates from the name of Italian explorer Amerigo Vespucci, whose maps in the early 16th century helped distinguish the Americas as a separate continent from Asia?",difficulty-2,The term tied to Amerigo Vespucci's legacy,Single Answer
3754,Which NBA player earned the nickname 'Born Ready' during his high school career at Abraham Lincoln High School in Brooklyn?,difficulty-2,Lance Stephenson,Single Answer
3757,What is the historical significance of the land unified under King Æthelstan in 927 AD?,difficulty-2,It became one of the oldest nation-states in Europe,Single Answer
3760,"What is the name of the memorial dedicated in 1922 that honors the 16th U.S. President, designed by Henry Bacon in the style of a Greek Doric temple, and located at the western end of the National Mall in Washington, D.C.?",difficulty-2,The memorial honoring the Great Emancipator,Single Answer
3763,"What is the name of the Canadian-based sports media and production company historically known for its involvement in broadcasting and content creation, particularly in hockey and other major sports?",difficulty-2,Insight Sports,Single Answer
3766,Who was the Canadian-American film director known for pioneering early Hollywood techniques and directing over 400 films across five decades?,difficulty-2,Allan Dwan,Single Answer
3769,"What is the name of the awards ceremony that was first presented in 1949 by the Academy of Television Arts & Sciences, features a statuette of a winged woman holding an atom, and has its most prestigious category held in Los Angeles?",difficulty-2,Emmy Awards,Single Answer
3772,"Which Colombian professional footballer, known for playing as a striker for Sevilla FC, AC Milan, and Club Brugge, won the UEFA Europa League twice with Sevilla?",difficulty-2,The Colombian striker who won the UEFA Europa League twice with Sevilla FC,Single Answer
3775,Who is the former Chancellor of the University of Wisconsin-Superior known for his advocacy in rural higher education and background in theatre arts?,difficulty-2,The former Chancellor of the University of Wisconsin-Superior from 2010 to 2020,Single Answer
3778,"What is the name of the avenue in Washington, D.C. that runs along the southern edge of the National Mall, is named in honor of the U.S. Declaration of Independence, and passes by key institutions like the U.S. Capitol and Smithsonian museums?",difficulty-2,Independence Avenue,Single Answer
3781,"What is the compound first synthesized by August Wilhelm von Hofmann in 1849, known for its heterocyclic structure and later significance in dye chemistry and antibiotic research?",difficulty-2,phenazine,Single Answer
3784,Who is the posthumous Pulitzer Prize-winning author known for *A Confederacy of Dunces*?,difficulty-2,John Kennedy Toole,Single Answer
3787,"What is the only mature opera by Richard Wagner that is a comedy and based on an original, non-mythological story?",difficulty-2,Die Meistersinger von Nürnberg,Single Answer
3790,"Which city, known as the 'Birthplace of the Skyscraper', is home to the world’s first skyscraper, the Home Insurance Building (1885), and sits on the southwestern shore of Lake Michigan?",difficulty-2,"Chicago, Illinois",Single Answer
3793,What are three specific factual attributes based on the description 'Elite hardwood athlete'?,difficulty-2,1. NBA Affiliation 2. NCAA Pipeline 3. Olympic Dominance,Single Answer
3796,"Which U.S. state is home to Independence Hall, where both the Declaration of Independence and the U.S. Constitution were signed?",difficulty-2,The Keystone State,Single Answer
3799,"Which Russian writer, known for pioneering 'dark' or 'absurdist' prose and surviving Soviet censorship, is also a playwright, screenwriter, and musician?",difficulty-2,Lyudmila Stefanovna Petrushevskaya,Single Answer
3802,"What is the only continent that was entirely colonized as a penal colony by the British Empire (1788–1868), with over 160,000 convicts transported there, shaping its early societal structure?",difficulty-2,Australia,Single Answer
3805,"Which animated film, known for being the first to open the Cannes Film Festival in 2009, was also the second animated feature to receive a Best Picture Oscar nomination?",difficulty-2,Up,Single Answer
3808,"What is the name of the singing competition that serves as a platform for amateur singers to showcase their talent, often judged by renowned Bollywood playback singers and music directors?",difficulty-2,3rd Sa Re Ga Ma Pa Challenge,Single Answer
3811,"Which city, founded in 1886 due to the Witwatersrand Gold Rush, is home to the largest stock exchange in Africa?",difficulty-2,Johannesburg,Single Answer
3814,What is the only month in 2015 that was both the certification date for a significant professional milestone and coincided with major technological advancements like the release of Windows 10?,difficulty-2,May 2015,Single Answer
3817,Which actor famously portrayed J.R. Ewing in *Dallas* and later became an advocate for organ donation after a life-saving liver transplant?,difficulty-2,The iconic portrayer of J.R. Ewing in *Dallas*,Single Answer
3820,"What motorsports organization, originally founded in 1990 as the Sony/Toyota Pro Celebrity Race, primarily held races in North America at circuits like COTA, Watkins Glen, and Long Beach, and was known for its unique multi-class racing format?",difficulty-2,Pirelli World Challenge,Single Answer
3823,"What is the genus of flowering plants named after an American viticulturist and surveyor who contributed to early American horticulture, particularly grape cultivation?",difficulty-2,The genus named after John Adlum (1759–1836),Single Answer
3826,"Which Academy Award-winning actress, famous for her role as Bridget Jones, was born in Katy, Texas on April 25, 1969?",difficulty-2,The actress who won an Oscar for 'Judy' and starred in 'Bridget Jones's Diary',Single Answer
3829,"Which horror novella by Stephen King, first published in the 1980 anthology *Dark Forces*, blends psychological terror with Lovecraftian cosmic horror and features an otherworldly mist engulfing a small Maine town?",difficulty-2,The Mist,Single Answer
3832,"Which picturesque village in the Salazar Valley (Navarre, Spain), known for its medieval roots and well-preserved traditional architecture, was historically a key stop on the Camino de Santiago Aragonese Route?",difficulty-2,Ochagavia,Single Answer
3835,"What is the name of the drink that originated in Japanese-American communities, involves dropping a shot of sake into a glass of beer, and is seen as controversial in Japan for mixing premium sake with beer?",difficulty-2,Sake Bomb,Single Answer
3838,"Which county is home to a cathedral that was once the tallest building in the world, surpassing the Great Pyramid of Giza?",difficulty-2,"The county known for its vast agricultural output, often called the 'breadbasket of Britain'",Single Answer
3841,Who is the actor known for playing Bo Duke in *The Dukes of Hazzard* and later starred as Jonathan Kent in *Smallville*?,difficulty-2,John Richard Schneider,Single Answer
3844,"Which actor, known for portraying Alcide Herveaux in *True Blood*, hails from Pittsburgh and authored a Dungeons & Dragons visual dictionary?",difficulty-2,The actor who played Alcide Herveaux in *True Blood*,Single Answer
3847,Who is the Korean independence activist associated with Gyeongsang Province and later involved in post-liberation politics?,difficulty-2,The Korean independence activist who opposed Japanese colonial rule and later became a politician in liberated Korea,Single Answer
3850,"What is the name of the boy band that originated from a Nickelodeon TV series, achieved chart success with hits like 'Boyfriend' and 'Windows Down', and reunited in 2021 after a hiatus?",difficulty-2,Big Time Rush,Single Answer
3853,What is the only major U.S. city located in the Mojave Desert that was officially founded in 1905 and is known as the 'Entertainment Capital of the World'?,difficulty-2,Las Vegas,Single Answer
3856,"What is the name of the metal band formed in Des Moines, Iowa, in 1995, known for its nine-member lineup, each wearing a unique mask and jumpsuit?",difficulty-2,The masked nonet from Iowa,Single Answer
3859,What is the documentary series produced by Reelin’ in the Years Productions that focuses on legendary musicians and their cultural impact?,difficulty-2,Music Icons,Single Answer
3862,"What profession is known for covering less ground than center fielders but requires a strong throwing arm, especially in ballparks with short left-field porches like Fenway Park's 'Green Monster'?",difficulty-2,The guardians of the left flank in baseball,Single Answer
3865,What are three defining attributes of the nation that pioneered the first modern constitutional republic?,difficulty-2,"Historical identity (founded in 1776), geographical diversity (six time zones), and professional leadership (Silicon Valley innovation)",Single Answer
3868,"Which bank, known for its historical roots in aviation and exclusive Midwest presence, is based in Wichita, Kansas?",difficulty-2,The bank founded as The Air Capital Savings & Loan Association,Single Answer
3871,"What is the name of the Elizabethan country house in Lancashire, England, built between 1600 and 1605, significantly restored in the 19th century by architect Charles Barry under the direction of the Kay-Shuttleworth family?",difficulty-2,Gawthorpe Hall,Single Answer
3874,"Who was the co-founder of Wiley & Putnam in 1841, later known as G.P. Putnam’s Sons, and a vocal advocate for copyright reform?",difficulty-2,The co-founder of Wiley & Putnam and advocate for copyright reform,Single Answer
3877,What is the monetary value tied to NASA's 2021 *Tipping Point* award to SpaceX for lunar lander technologies?,difficulty-2,The budget equivalent of constructing 3.5 miles of urban subway line,Single Answer
3880,What is the name of the 1856 Ottoman reform edict that expanded on the 1839 Gülhane Edict and aimed to modernize the empire by guaranteeing equality for all subjects?,difficulty-2,The decree that reshaped Ottoman legal and social structures under European pressure,Single Answer
3883,"What is the only flowering plant in the Asteraceae family known for its fluffy, powder-puff-like blue or purple flowers and derived from the Greek *a-* (not) + *geras* (old age)?",difficulty-2,Ageratum,Single Answer
3886,"What year saw the deadliest terrorist attack in U.S. history, China joining the WTO, and the launch of Wikipedia?",difficulty-2,The year of the first Wikipedia edit,Single Answer
3889,"Which football club, based in West Yorkshire and nicknamed 'The Terriers', was the first English team to win three consecutive First Division titles under manager Herbert Chapman?",difficulty-2,The first English club to win three consecutive First Division titles (1924–1926),Single Answer
3892,"Which individual linked to Latin America, possibly in fields like politics or sports, has a surname historically tied to Spanish and Moorish heritage?",difficulty-2,Javier Mora,Single Answer
3895,"Which city, known as the financial capital of the world with over 500 international banks, was founded by the Romans in AD 43 and spans the River Thames?",difficulty-2,London,Single Answer
3898,"What is the largest country by land area, spanning over 17 million square kilometers and covering 11 time zones?",difficulty-2,Russia,Single Answer
3901,"Who was the first female U.S. major-party presidential nominee (2016), served as the 67th Secretary of State (2009–2013), and was a former First Lady & Senator from New York?",difficulty-2,Hillary Rodham Clinton,Single Answer
3904,"Which university's athletic team is known for its 'Masked Rider' mascot, introduced in 1954 as the first live mascot in the Southwest Conference?",difficulty-2,Texas Tech Red Raiders,Single Answer
3907,"Which season featured Leicester City FC's improbable Premier League title win, the Golden State Warriors’ record-breaking 73–9 regular-season record, and coincided with one of the strongest El Niño events on record?",difficulty-2,2015–16 season,Single Answer
3910,"Which actor, known for being the youngest to portray the Eleventh Doctor in *Doctor Who* (2010–2013), also played Prince Philip in *The Crown* (2016–2017)?",difficulty-2,"The actor born in Northampton, England, who initially pursued football before turning to acting",Single Answer
3913,"What is the name of the fictional organization in Marvel Comics that operates as a security force dedicated to protecting mutantkind, often employing aggressive measures, and was historically headquartered in Avalon and later in Genosha?",difficulty-2,The organization that enforces mutant supremacy and prioritizes the survival of mutants above all else,Single Answer
3916,"What is the significance of the alphanumeric code 'K283BV' in Russia, which follows a format often linked to a southern region known for agriculture and tourism?",difficulty-2,"It is a vehicle license plate likely registered in Krasnodar Krai or Kamchatka, Russia",Single Answer
3919,"Who is the British broadcaster known for presenting 'Top of the Pops' and 'The Voice UK', born in Holloway, London?",difficulty-2,Reggie Yates,Single Answer
3922,What are three key aspects of the period marked by the reign of Queen Victoria?,difficulty-2,"Industrial Revolution & Urbanization, British Empire at Its Peak, Strict Social Class Hierarchy & Professions",Single Answer
3925,"What was the name of the pioneering American rock and roll revival group formed in 1969, known for their doo-wop and 1950s nostalgia performances, which originated at Columbia University and later evolved from an a cappella ensemble called The Kingsmen?",difficulty-2,The group that performed at Woodstock and starred in 'Grease' as Johnny Casino and the Gamblers,Single Answer
3928,Who was the fugitive known as the 'Mad Trapper of Rat River'?,difficulty-2,The fugitive known as the 'Mad Trapper of Rat River' was a mysterious loner who evaded one of Canada’s largest manhunts in 1931–1932,Single Answer
3931,"Which city, known for its lush golf courses and being part of the Sonoran Desert within the Coachella Valley, is a hub for Mid-Century Modern Architecture and home to the McCallum Theatre?",difficulty-2,"Palm Desert, California",Single Answer
3934,"What is the process by which plants convert sunlight into chemical energy, discovered by Jan Ingenhousz in 1779, most efficient in tropical rainforests like the Amazon Basin, and utilized in C4 crops such as maize and sugarcane?",difficulty-2,photosynthesis,Single Answer
3937,"Which annual music awards ceremony featured Lady Gaga's meat dress and Kanye West's infamous interruption, held at the Nokia Theatre in Los Angeles in 2010?",difficulty-2,2010 MTV Video Music Awards,Single Answer
3940,"Which musician, known for being a founding member of The Beatles, was born in Liverpool and co-wrote over 180 songs with John Lennon?",difficulty-2,The musician who co-wrote 'Yesterday' and 'Hey Jude',Single Answer
3943,What is the name of the Pennsylvania town that was named after an 18th-century tavern honoring Frederick the Great?,difficulty-2,King of Prussia,Single Answer
3946,What is the maximum mass a white dwarf star can have before collapsing into a neutron star or black hole due to electron degeneracy pressure failing to counteract gravity?,difficulty-2,1.4 solar masses,Single Answer
3949,"What is the term historically used in boxing classifications for fighters weighing between 126–135 lbs (57.2–61.2 kg), formalized in the early 20th century?",difficulty-2,Light Weight,Single Answer
3952,"Which 2003 action-comedy sequel, set primarily in London (1887) and featuring Jackie Chan and Owen Wilson, blends martial arts with Western tropes and British aristocracy satire?",difficulty-2,Shanghai Knights,Single Answer
3955,What was the naval aviation force that pioneered early carrier-based air strikes and developed the Mitsubishi A6M 'Zero'?,difficulty-2,Imperial Japanese Navy Air Service,Single Answer
3958,What is the first national television service in Ireland that operates on a dual-funding model?,difficulty-2,RTÉ Television,Single Answer
3961,"What is the name of the tennis tournament that is the only ATP 500 event held in Spain and takes place in Barcelona, Catalonia?",difficulty-2,Barcelona Open Banco Sabadell,Single Answer
3964,"What is the league that plays on a field 110 yards long with 20-yard end zones and 65 yards wide, featuring 12 players per side?",difficulty-2,Canadian Football League (CFL),Single Answer
3967,"What is the term for a musical release that often marks a pivotal career stage, recorded at legendary venues, and cements an artist's reputation as a powerhouse live act?",difficulty-2,fourth live album,Single Answer
3970,"What is the second studio album by American pop-rock band We the Kings, released on July 19, 2011, under S-Curve Records, featuring the hit single 'Say You Like Me'?",difficulty-2,Let's Cheers to This,Single Answer
3973,"What is the name of the rare French scent hound historically bred for royalty, known for its distinctive ashy grey coat and medieval hunting legacy?",difficulty-2,Chien-gris,Single Answer
3976,"Who was the 'King of Ragtime' born in Texarkana, Texas, around 1867–1868, and posthumously awarded a special Pulitzer Prize in 1976?",difficulty-2,The composer of 'Maple Leaf Rag',Single Answer
3979,"Which 1973 film marked the breakthrough role for Amitabh Bachchan, establishing his iconic 'angry young man' persona?",difficulty-2,The film that pioneered the 'Angry Young Man' archetype in Hindi cinema,Single Answer
3982,Which nationality was the first to adopt multiculturalism as an official policy in 1971?,difficulty-2,The nationality known for its vast wilderness and Arctic sovereignty,Single Answer
3985,What was the symbolic item used during the Industrial Workers of the World (IWW) labor movement in the early 20th century that represented a worker's refusal to carry a union card from conservative or company-backed unions?,difficulty-2,The emblem of defiance against bureaucratic unionism,Single Answer
3988,What is the significance of the day known as 'The day marking the end of Nazi occupation in Italy'?,difficulty-2,25 April,Single Answer
3991,What was the original name of the arena that served as the home of the Albany River Rats (AHL) and frequently hosted NCAA Men’s Basketball Tournament games?,difficulty-2,Knickerbocker Arena,Single Answer
3994,"What prestigious college football award, first given in 1935 to Jay Berwanger, is named after a pioneering coach and was originally called the Downtown Athletic Club Trophy?",difficulty-2,The award named after John W. Heisman,Single Answer
3997,What significant historical event occurred on the day when the Russian settlement of Three Saints Bay was founded on Kodiak Island?,difficulty-2,The Treaty of Fort Stanwix was signed between the United States and the Iroquois Confederacy,Single Answer
4000,"Which country, known for having the longest coastline in Europe including fjords and islands, was unified under Harald Fairhair around 872 AD and later entered unions with Denmark (1397–1814) and Sweden (1814–1905) before gaining full independence in 1905?",difficulty-2,Norway,Single Answer
4003,"Which city in England is home to the Roman Baths, a well-preserved ancient complex built around Britain's only natural hot spring?",difficulty-2,The city with the Roman Baths,Single Answer
4006,Which 1998 political action-thriller directed by Tony Scott critiques government surveillance and stars Will Smith as a lawyer targeted by corrupt officials?,difficulty-2,The film where a lawyer battles NSA overreach using stolen digital evidence,Single Answer
4009,"Which NBA team had a season where they finished with a 21–61 record, drafted Josh Jackson 4th overall, and fired their head coach after just three games?",difficulty-2,Phoenix Suns,Single Answer
4012,"Which institution, known as Canada's oldest university founded in 1827, features the St. George campus with Gothic Revival architecture and was the site of the insulin discovery in 1921?",difficulty-2,University of Toronto,Single Answer
4015,"What is the name of the iconic weapon from *Doom* (1993) that fires a slow-moving, high-damage green plasma projectile?",difficulty-2,BFG,Single Answer
4018,"Which conservative legal advocacy group, known for its involvement in high-profile cases related to religious liberty and traditional moral values, gained prominence in the early 2000s and was primarily based in Washington, D.C.?",difficulty-2,"The organization that filed amicus curiae briefs in landmark Supreme Court cases concerning same-sex marriage, abortion, and the role of religion in public life",Single Answer
4021,"Which city is home to Sun Studio, where Elvis Presley, Johnny Cash, and B.B. King recorded groundbreaking music, earning it the nickname 'Birthplace of Rock 'n' Roll'?",difficulty-2,The city known as the 'Birthplace of Rock 'n' Roll',Single Answer
4024,"Which Argentine football club, known as 'Los Millonarios' due to its high-profile signings in the 1930s–40s, has a stadium that was the primary venue for the 1978 FIFA World Cup?",difficulty-2,River Plate,Single Answer
4027,What was the historical conflict symbolized by the red and white roses?,difficulty-2,The War of the Roses,Single Answer
4030,"What is the name of the award established on 28 December 1914 by King George V, initially to recognize acts of gallantry by junior officers of the British Army, later extended to all ranks and other Commonwealth nations, awarded for 'gallantry during active operations against the enemy' and ranking below the Victoria Cross?",difficulty-2,Military Cross,Single Answer
4033,"Which animation studio, known for pioneering CGI-animated films and headquartered in Glendale, California, was founded in 1994 as part of DreamWorks SKG and became independent in 2004?",difficulty-2,DreamWorks Animation,Single Answer
4036,"What is the name of the historic property in St. Andrew, Jamaica, known for its colonial-era sugar plantation origins and later as a prominent coffee estate in the Blue Mountains?",difficulty-2,The property with generations of family management in coffee cultivation,Single Answer
4039,"Which city, established by the Residence Act of 1790 as the seat of the U.S. federal government, is the political heart of the nation and houses the White House, U.S. Capitol, and Supreme Court?",difficulty-2,"Washington, D.C",Single Answer
4042,"What is the name of the musical piece that premiered on February 12, 1924, at Aeolian Hall in New York City as part of Paul Whiteman’s 'An Experiment in Modern Music' concert, blending classical orchestration with jazz rhythms and reflecting the cultural melting pot of the era?",difficulty-2,Rhapsody in Blue,Single Answer
4045,"Who was the first Republican governor of Illinois, serving from 1861 to 1865 during the Civil War, and is the namesake of Yates Township and Yates City in Illinois?",difficulty-2,Richard Yates,Single Answer
4048,"On the day known as 'The only date when Iraq threatened Kuwait shortly after its independence', what significant geopolitical event occurred involving Abd al-Karim Qasim?",difficulty-2,"Iraq's leader Abd al-Karim Qasim publicly claimed sovereignty over Kuwait, escalating tensions that led to British military intervention (Operation Vantage)",Single Answer
4051,"Which Pulitzer Prize-winning author, born in Indian Creek, Texas (1890), was deeply influenced by the post-Reconstruction South and witnessed the Mexican Revolution in the 1920s, inspiring works like 'Flowering Judas'?",difficulty-2,"The Pulitzer Prize-winning author born in Indian Creek, Texas, who witnessed the Mexican Revolution",Single Answer
4054,"Who is the acclaimed Irish director, writer, and former bassist for The Frames, known for creating the musical film 'Once' (2007) and specializing in music-driven narratives like 'Begin Again' (2013) and 'Sing Street' (2016)?",difficulty-2,The creator of 'Once' (2007),Single Answer
4057,"What was the nickname of Robert LeRoy Parker, referencing his fair complexion, during his early criminal career in the American Old West?",difficulty-2,Paleface,Single Answer
4060,"Which British actress, known for her roles in Royal Shakespeare Company productions like *The Merchant of Venice* (2011) and *Julius Caesar* (2012), also played Lady Mary Charteris in *The Crown* (Season 3, 2019) and starred in the West End's *The Curious Incident of the Dog in the Night-Time* (2014–2015)?",difficulty-2,Penny Layden,Single Answer
4063,"What was the name of the privacy-first, subscription-based search engine founded in 2019 by former Google executives, which shut down in 2023?",difficulty-2,Neeva,Single Answer
4066,"Which sovereign island nation, birthplace of the Industrial Revolution, comprises four constituent countries and is separated from mainland Europe by the English Channel?",difficulty-2,United Kingdom,Single Answer
4069,"Who is the Dutch former professional athlete who competed in the 1984 Summer Olympics in Los Angeles, representing the Netherlands in track and field (specifically the 100-meter hurdles)?",difficulty-2,The only Dutchwoman to win a European Junior Championship in the 100m hurdles,Single Answer
4072,Which Olympiad was the first to be postponed rather than canceled due to a global pandemic?,difficulty-2,The only Summer Olympics delayed by COVID-19,Single Answer
4075,"Which record label, known as the oldest surviving one founded in 1888, introduced the LP vinyl record in 1948 and is now headquartered in New York City under Sony Music Entertainment?",difficulty-2,Columbia Records,Single Answer
4078,Which football club won back-to-back NSL championships in 1999–2000 and 2000–2001?,difficulty-2,The only NSL club to win consecutive titles in the 1999–2000 and 2000–2001 seasons,Single Answer
4081,"Which sibling duo, known for their distinctive filmmaking style and Minnesota roots, won Oscars for Best Picture, Best Director, and Best Original Screenplay for *No Country for Old Men*?",difficulty-2,The Coen brothers,Single Answer
4084,"Which Colorado town, established in 1904 as a railroad hub, serves as a gateway to the Never Summer Mountains and Rocky Mountain National Park?",difficulty-2,The town known for its pivotal role in the Denver & Salt Lake Railway,Single Answer
4087,"Which British-born author, known for the Jack Reacher series, adopted a pen name after a publisher's joke about 'going to the literary children's section' following a layoff from a TV career?",difficulty-2,The pseudonymous creator of Jack Reacher,Single Answer
4090,What is the title of Bruce Springsteen's bestselling memoir that references his iconic 1975 album and emphasizes his ties to New Jersey?,difficulty-2,Born to Run,Single Answer
4093,"Which U.S. county, known for containing the American side of Niagara Falls, was the western terminus of the Erie Canal in 1825 and played a key role in early hydroelectric power development?",difficulty-2,"Niagara County, New York",Single Answer
4096,"Who is the political scientist known for his research on comparative political economy, welfare states, and the impact of globalization on social policies?",difficulty-2,"The author of *Global Capital, Political Institutions, and Policy Change*",Single Answer
4099,"What is the name of the drumming magazine founded in 1977 by Ron Spagnardi in New Jersey, known for its in-depth artist interviews and hosting the Modern Drummer Festival?",difficulty-2,The premier drumming publication established in 1977,Single Answer
4102,"Which 1938 British thriller, directed by Alfred Hitchcock, is set primarily on a train traveling across the fictional European country of 'Bandrika' and is considered one of his finest British films?",difficulty-2,The Lady Vanishes,Single Answer
4105,"What was the first notable musical group of Björk Guðmundsdóttir, known for its raw, DIY aesthetic and post-punk sound?",difficulty-2,The band where Björk first showcased her distinctive vocal style and experimental approach,Single Answer
4108,"Which location is home to the Palace of Westminster, Houses of Parliament, and Big Ben, serving as the political heart of the UK since the 11th century?",difficulty-2,The political heart of the UK,Single Answer
4111,Who is the first walk-on player to win the Heisman Trophy?,difficulty-2,Baker Mayfield,Single Answer
4114,"Which Italian city is globally renowned for its Protected Designation of Origin (PDO) food products, including Parmigiano Reggiano cheese and Prosciutto di Parma?",difficulty-2,The Culinary Capital of Italy,Single Answer
4117,Who was the key architect of the Non-Aligned Movement and delivered the longest UN speech in history?,difficulty-2,The Defence Minister during the Sino-Indian War (1962),Single Answer
4120,"What was the year when the Treaty of Versailles was signed, the Bauhaus School was founded, and the Black Sox Scandal occurred?",difficulty-2,1919,Single Answer
4123,What is the traditional fermented beverage from Burkina Faso deeply rooted in West African culture?,difficulty-2,Koularo,Single Answer
4126,"What was the British television talent show where contestants performed as famous music artists in elaborate impersonations, originally hosted by Leslie Crowther and later by Matthew Kelly?",difficulty-2,"The show where contestants underwent dramatic transformations to embody iconic musicians with the tagline 'Tonight, Matthew, I’m going to be...'",Single Answer
4129,"Which pop-punk band, formed in 2008 in West Palm Beach, Florida, had a breakthrough with their debut single 'Homecoming' and later went on indefinite hiatus after releasing one studio album and an EP?",difficulty-2,The band with Cassadee Pope as lead singer,Single Answer
4132,What is the only language to have evolved from Old English (Anglo-Saxon) and been heavily influenced by both Old Norse and Norman French?,difficulty-2,English,Single Answer
4135,What is the historical significance of the country that was the heart of the Habsburg Empire (1278–1918)?,difficulty-2,"The country was the heart of the Habsburg Empire, one of Europe’s most influential dynasties",Single Answer
4138,What significant event occurred on the day when King Edward I of England formally abolished the governing body ruling Scotland after the death of King Alexander III?,difficulty-2,The abolition of the Scottish Guardianship,Single Answer
4141,Who is the director known for 'Quigley Down Under' and 'Free Willy'?,difficulty-2,Simon Wincer,Single Answer
4144,"Who was the Austrian poet and priest who served as Abbot of Vorau Abbey from 1905 until his death, known for his nationalist writings and connection to Styria?",difficulty-2,Ottokar Kernstock,Single Answer
4147,Who is the Welsh electronic musician known for his alias *High Contrast* and contributions to drum and bass?,difficulty-2,The artist behind *High Contrast*,Single Answer
4150,"Which company, formed in 2003 from the merger of Square and Enix, is headquartered in Shinjuku, Tokyo, and revolutionized gaming with *Final Fantasy VII*?",difficulty-2,Square Enix,Single Answer
4153,"Which village in North Lincolnshire, England, is historically recorded in the Domesday Book as 'Estoft' and lies near the River Trent?",difficulty-2,Eastoft,Single Answer
4156,"Which Singaporean department store chain, founded in 1858 by Philip Robinson and James Gaborian Spicer, was known for its upscale retail offerings and had its flagship store on Orchard Road before closing in 2020?",difficulty-2,The retail icon founded in 1858 as 'Robinson & Spicer',Single Answer
4159,"What is the organization founded on September 27, 1925, in Nagpur, Maharashtra, known for its hierarchical structure and global network of shakhas?",difficulty-2,The group with the Sarsanghchalak leadership system,Single Answer
4162,"Which Florida town, known for being home to *The Breakers* resort built in 1896 by Henry Flagler, is situated on a barrier island separated from the mainland by the *Intracoastal Waterway* and serves as a hub for high finance and philanthropy?",difficulty-2,"Palm Beach, Florida",Single Answer
4165,"Which Italian filmmaker and opera director, born in Florence in 1923 and known for works like *Romeo and Juliet* (1968) and *Tea with Mussolini* (1999), also served as a senator in Italy’s Forza Italia party from 1994 to 2001?",difficulty-2,The director of *Romeo and Juliet* (1968) and *Tea with Mussolini* (1999),Single Answer
4168,"What is the only U.S. city to have served as the primary immigration processing center from 1892 to 1954, welcoming over 12 million immigrants?",difficulty-2,New York,Single Answer
4171,Who is the only U.S. president to be impeached twice?,difficulty-2,The only U.S. president impeached twice,Single Answer
4174,"What year marked the transition of sovereignty over Hong Kong from the United Kingdom to China, the Mars Pathfinder landing, and Steve Jobs' return to Apple?",difficulty-2,1997,Single Answer
4177,"What is the term for the compulsory enlistment of people into military service, which became widespread during the French Revolution (1793) under the levée en masse, is uniquely maintained in Switzerland for all able-bodied men, and is mandatory for nearly all men (18–28 years old) in South Korea with exemptions for elite athletes and classical musicians?",difficulty-2,Conscription,Single Answer
4180,What is the namesake of the first American missionary sent overseas?,difficulty-2,Adoniram Judson (1788–1850),Single Answer
4183,"Which city, known for being a hub for offshore diving and marine research, is located on St. Andrews Bay and played a role in World War II as a training and support site for the U.S. military?",difficulty-2,"Panama City, Florida",Single Answer
4186,Who is the retired Canadian professional race car driver known for winning the Michigan 500 in 2001?,difficulty-2,Patrick Carpentier,Single Answer
4189,"What is the imaging technology that uses strong magnetic fields and radio waves to image soft tissues without ionizing radiation, first demonstrated in a full human scan in 1977 by Dr. Raymond Damadian in New York?",difficulty-2,Magnetic Resonance Imaging (MRI),Single Answer
4192,"Who is the lead singer, songwriter, and co-founder of the influential Scottish indie pop band Belle and Sebastian, formed in Glasgow in 1996?",difficulty-2,The frontman of Belle and Sebastian,Single Answer
4195,What is the name of the biblical figure from Genesis 5:15–20 who lived for 962 years and is an ancestor of Noah?,difficulty-2,Jared,Single Answer
4198,Who is the NASCAR Xfinity Series competitor known for 'start-and-park' races and hails from South Carolina?,difficulty-2,Garrett Smithley,Single Answer
4201,Who is the first male American gymnast to win Olympic gold on the parallel bars?,difficulty-2,Bart Conner,Single Answer
4204,"Which film in the Rocky franchise shifts the setting back to Rocky Balboa’s working-class origins in Philadelphia, emphasizing street fights and urban grit?",difficulty-2,Rocky V,Single Answer
4207,"Which American television producer and writer, known for creating the 1970s sitcom *Eight Is Enough*, shares a name with a small city in McKean County, Pennsylvania?",difficulty-2,The creator of *Eight Is Enough*,Single Answer
4210,"What is the name of the ghost town in British Columbia, Canada, near the Cariboo Gold Rush, named after an early settler or prospector?",difficulty-2,Richard Bedford,Single Answer
4213,"Which company, founded in 1985 as Kiewit Diversified Group and rebranded in 1998 after acquiring fiber-optic network assets, is headquartered in Broomfield, Colorado, and operates one of the largest fiber-optic networks globally?",difficulty-2,The Tier 1 Internet Backbone Provider acquired by CenturyLink in 2017,Single Answer
4216,What is the name of the cult classic comedy that originated as a skit on NBC's Saturday Night Live and features the iconic headbanging car scene to Queen's 'Bohemian Rhapsody'?,difficulty-2,The SNL-spawned 1992 film with 'Party on!' catchphrases,Single Answer
4219,"Which Indian state is home to the Ajanta and Ellora Caves, hosts Mumbai, and leads in industrial output contributing over 15% of the nation's GDP?",difficulty-2,The state with UNESCO-listed rock-cut monuments and India's financial capital,Single Answer
4222,"Who is the notable American linguist and phonologist specializing in prosody and its interaction with syntax, known for contributions to Optimality Theory?",difficulty-2,Peter Bakovic,Single Answer
4225,"Who is the Canadian singer-songwriter known for fronting the band Moist and later pursuing a solo career with multilingual appeal, including French songs like 'Je repars'?",difficulty-2,The lead vocalist of Moist who co-founded Reimagine AI,Single Answer
4228,What are three specific factual attributes about the country that is the world's largest copper producer?,difficulty-2,"Geographical Extremes, Copper Mining Powerhouse, Unique Indigenous Heritage (Mapuche Resistance)",Single Answer
4231,"What is the name of the celebration that traces its roots to pre-Columbian Mesoamerican coming-of-age ceremonies and later merged with European Catholic influences during Spanish colonization in the 16th century, evolving into today’s celebration?",difficulty-2,Quinceañera,Single Answer
4234,"Which city, known as the 'Home of the Kentucky Derby', is strategically located along the Falls of the Ohio River and is a key player in bourbon production and the manufacturing of the Louisville Slugger baseball bat?",difficulty-2,"Louisville, Kentucky",Single Answer
4237,"Which British jazz saxophonist and clarinetist, known for winning a Latin Grammy in 2010 for co-writing 'Corcovado (Quiet Nights of Quiet Stars)' and for studying at the University of Oxford before pursuing music in London, is married to vocalist Stacey Kent?",difficulty-2,Jim Tomlinson,Single Answer
4240,Who is the last American man to win the Paris Masters in singles?,difficulty-2,Jack Sock,Single Answer
4243,"What is the title of the country ballad written and first recorded by Dolly Parton in 1973, later popularized worldwide by Whitney Houston in 1992 for *The Bodyguard* soundtrack?",difficulty-2,I Will Always Love You,Single Answer
4246,Which country is the birthplace of the Industrial Revolution?,difficulty-2,The UK,Single Answer
4249,"Which legendary college football coach, known for winning six national championships at the University of Alabama, earned his nickname by wrestling a bear at age 13?",difficulty-2,The coach who held the record for most wins (323) by a Division I head coach until surpassed by Joe Paterno in 2011,Single Answer
4252,"What mockumentary-style comedy film, co-directed by Griffin Dunne and Nora Ephron, premiered at the 2000 Toronto International Film Festival and satirizes Hollywood narcissism?",difficulty-2,The film co-directed by Griffin Dunne and Nora Ephron that premiered at the 2000 Toronto International Film Festival,Single Answer
4255,"Which country was the heart of the Habsburg Empire (1278–1918), is landlocked in the Eastern Alps, and is globally renowned for its classical music heritage?",difficulty-2,Austria,Single Answer
4258,"Which country, known as the birthplace of the Protestant Reformation initiated by Martin Luther in 1517 in Wittenberg, is also home to the Black Forest and a global leader in automotive engineering with brands like Mercedes-Benz, BMW, and Volkswagen?",difficulty-2,Germany,Single Answer
4261,"What is the only mine located near the eastern shore of Great Slave Lake in the Northwest Territories, Canada, known for its mid-20th century gold extraction?",difficulty-2,Camlaren Mine,Single Answer
4264,"Which country, known for being one of the world's oldest Christian nations, adopted Christianity as its state religion in 326 AD and has its own unique script recognized by UNESCO?",difficulty-2,Georgia,Single Answer
4267,What late 20th-century artistic work reflects millennial anxieties and is associated with Western postmodern movements?,difficulty-2,The Twentieth Century is Almost Over,Single Answer
4270,"Which silent film stunt pioneer, nicknamed 'The Human Fly', later transitioned to directing films such as *The Great Circus Mystery* (1925)?",difficulty-2,Charles Hutchison,Single Answer
4273,"What documentary, nominated for an Academy Award for Best Documentary Feature, explores the lives of children attending an evangelical Christian summer camp in North Dakota, focusing on their intense religious training and political indoctrination?",difficulty-2,"The documentary that delves into the lives of children at an evangelical Christian summer camp in North Dakota, highlighting their religious and political indoctrination, and was nominated for an Academy Award for Best Documentary Feature",Single Answer
4276,"Which coastal town on the Sapphire Coast, known for its pristine sandy beaches and proximity to Bournda National Park, is approximately 5 km north of Merimbula and 470 km south of Sydney?",difficulty-2,Tura Beach,Single Answer
4279,"What is the name of the planned community on Long Island’s Hempstead Plains, designed in 1869 by Alexander Turney Stewart, known for its tree-lined streets and proximity to landmarks like Roosevelt Field Mall?",difficulty-2,The Village of Roses,Single Answer
4282,"Which suburb of Warrington, Cheshire, England, is historically known for its connection to a former Royal Air Force station established during World War II, later becoming part of the University of Chester’s Warrington Campus?",difficulty-2,The suburb home to the former RAF station now part of the University of Chester’s Warrington Campus,Single Answer
4285,Which U.S. city is the oldest continuously chartered city and serves as the capital of New York State?,difficulty-2,"Albany, New York",Single Answer
4288,"Which notable American film director, known for directing the cult classic *Grease* (1978), was an early pioneer in digital filmmaking with *It’s All About Love* (2003) and attended USC School of Cinematic Arts alongside Steven Spielberg and George Lucas?",difficulty-2,The director of *Grease* (1978),Single Answer
4291,"Which doubles specialist won 55 ATP doubles titles, including 3 Grand Slam titles (2002 Australian Open, 2004 US Open, and 2007 French Open)?",difficulty-2,The Bahamian former World No. 1 in doubles,Single Answer
4294,"Who was the U.S. diplomat known for articulating the 'Mann Doctrine' during the Cold War, focusing on Latin America?",difficulty-2,The architect of the 'Mann Doctrine' emphasizing economic development over democratic reform in Latin America,Single Answer
4297,"Who is the founder of Scorpion Computer Services, known for a claimed IQ of 197 and an early hacking incident involving NASA?",difficulty-2,The founder of Scorpion Computer Services,Single Answer
4300,Who is the screenwriter behind *American Pie* (1999) who attended the University of Michigan?,difficulty-2,The Michigan-born screenwriter of *American Pie*,Single Answer
4303,"Which memoir, published in 2013, recounts the true story of a man separated from his family in India at age five, adopted in Australia, and reuniting with his birth mother 25 years later using Google Earth?",difficulty-2,A Long Way Home,Single Answer
4306,"Who was the lead vocalist and primary lyricist of Twisted Sister, known for testifying against the PMRC in 1985 and later starring in Broadway's 'Rock of Ages'?",difficulty-2,The frontman of Twisted Sister who opposed music censorship in 1985,Single Answer
4309,"What is the name of the 105,000-acre forested region in upstate New York known for its biodiversity and critical watershed role?",difficulty-2,The ecological gem of the Taconic Mountains,Single Answer
4312,"What term originates from the name of Italian explorer Amerigo Vespucci, whose maps first identified the Americas as a distinct continent separate from Asia?",difficulty-2,The term derived from Vespucci's name,Single Answer
4315,"Which alternative rock band, known for their 1995 double album that won two Grammy Awards, emerged from Chicago in 1988?",difficulty-2,The Smashing Pumpkins,Single Answer
4318,"What is the oldest major broadcast network in the United States, founded in 1926 by the Radio Corporation of America (RCA)?",difficulty-2,The pioneer of American television broadcasting,Single Answer
4321,"What is the name of the monumental sculpture created by Mario Molinari in 1995, located in Parco Europa (Europe Park) in Turin, Italy, which symbolizes global unity and nonviolence?",difficulty-2,The vibrant red spherical artwork,Single Answer
4324,"What is the private estate established in 1337 to provide financial independence for the heir apparent to the British throne, owning ~130,000 acres across England and Wales?",difficulty-2,The estate historically tied to the British monarchy's heir,Single Answer
4327,"What is the name of the company that was the world's first electronic stock market when it launched on February 8, 1971?",difficulty-2,"Nasdaq, Inc",Single Answer
4330,Who is the CEO of Metro-West Appraisal Company?,difficulty-2,The CEO of Metro-West Appraisal Company is a prominent figure in Massachusetts real estate,Single Answer
4333,"What was the title of the 1974 groundbreaking independent film featuring a rescue dog as the protagonist, filmed primarily in McKinney, Texas, and starring a mixed-breed shelter dog named Higgins?",difficulty-2,The film was titled 'Benji',Single Answer
4336,"Which British actor, comedian, and writer, known for co-founding the comedy duo Armstrong and Miller, studied Natural Sciences at St Catharine's College, Cambridge, and has strong ties to Cornwall?",difficulty-2,Ben Miller,Single Answer
4339,"Who was the U.S. Congressman from California who served from 1883 to 1885 as a Democrat, born in Belleville, Illinois, and later practiced law in Napa?",difficulty-2,"The only U.S. Congressman from California to serve from 1883 to 1885 as a Democrat, born in Belleville, Illinois, and later practiced law in Napa",Single Answer
4342,Who is the Swedish-Colombian activist known for her viral anti-fascist protest in Borrby?,difficulty-2,Tess Asplund,Single Answer
4345,"Which Brazilian automotive manufacturer, known for its rugged off-road vehicles like the T4, was owned by Ford from 2007 to 2021 and catered to military and adventure markets?",difficulty-2,The Brazilian off-road vehicle company acquired by Ford in 2007,Single Answer
4348,"Which country is home to the Declaration of Arbroath (1320), Loch Ness, and the Old Course at St Andrews?",difficulty-2,The land of the thistle,Single Answer
4351,What is the name of the economic policy framework in post-apartheid South Africa that uses a scorecard system to evaluate companies on metrics like ownership and management representation?,difficulty-2,Black Economic Empowerment,Single Answer
4354,"Which group of performers, known for their contributions to the Golden Age of Cinema, includes figures like Pedro Infante and María Félix?",difficulty-2,Mexican actors,Single Answer
4357,"Which city in the USA is home to Research Triangle Park (RTP), one of the largest research parks in the world?",difficulty-2,Durham,Single Answer
4360,"Who is the frontman of Nick Cave and the Bad Seeds and Grinderman, known for blending post-punk, gothic rock, and literary influences?",difficulty-2,"The Australian singer-songwriter born in Warracknabeal, Victoria (1957)",Single Answer
4363,"Who was the first U.S. President (1789–1797), the Commander-in-Chief of the Continental Army (1775–1783), and the owner of the Mount Vernon estate?",difficulty-2,George Washington,Single Answer
4366,"Which satirical media organization, originally a print humor magazine in 1958 and later a digital comedy powerhouse, had notable alumni like David Wong and Robert Brockway?",difficulty-2,The organization known for its historical legacy in satirical media and digital pivot to viral listicles,Single Answer
4369,"What was the name of the 1940s American wartime variety show produced during World War II, designed to boost morale by featuring performances from soldiers, celebrities, and everyday citizens?",difficulty-2,The morale-boosting wartime revue,Single Answer
4372,Who is the creator of *The X-Files* and worked as a writer for *Surfing Magazine* before entering Hollywood?,difficulty-2,The visionary behind *The X-Files*,Single Answer
4375,"Which 2016 film blends Chinese and Western storytelling, featuring a mix of European medieval knights and ancient Chinese warriors, reflecting a cross-cultural fantasy adventure?",difficulty-2,The Warriors Gate,Single Answer
4378,"What is the title of the 1968 Italian comedy film directed by Giovanni Grimaldi, starring the iconic comedy duo Franco and Ciccio, known for blending satire with social commentary?",difficulty-2,The film featuring Franco Franchi and Ciccio Ingrassia in a fictionalized urban Italian setting,Single Answer
4381,"What is the name of the poem written in 1927 by Max Ehrmann in Terre Haute, Indiana, that gained popularity in the 1960s and 70s, especially in San Francisco, and was subject to a 1971 copyright ruling in Maryland?",difficulty-2,"The poem written in 1927 by Max Ehrmann in Terre Haute, Indiana, that gained countercultural fame and legal protection",Single Answer
4384,What are three specific factual attributes about the dominant plant group that first appeared in the Early Cretaceous period (~140 million years ago)?,difficulty-2,"1. Historical Identity: First appeared in the Early Cretaceous period (~140 million years ago). 2. Geographical Identity: Highest diversity in the Neotropics (tropical Americas), with the Amazon Rainforest hosting over 40,000 species. 3. Professional Identity: Provides over 80% of global food crops",Single Answer
4387,Who is the Golden Globe-nominated actress who played Max Guevara in 'Dark Angel' and co-founded The Honest Company?,difficulty-2,Jessica Alba,Single Answer
4390,Who was the British soldier commemorated on the Thiepval Memorial in France?,difficulty-2,James Mulgrew,Single Answer
4393,Which UEFA European Championship was postponed to 2021 due to the COVID-19 pandemic but retained its original branding?,difficulty-2,The tournament branded as UEFA Euro 2020,Single Answer
4396,"Which organization, founded in 1732 as the Theatre Royal and located in Covent Garden, London, is home to The Royal Opera, The Royal Ballet, and the Orchestra of the Royal Opera House?",difficulty-2,"The organization founded in 1732 as the Theatre Royal in Covent Garden, London",Single Answer
4399,"Who is the actress known for her breakthrough role in 'Teeth' (2007), an Obie Award winner for 'Gomorrah', and a recurring role in 'The Good Wife'?",difficulty-2,The lead actress from 'Teeth' (2007),Single Answer
4402,"Which ballet company, founded in 1669 under King Louis XIV as part of the Académie Royale de Danse, is the world's oldest national ballet company?",difficulty-2,Paris Opera Ballet,Single Answer
4405,"Who was the CEO of Texas International Airlines and later Continental Airlines, known for aggressive cost-cutting and pioneering the use of bankruptcy as a business strategy?",difficulty-2,The pioneer of airline bankruptcy restructuring tactics,Single Answer
4408,"Who is the pop music icon that rose to fame in the late 1990s with the debut single *'...Baby One More Time'*, pioneered the modern Las Vegas residency model with *'Britney: Piece of Me'*, and was under a highly publicized conservatorship from 2008 to 2021?",difficulty-2,Britney Spears,Single Answer
4411,"Which former mayor of Cairns, Queensland, Australia, served from 1983 to 1992 and was instrumental in advancing infrastructure projects like the Cairns Esplanade and Cairns International Airport?",difficulty-2,The political leader who shaped Far North Queensland's growth during the 1980s and early 1990s,Single Answer
4414,"Which higher education consultant and author, known for writing columns for *The Chronicle of Higher Education*, has been affiliated with Georgia State University's Perimeter College and co-authored *Building a Career in America’s Community Colleges* (2013)?",difficulty-2,Rob Jenkins,Single Answer
4417,"In the year known as 'The only year the Dow Jones dropped over 22% in a single day', what significant global event, geographical political shift, and professional scientific achievement occurred?",difficulty-2,1. Stock Market Crash of 1987 (Black Monday) 2. First Intifada begins in Palestine 3. FDA approves AZT (first HIV/AIDS drug),Single Answer
4420,"Which notorious Confederate guerrilla leader, infamous for brutal tactics in Missouri and Kansas, participated in the Lawrence Massacre (1863) and was ambushed and killed by Union soldiers in Ray County, Missouri, in 1864?",difficulty-2,William T. Anderson,Single Answer
4423,"Which football club was founded in 1892 after a dispute involving Everton FC and John Houlding, is based in Liverpool, Merseyside, and has won 19 League Titles, 8 FA Cups, 6 European Cups/UEFA Champions Leagues, and 1 FIFA Club World Cup?",difficulty-2,The football club with the famous Kop stand at Anfield,Single Answer
4426,Who is the former Lieutenant General and Vice Minister of National Defense (2018–2019) linked to South Korea's first Prime Minister?,difficulty-2,Lee Cheol-ha,Single Answer
4429,What is the title of the collaborative bluegrass album by Steve Martin and Edie Brickell that won a Grammy for its title track in 2014 and inspired the Broadway musical 'Bright Star'?,difficulty-2,Love Has Come for You,Single Answer
4432,What is the country known for having the longest coastline in the world and containing 20% of the planet's freshwater?,difficulty-2,Canada,Single Answer
4435,What was the military unit composed of French-speaking Belgians that fought alongside Nazi Germany on the Eastern Front in 1941?,difficulty-2,The Walloon Legion,Single Answer
4438,"What significant historical event occurred on the day Nelson Mandela was arrested near Howick, South Africa?",difficulty-2,"Nelson Mandela's arrest on August 5, 1962, marked the beginning of his 27-year imprisonment",Single Answer
4441,"What is the name of the 1973 Disney comedy film starring Fred MacMurray and Cloris Leachman, set in a small Midwestern American town in the early 20th century?",difficulty-2,The film where a hardware store owner meets an angel,Single Answer
4444,What is the community galvanized by the Stonewall Uprising in 1969?,difficulty-2,The community galvanized by the Stonewall Uprising in 1969 is the LGBT community,Single Answer
4447,"Which British filmmaker, known for directing *Alien* (1979) and *Blade Runner* (1982), was born in South Shields, England (1937), and founded Scott Free Productions in 1995?",difficulty-2,Ridley Scott,Single Answer
4450,"Which artist, known for being the first to win Album of the Year four times at the Grammys, was born in Reading, Pennsylvania, but raised in Wyomissing?",difficulty-2,Taylor Swift,Single Answer
4453,"Who is the master of flash fiction known for her ultra-short stories, a Pulitzer Prize winner, and an acclaimed translator of French literature?",difficulty-2,Lydia Davis,Single Answer
4456,"Who is the British boxing historian and author known for his works on early 20th-century boxing, including biographies of famous fighters like Jimmy Wilde?",difficulty-2,The British boxing historian and author,Single Answer
4459,"Which company, known for pioneering unsweetened applesauce in the 1980s, was founded in 1842 by Samuel Mott in Bouckville, New York, and is closely tied to New York's apple-growing regions like the Hudson Valley and Finger Lakes?",difficulty-2,Mott's,Single Answer
4462,"What profession is historically linked to the rise of Hollywood as the dominant hub of film production since the early 20th century, shaping global cinema and star culture?",difficulty-2,The star-makers of Tinseltown,Single Answer
4465,What evergreen coniferous tree of the genus Abies is known for its needle-like leaves and upright cones that disintegrate on the tree rather than falling intact?,difficulty-2,Fir,Single Answer
4468,Who is the iconic voice behind the Crypt Keeper in HBO's 'Tales from the Crypt'?,difficulty-2,John Kassir,Single Answer
4471,"Who was the central figure in the development of cool jazz in the late 1940s and 1950s, known for collaborations on albums like 'Birth of the Cool' and 'Miles Ahead'?",difficulty-2,The arranger behind 'Sketches of Spain' and 'Out of the Cool',Single Answer
4474,"What is the name of the institution founded by J.C. Jacobsen in 1876 in Copenhagen, Denmark, known for developing the pH scale and having ties to Nobel laureates?",difficulty-2,The pioneering brewing science hub established by J.C. Jacobsen,Single Answer
4477,"What is the name of the historic seafood restaurant located in Ocracoke, North Carolina, known for its Hatteras-style clam chowder and waterfront dining at Silver Lake Harbor?",difficulty-2,The seafood haven with Hatteras-style clam chowder,Single Answer
4480,What is the unique identity of the telecommunications pioneer in the Philippines that became the first in Southeast Asia to trial 5G technology?,difficulty-2,The only telecom in Southeast Asia to trial 5G technology in 2016,Single Answer
4483,"Which 2018 film featuring one of the first openly pansexual protagonists in a major studio superhero movie was primarily shot in Vancouver, Canada?",difficulty-2,Deadpool 2,Single Answer
4486,Which nationality is associated with the world's oldest surviving federal republic founded in 1776?,difficulty-2,American,Single Answer
4489,"What stadium, named after a prominent local educator and coach, served as the home field for Mississippi State College football from 1914 to 1952?",difficulty-2,The stadium named after a prominent local educator and coach,Single Answer
4492,What is the conifer family with fossil records dating back to the Triassic period (~200 million years ago)?,difficulty-2,Cupressaceae,Single Answer
4495,Who is the only high jumper in history to have cleared 8 feet both indoors and outdoors?,difficulty-2,The only high jumper in history to have cleared 8 feet both indoors and outdoors,Single Answer
4498,"Who is the British film director known for *Repo Man* (1984) and *Sid & Nancy* (1986), who also directed Spanish-language films like *El Patrullero* (1991)?",difficulty-2,"Alexander ""Alex"" Cox",Single Answer
4501,What is the term for a tropical cyclone with sustained winds of 157 mph or higher?,difficulty-2,Category 5 hurricane,Single Answer
4504,What is the historical namesake of the entity referred to as 'The Famed Italian General's Legacy'?,difficulty-2,Giuseppe Garibaldi,Single Answer
4507,"Which year marked the end of the Victorian Era, the federation of Australia, and the first awarding of Nobel Prizes?",difficulty-2,1901,Single Answer
4510,"What is Finland's only native dog breed specifically developed for hunting, recognized as a national treasure?",difficulty-2,Finnish Hound,Single Answer
4513,"Which Australian former professional tennis player, born in 1963 as Elizabeth Sayers, won three women’s doubles Grand Slam titles, including the 1985 Australian Open with Pam Shriver and the 1990 and 1991 Wimbledon Championships with Natasha Zvereva?",difficulty-2,The three-time women’s doubles Grand Slam champion from Australia,Single Answer
4516,What is the only city to host both Summer and Winter Olympics?,difficulty-2,Beijing,Single Answer
4519,Who are the first couple to have both served as Governor of Arkansas and later occupied the White House?,difficulty-2,Bill and Hillary Clinton,Single Answer
4522,What is the historical significance of the town named after the financier who funded the U.S. government during the War of 1812?,difficulty-2,"Girard, Pennsylvania, was named after Stephen Girard, who played a key role in stabilizing the U.S. economy during the War of 1812",Single Answer
4525,"Which fictional character, famously associated with Prince Edward Island, Canada, is the protagonist of Lucy Maud Montgomery’s 1908 novel and later becomes a schoolteacher and published writer?",difficulty-2,The red-haired orphan adopted by the Cuthberts,Single Answer
4528,"What was the significance of the football final that took place on June 12, 1932, at Nuremberg Stadium (Städtisches Stadion), where Bayern Munich secured their first national title by defeating Eintracht Frankfurt 2-0?",difficulty-2,1932 German football championship Final,Single Answer
4531,"What is the year when the Fall of Saigon marked the end of the Vietnam War, Mozambique gained independence from Portugal, and Microsoft was founded?",difficulty-2,1975,Single Answer
4534,Which U.S. state is home to the second-longest river in North America and is known as the 'Birthplace of the Blues'?,difficulty-2,The Magnolia State,Single Answer
4537,Who is the author of 'God-Shaped Hole' and founder of Bright Antenna Records?,difficulty-2,The author of 'God-Shaped Hole' and founder of Bright Antenna Records,Single Answer
4540,"Which country, known as the 'Land of Two Rivers', is home to ancient Mesopotamia, where some of the earliest human civilizations emerged around 3100 BCE?",difficulty-2,Iraq,Single Answer
4543,"What is the championship in NJPW that was introduced in 2012, initially to showcase rising talent, and is known for its no-weight restrictions and strong-style matches?",difficulty-2,"The title originally conceptualized as 'New Blood, Evolution, Valiantly, Eternal, Radical'",Single Answer
4546,"What is the name of the decade marked by the Long Depression, the invention of the telephone, and the Scramble for Africa?",difficulty-2,The decade of the Great Economic Desolation,Single Answer
4549,"Who was the nobleman who initially supported Henry VIII’s break with Rome but later resisted extreme Protestant reforms under Edward VI, aligning with conservative Catholic sympathies?",difficulty-2,"Edward Stanley, 3rd Earl of Derby",Single Answer
4552,"Who is the author known for the Josephine B. Trilogy, specializing in historical fiction and with a background in editing?",difficulty-2,The Canadian writer of the Josephine B. Trilogy,Single Answer
4555,"What is the Indigenous Australian name tied to the Kaurna or Ngarrindjeri peoples, reflecting deep cultural and linguistic heritage?",difficulty-2,Ngangkiparri,Single Answer
4558,"What is the title of the political thriller novel written by Tom Clancy in 1987, featuring Jack Ryan and later adapted into a 1992 film starring Harrison Ford?",difficulty-2,Patriot Games,Single Answer
4561,"What is the term historically tied to nobility and lineage in medieval Europe, derived from the concept of pure ancestry?",difficulty-2,Blue blood,Single Answer
4564,"Who is the lead singer of Martha and the Vandellas, known for hits like 'Dancing in the Street' and 'Heat Wave'?",difficulty-2,The Motown legend who served on the Detroit City Council,Single Answer
4567,"Which NFL team was named after its pioneering head coach and general manager, dominated the AAFC with four championships, and has no official logo on its helmets?",difficulty-2,The team named after Paul Brown,Single Answer
4570,Who is the iconic television star known for 'The Dick Van Dyke Show' and Disney films like 'Mary Poppins'?,difficulty-2,The only entertainer to win three Emmys for a groundbreaking 1960s sitcom and star in 'Mary Poppins',Single Answer
4573,"What language evolved from the Germanic dialects of the Anglo-Saxons (5th–7th centuries), was heavily influenced by Old Norse and Norman French, and is now the most geographically widespread language globally?",difficulty-2,English,Single Answer
4576,"Who were the duo that compiled Germanic folktales during the Romantic era, born in Hanau, and contributed to the Deutsches Wörterbuch?",difficulty-2,Brothers Grimm,Single Answer
4579,"What event, described as 'a gathering focused on sustainable urban development in one of America's oldest cities (founded 1649)', is centered in Annapolis, Maryland, and likely involves architects, urban planners, or policymakers?",difficulty-2,EnVISIONing Annapolis,Single Answer
4582,"What is the emblem originally belonging to Francesco Baracca, later adopted by Enzo Ferrari with a yellow background and the Scuderia Ferrari shield?",difficulty-2,The Prancing Horse,Single Answer
4585,"Which city, known as the birthplace of the Kentucky Derby, is strategically located along the Ohio River and is a major center for bourbon production?",difficulty-2,"Louisville, Kentucky",Single Answer
4588,What significant historical event occurred in the year known as 'The only city to host both Summer and Winter Olympics'?,difficulty-2,"The end of the Vietnam War (April 30, 1975), when North Vietnamese forces captured Saigon",Single Answer
4591,"What was the prominent industry body representing major Indian airlines like Air India, Jet Airways, and IndiGo before its dissolution in 2016?",difficulty-2,"The organization advocating for policy changes in Indian aviation, such as opposing high taxes on aviation fuel",Single Answer
4594,"What is the identity associated with the region that was significantly shaped by the partition of Ireland in 1921, leading to a political divide between unionist/loyalist and nationalist/republican communities?",difficulty-2,The identity tied to the partitioned region of Ireland in 1921,Single Answer
4597,Who is the Vice President of Compliance at Enron who raised concerns about questionable accounting practices before the company's collapse?,difficulty-2,Jordan Mintz,Single Answer
4600,Who was the early 20th-century African American educator and community leader in Virginia known for her advocacy for Black education during the Jim Crow era?,difficulty-2,Ida Lee Nagger,Single Answer
4603,What is the historical significance of the public housing complex in North Philadelphia named after a prominent African American civic leader?,difficulty-2,"Joseph Groome Towers is named after Joseph Groome, a key advocate for affordable housing in mid-20th century Philadelphia",Single Answer
4606,"What was the event where a suicide bomber infiltrated a CIA base in Khost Province, Afghanistan, resulting in the deadliest single-day loss for the agency since 1983?",difficulty-2,The Camp Chapman attack,Single Answer
4609,"Which renowned ballet company, founded in 1776 and based in Moscow, is known for its dramatic, technically demanding style and performances at the historic Bolshoi Theatre?",difficulty-2,"The company known for its dramatic, technically demanding style and performances at the historic Bolshoi Theatre",Single Answer
4612,"What year saw the Dutch purchase Manhattan, the death of Francis Bacon, and the beginning of Taj Mahal construction?",difficulty-2,The year when New Amsterdam was founded,Single Answer
4615,What are three key facts about the birthplace of L.S. Lowry?,difficulty-2,1. Historical Significance: It is a market town in Greater Manchester with roots dating back to the Anglo-Saxon era. 2. Geographical Landmark: It lies near the Peak District National Park and features Werneth Low. 3. Cultural Legacy: It hosts the Hyde Festival Theatre,Single Answer
4618,"What is the satirical comedy film that humorously critiques post-9/11 geopolitics, featuring a Pakistani journalist protagonist and became a cult hit despite its low budget?",difficulty-2,The film where a desperate reporter fakes an interview with a notorious figure to exploit media frenzy,Single Answer
4621,"Which game development studio, founded in 2010 and headquartered in Leamington Spa, England, is the sole developer of the *Forza Horizon* series and was acquired by Microsoft in 2018?",difficulty-2,The studio known for creating the *Forza Horizon* series and now part of Xbox Game Studios,Single Answer
4624,"Which Irish province, known for its deeply contested history due to the Plantation in the early 17th century, consists of nine counties with six forming Northern Ireland and three in the Republic of Ireland?",difficulty-2,Ulster,Single Answer
4627,Who is the co-writer of *The Last King of Scotland* (2006) that earned Forest Whitaker an Academy Award for Best Actor?,difficulty-2,The co-writer of *The Last King of Scotland* is the British screenwriter and director known for *Mrs. Brown* (1997) and directing episodes of *Silent Witness*,Single Answer
4630,"Which 1995 film features a protagonist revealed to be the elusive crime lord Keyser Söze, subverting audience expectations with an iconic twist ending?",difficulty-2,The Usual Suspects,Single Answer
4633,"Which poetry collection by Seamus Heaney, published in 1969, is deeply rooted in the Irish countryside and explores themes of rural life, darkness, and early mythological influences?",difficulty-2,The collection that delves into rural Irish life and begins Heaney's mythological exploration,Single Answer
4636,What is the title of the scientific work by Stephen Wolfram that explores the idea of simple computational rules generating complex behavior?,difficulty-2,The 2002 publication on cellular automata and computational systems,Single Answer
4639,What significant aviation milestone occurred on the day known as 'The day of the solo sky conqueror'?,difficulty-2,"Steve Fossett became the first person to complete a solo, non-stop, unrefueled circumnavigation of the globe in an airplane (Virgin Atlantic GlobalFlyer)",Single Answer
4642,"What is the naturally occurring solid aggregate of minerals, classified into three main types—igneous, sedimentary, and metamorphic?",difficulty-2,rock,Single Answer
4645,"Which group traces their origins to the Anglo-Saxon settlers of the 5th–7th centuries, forming the foundation of England’s early medieval kingdoms?",difficulty-2,The people who invented the English language,Single Answer
4648,"What is the railway hub in Egypt that historically served as a critical node connecting major rail lines between Upper Egypt, Lower Egypt, and the Suez Canal region?",difficulty-2,The railway hub with British colonial-era origins and WWII logistical importance,Single Answer
4651,"Which organization, known for developing the battle royale game that popularized the genre, was established in 2017 as a subsidiary of Bluehole (now Krafton Inc.) and is headquartered in Seoul, South Korea?",difficulty-2,PUBG Corp,Single Answer
4654,"What is the title of the 2016 documentary that follows two Iraq War veterans on a 2,700-mile walk across the U.S. to address moral injury and PTSD?",difficulty-2,Almost Sunrise,Single Answer
4657,"Which military unit, originally raised in Enniskillen, County Fermanagh (Northern Ireland) in 1689, famously fought at the Battle of Waterloo (1815) and later merged with the 108th Regiment of Foot (Madras Infantry) in 1881 to form the Royal Inniskilling Fusiliers?",difficulty-2,The regiment known for its distinctive name derived from its Ulster origins and its role in the Napoleonic Wars,Single Answer
4660,"During the decade marked by the Great Depression and the Dust Bowl, what major cultural development occurred in the entertainment industry?",difficulty-2,"The Golden Age of Hollywood, featuring the rise of 'talkies' and iconic stars like Clark Gable and Greta Garbo",Single Answer
4663,"Which American guitarist, known for his work with Fleetwood Mac from 1971–1974 and his solo hit 'Sentimental Lady', was controversially excluded from the Rock and Roll Hall of Fame induction with the band in 1998?",difficulty-2,The guitarist who reworked 'Sentimental Lady' for a Top 10 hit,Single Answer
4666,"What is the nationality of the people from the first country in the world to adopt official multiculturalism as a policy (1971), which also has the longest coastline of any country (over 202,000 km) and contains 20% of the world’s freshwater in its lakes and rivers?",difficulty-2,Canadian,Single Answer
4669,"What is the name of the town in Prince William County, Virginia, known as the 'Crossroads of the Marine Corps' and home to both the FBI Academy and Marine Corps University?",difficulty-2,Quantico,Single Answer
4672,What term originates from the name of an Italian explorer and became widely adopted after a 1776 declaration?,difficulty-2,The term linked to Vespucci's legacy,Single Answer
4675,"What is the term for a film genre that relies on primary sources like archival footage, interviews with eyewitnesses, or expert testimonies to present factual accounts of past events?",difficulty-2,documentary,Single Answer
4678,"Which film is renowned for its innovative use of deep-focus cinematography by Gregg Toland, a technique that became a defining attribute of Orson Welles’ directorial style and influenced modern filmmaking?",difficulty-2,Citizen Kane,Single Answer
4681,"Who was the German-born composer and music theorist, known for co-founding the Academy of Ancient Music in 1726, arranging *The Beggar’s Opera* in 1728, and specializing in music theory and canon law?",difficulty-2,The arranger of *The Beggar’s Opera* (1728),Single Answer
4684,What region is historically known as the 'Gateway to the West' due to its pivotal role in westward expansion in the 19th century?,difficulty-2,Greater St. Louis,Single Answer
4687,"Who is the innovative flatpicking guitarist known for revolutionizing bluegrass guitar playing with a blend of traditional bluegrass, jazz, and folk?",difficulty-2,Tony Rice,Single Answer
4690,"What is the standard ABV for vodka in the EU and U.S., derived from British naval traditions and often labeled as '80 proof'?",difficulty-2,40% alcohol by volume,Single Answer
4693,"What is the term often used in U.S. political discourse to refer to potential new states, such as Puerto Rico or Washington, D.C., which have explored statehood, and also metaphorically describes regions perceived as heavily influenced by American culture?",difficulty-2,51st State,Single Answer
4696,"What year saw the tragic events of 9/11, the invasion of Afghanistan, and the launch of Wikipedia?",difficulty-2,2001,Single Answer
4699,"In the year when NASA launched the Voyager 1 and Voyager 2 spacecraft, what significant event occurred in Djibouti and what major film premiered?",difficulty-2,"Djibouti gained independence from France, and Star Wars: Episode IV – A New Hope premiered",Single Answer
4702,What is the name of the concert venue in Manhattan’s Midtown West that was originally built in 1926 as part of the Steinway & Sons piano company's headquarters and later transitioned to hosting avant-garde performances?,difficulty-2,Le Poisson Rouge,Single Answer
4705,"What is the genus of flowering plants in the family Colchicaceae, native to Australia, known for its grass-like leaves and small, star-shaped white or pink flowers?",difficulty-2,The genus with grass-like leaves and star-shaped flowers in Colchicaceae,Single Answer
4708,"Who is the Brazilian footballer known for his creativity, dribbling, and long-range shooting, who transferred to FC Barcelona in 2018 for €160 million?",difficulty-2,Philippe Coutinho Correia,Single Answer
4711,"What is the name of the Disney-produced IMAX documentary that chronicles NASA's Mars Exploration Rover mission, blending real footage with CGI to depict the rovers' journey and discoveries?",difficulty-2,Roving Mars,Single Answer
4714,What is the historical identity of the broadcasting network spun off from NBC in 1943?,difficulty-2,The Blue Network,Single Answer
4717,"Which 2007 film, known for its improvisational comedy style and set in Los Angeles, helped launch the careers of Seth Rogen, Jonah Hill, Jay Baruchel, and Jason Segel?",difficulty-2,The improvisational comedy set in Los Angeles with a breakout ensemble cast,Single Answer
4720,What is the capital of Comoros known for being near one of the world's largest active shield volcanoes?,difficulty-2,The city near Mount Karthala,Single Answer
4723,Who was the legendary bluegrass fiddler known for his tenure with Ralph Stanley & The Clinch Mountain Boys from 1952 to 1993?,difficulty-2,The prominent fiddler in bluegrass music with a comedic stage presence,Single Answer
4726,Who was the Prussian cavalry officer involved in the infamous duel that resulted in the death of Hans Karl von Winterfeldt?,difficulty-2,The Rittmeister from the von Brodowski noble family,Single Answer
4729,"What is the only U.S. state to have been part of Mexico until the Treaty of Guadalupe Hidalgo (1848), later experiencing a Gold Rush that transformed it into an economic hub?",difficulty-2,The Golden State,Single Answer
4732,"Which prefecture-level city in Shaanxi Province, known for its significant role in the ancient Tea-Horse Trade routes and modern production of Gastrodia elata, is located in the Qinba Mountains and traversed by the Han River?",difficulty-2,Ankang,Single Answer
4735,"What is the genus of flowering plants in the Amaryllidaceae family, native to the Andean regions of South America, particularly Peru and Ecuador, known for its striking, fragrant white flowers?",difficulty-2,The fragrant white-flowered Andean genus,Single Answer
4738,Which airport was renamed in 1948 to honor a controversial senator and features slot machines in its terminals?,difficulty-2,McCarran International Airport,Single Answer
4741,What is the genus of flowering plants in the family Rubiaceae that includes species like Firecracker Vine?,difficulty-2,Manettia,Single Answer
4744,What are three unique aspects of the only people whose nation was founded on Enlightenment-era principles explicitly outlined in written documents like the Declaration of Independence (1776) and the U.S. Constitution (1787)?,difficulty-2,"Historical Identity, Geographical Identity, Professional Identity",Single Answer
4747,"What is a unique attribute of the NORP known for pioneering sponge-diving in Tarpon Springs, Florida?",difficulty-2,"The only NORP to pioneer sponge-diving in Tarpon Springs, Florida",Single Answer
4750,"Which island nation is the lowest-lying country in the world, with an average ground level of just 1.5 meters above sea level?",difficulty-2,The Maldives,Single Answer
4753,"What was the political party founded in 1920 in Munich, Germany, that became notorious for its extremist ideology and was led by Adolf Hitler from 1921?",difficulty-2,The National Socialist German Workers' Party,Single Answer
4756,"Who founded the retail chain that became one of the first major U.S. music retailers, originating in Manhattan in 1951?",difficulty-2,The founder of the pioneering music retail chain,Single Answer
4759,"What term originates from Amerigo Vespucci, refers to people from the United States, and is associated with the 'American Dream'?",difficulty-2,American,Single Answer
4762,What is the only European capital that has been destroyed and rebuilt 44 times?,difficulty-2,Belgrade,Single Answer
4765,"Which NASCAR team was co-founded by Troy Aikman and Roger Staubach, had a technical alliance with Joe Gibbs Racing, and operated from 2006 to 2009?",difficulty-2,The NASCAR team co-founded by NFL legends Troy Aikman and Roger Staubach,Single Answer
4768,"What was the name of the California state-run health insurance initiative established in 1997 as part of SCHIP, which was later integrated into Medi-Cal in 2013?",difficulty-2,The program that bridged children's healthcare coverage before Medi-Cal expansion,Single Answer
4771,Who was the founder of the African Blood Brotherhood (ABB)?,difficulty-2,The advocate for a separate Black nation in the U.S,Single Answer
4774,"Who is the longtime NPR host who co-hosted Morning Edition for over a decade, won a Peabody Award for Afghanistan coverage, and has strong California roots?",difficulty-2,The longtime NPR host who co-hosted Morning Edition for over a decade,Single Answer
4777,"Which Japanese entertainment company, known for pioneering iconic video game franchises like *Metal Gear Solid* and *Castlevania*, also operates in health and fitness, trading card games, and pachinko/slot machines?",difficulty-2,Konami,Single Answer
4780,"What was the name of the Japanese passenger-cargo ship that was torpedoed by the USS Bowfin on August 22, 1944, resulting in a significant loss of civilian lives, particularly from Okinawa?",difficulty-2,The vessel memorialized in Okinawa's Tsushima Maru Memorial Museum,Single Answer
4783,"Which city, known as the 'Hollywood of the South', is the birthplace of Martin Luther King Jr. and home to the world's busiest airport by passenger traffic since 1998?",difficulty-2,"Atlanta, Georgia",Single Answer
4786,"Which American actress, known for her role in *Aquaman* (2018) and her legal disputes with Johnny Depp, shares her name with a historic town in Rajasthan and fossilized tree resin used in jewelry?",difficulty-2,Amber Heard,Single Answer
4789,"What is the name of the hip-hop collective and record label founded by rapper $ki Mask 'The Slump God' in Florida, known for blending trap, punk, and horrorcore?",difficulty-2,The underground SoundCloud rap collective founded by $ki Mask 'The Slump God',Single Answer
4792,"What is the name derived from Latin *bellus* meaning 'beautiful,' associated with figures like a prominent U.S. congresswoman and feminist activist, and famously tied to the protagonist of Stephenie Meyer’s *Twilight* series?",difficulty-2,Bella,Single Answer
4795,"Which nationality was responsible for establishing the world's first multinational corporation, the Dutch East India Company (VOC), in the 17th century?",difficulty-2,The people of the Low Countries,Single Answer
4798,"Which Australian garage rock revival band, known for their explosive debut album *Highly Evolved* and hit single *Get Free*, faced significant instability due to their frontman's personal struggles?",difficulty-2,The Vines,Single Answer
4801,"What was the original backing band formed by legendary musician Ike Turner in the late 1940s in Clarksdale, Mississippi, known for recording *Rocket 88* (1951)?",difficulty-2,The group behind one of the first rock and roll records,Single Answer
4804,Who was the Irish modernist writer known for 'Ulysses' and 'Finnegans Wake'?,difficulty-2,James Joyce,Single Answer
4807,Which NORP group is associated with the Declaration of Independence (1776) and spans six time zones?,difficulty-2,The nation of immigrants,Single Answer
4810,"What was the main entry point into Moscow’s fortified Kitay-Gorod wall during the 16th–18th centuries, which also inspired a beloved Soviet-era film and TV miniseries set in 1950s Moscow?",difficulty-2,The key defensive and trade passage linking the city center with important eastern routes,Single Answer
4813,"Who was the founder of the Canadian Film Centre (CFC) in 1988, known for directing socially conscious films like *In the Heat of the Night* and *Moonstruck*?",difficulty-2,The acclaimed Canadian filmmaker who established the Canadian Film Centre (CFC),Single Answer
4816,What is the cardinal range that includes the number of original U.S. colonies and the jersey number famously worn by Peyton Manning?,difficulty-2,13–18,Single Answer
4819,"What is the historical origin, geographical spread, and professional dominance of the Germanic language with significant Romance vocabulary?",difficulty-2,"The Germanic language with significant Romance vocabulary evolved from Old English, is official in over 60 countries, and dominates fields like science and diplomacy",Single Answer
4822,"What is the title of the artistic work classified as a WORK_OF_ART that implies a fusion of classical and symbolic elements, possibly reflecting avant-garde movements or religious traditions reimagined through a monochromatic lens?",difficulty-2,Requiem in White,Single Answer
4825,"What is the name of the historic frontier military post in Texas that was established to protect settlers, mail coaches, and freight wagons on the San Antonio-El Paso Road from Apache and Comanche raids?",difficulty-2,The guardian outpost of the Davis Mountains,Single Answer
4828,"Who is the author known for the 'Warlock of Gramarye' series, with a Ph.D. in Theater and a long teaching career at Montclair State University?",difficulty-2,Christopher Stasheff,Single Answer
4831,"What is the traditional English folk tune often associated with Morris dancing and folk revival movements, dating back to the 19th century and recorded by artists like Cecil Sharp?",difficulty-2,Green Bushes,Single Answer
4834,"Which U.S. state, known for having both the highest and lowest points in the contiguous U.S., is also home to Silicon Valley and was rapidly admitted to the Union in 1850 due to the Gold Rush?",difficulty-2,California,Single Answer
4837,"What year marked the launch of the first artificial satellite, Ghana's independence, and the testing of the first operational ICBM?",difficulty-2,1957,Single Answer
4840,What is the name of the peak in the Alaska Range that honors a geologist known for his work with the U.S. Geological Survey (USGS) in Alaska?,difficulty-2,Pete Mount,Single Answer
4843,"What is the devotional book known for its emphasis on repetitive prayer routines, published in early 20th-century Europe?",difficulty-2,A Thousand Times a Day,Single Answer
4846,"Which pioneering Japanese filmmaker, born in Tokyo in 1898 and later associated with Kyoto's film industry, was known for his meticulous long-take compositions and feminist themes, and won the Silver Lion at the Venice Film Festival for *Ugetsu Monogatari*?",difficulty-2,The director of *Ugetsu Monogatari* and *The Life of Oharu*,Single Answer
4849,"Who is the former television actor turned Union Minister for Women & Child Development in India, known for defeating Rahul Gandhi in Amethi?",difficulty-2,The actor who played Tulsi Virani in 'Kyunki Saas Bhi Kabhi Bahu Thi',Single Answer
4852,Who is the co-founder of The Honest Company and starred in *Dark Angel* and *Fantastic Four*?,difficulty-2,Jessica Marie Alba,Single Answer
4855,"Who is the Norwegian journalist and author known for her investigative work, particularly for co-authoring 'Den onde viljen' and contributing to the exoneration of Viggo Kristiansen?",difficulty-2,The co-author of 'Den onde viljen',Single Answer
4858,"Which organization, founded in 1951 in Highlands, North Carolina, specialized in promoting avant-garde and outsider literature, art, and folk culture, particularly from the American South?",difficulty-2,The publisher of works by James Hampton and Lorine Niedecker,Single Answer
4861,Which organization was founded in 1863 in Switzerland to provide humanitarian aid during wartime?,difficulty-2,The global humanitarian network,Single Answer
4864,"Which year was marked by Muhammad Ali lighting the Olympic cauldron at the Summer Games, saw the inauguration of the Dubai World Trade Centre Tower, and witnessed the founding of Google by Larry Page and Sergey Brin?",difficulty-2,1996,Single Answer
4867,"Which British filmmaker is known for his fast-paced, stylized crime films with nonlinear storytelling and sharp dialogue, directed *Sherlock Holmes* (2009), and was a key figure in the late 1990s British crime-comedy revival?",difficulty-2,"The director of *Lock, Stock and Two Smoking Barrels* (1998)",Single Answer
4870,Who is the Belgian cybersecurity expert and co-founder of NVISO Labs known for speaking at major security conferences?,difficulty-2,The ethical hacking specialist from Belgium,Single Answer
4873,"What genre traces its origins to silent-era slapstick (early 1900s), pioneered by figures like Charlie Chaplin and Buster Keaton?",difficulty-2,The genre that blends laughter with exaggerated situations and wit,Single Answer
4876,Who is the Academy Award-winning director of *Argo* who also played Batman in the DCEU?,difficulty-2,Ben Affleck,Single Answer
4879,"Which British artist, known for works like 'The Golden Stairs' and collaboration with William Morris, was the first to receive a hereditary baronet title from Queen Victoria?",difficulty-2,The leading Pre-Raphaelite figure who co-founded Morris & Co,Single Answer
4882,Who was the Dutch ethologist and ornithologist who shared the 1973 Nobel Prize in Physiology or Medicine with Konrad Lorenz and Karl von Frisch for discoveries in animal behavior?,difficulty-2,The Nobel laureate who pioneered Fixed Action Patterns (FAPs),Single Answer
4885,What significant event occurred on the day when the first prime-time animated series debuted?,difficulty-2,Fidel Castro publicly aligned Cuba with the Soviet Union at the UN General Assembly,Single Answer
4888,"Which 17th-century French playwright, known as the founding figure of French comedy, enjoyed the patronage of Louis XIV and died during a performance of *The Imaginary Invalid*?",difficulty-2,The founding figure of French comedy,Single Answer
4891,"Who is the 'Coal Miner’s Daughter' born in Butcher Hollow, Kentucky (1932), known for breaking barriers in country music with songs like 'The Pill' and becoming a member of the Grand Ole Opry in 1962?",difficulty-2,Loretta Lynn,Single Answer
4894,"Which landlocked Alpine country was the heart of the Habsburg Monarchy (1278–1918) and is renowned for its classical music tradition, being the birthplace or workplace of composers like Mozart (Salzburg), Beethoven (Vienna), and Haydn (Eisenstadt)?",difficulty-2,Austria,Single Answer
4897,Who is the green-furred cave-dweller from Mount Crumpit who despises Christmas?,difficulty-2,The Grinch,Single Answer
4900,"Which Oscar-winning director and screenwriter, born in Reno, Nevada and raised in Detroit, Michigan, is best known for films like *L.A. Confidential* and *8 Mile*?",difficulty-2,The director of *L.A. Confidential* and *8 Mile*,Single Answer
4903,"What is the name of the high-altitude city in Bolivia near La Paz, sitting at approximately 4,150 meters (13,615 feet) above sea level, making it one of the highest major urban centers in the world?",difficulty-2,El Alto,Single Answer
4906,"What is the name of the award first given in 1949 by the Academy of Television Arts & Sciences (ATAS) at the Hollywood Athletic Club in Los Angeles, named after the 'Immy' (Image Orthicon Tube), and governed by three distinct sister organizations including ATAS, NATAS, and IATAS?",difficulty-2,Emmy Award,Single Answer
4909,Who is the distinguished American journalist best known for her long tenure as a co-host of NPR’s *Morning Edition*?,difficulty-2,The voice behind NPR’s *Morning Edition* for over 30 years,Single Answer
4912,"What nationality is characterized by dual citizenship dynamics, geographical concentration in border regions, and notable professional contributions in entertainment and STEM fields?",difficulty-2,The nationality with shared North American identity and cross-border cultural influences,Single Answer
4915,"What was the political entity formed by the union of the Kingdom of England and the Kingdom of Scotland in 1707, which later became a dominant maritime and imperial power?",difficulty-2,The political entity formed by the union of the Kingdom of England and the Kingdom of Scotland in 1707,Single Answer
4918,"What is the name of the cricket league founded in 1892, based primarily in Lancashire, England, and known for employing overseas professional players like Viv Richards and Curtly Ambrose?",difficulty-2,Lancashire League,Single Answer
4921,Who is the communications director for former New York City First Lady Chirlane McCray during Mayor Bill de Blasio’s administration?,difficulty-2,The crisis management expert who represented the family of Eric Garner,Single Answer
4924,"Which musician, known for being the founding member of Foo Fighters and former drummer of Nirvana, was inducted into the Rock & Roll Hall of Fame twice?",difficulty-2,Dave Grohl,Single Answer
4927,"Who is the protagonist of *The Adventures of Tom Sawyer* (1876) by Mark Twain, known for his mischievous yet clever spirit of youth and adventures along the Mississippi River?",difficulty-2,The whitewashing trickster of St. Petersburg,Single Answer
4930,What is the name of the geographical anomaly in Minnesota that is accessible by land only through Canada due to a mapping error in the 1783 Treaty of Paris?,difficulty-2,The Northwest Angle,Single Answer
4933,"Which author, known for his espionage novels, drew from his experience as a British intelligence officer during the Cold War?",difficulty-2,The author of *The Spy Who Came in from the Cold*,Single Answer
4936,"What is the name of the Canadian animated television series that aired on Teletoon from 2009 to 2012, known for its satirical take on genetic engineering and produced by Smiley Guy Studios in Toronto?",difficulty-2,Spliced,Single Answer
4939,"What is the only cobra species native to Central Asia, primarily found near the Amu Darya (Oxus River)?",difficulty-2,The venomous serpent known for its neurotoxic bite and historical ties to Persian lore,Single Answer
4942,"What is the name of the historic soccer-specific stadium in Portland, Oregon that is the oldest in the U.S. and home to both Portland Timbers (MLS) and Portland Thorns FC (NWSL)?",difficulty-2,The stadium with the iconic 'KeyBank Club' section built atop an old grandstand,Single Answer
4945,Who is the Jordanian historian specializing in Umayyad Caliphate studies and manuscript analysis?,difficulty-2,The Jordanian historian specializing in Umayyad Caliphate studies and manuscript analysis,Single Answer
4948,"What is the genus of flowering plants in the Acanthaceae family known for its large, striking leaves and vibrant purple or blue flowers?",difficulty-2,Brillantaisia,Single Answer
4951,"Which actress is best known for playing Gina Srattford in the 1990s sitcom Herman's Head, had a recurring role as Kai Opaka in Star Trek: Deep Space Nine, and voiced Jenny Wakeman/XJ-9 in My Life as a Teenage Robot?",difficulty-2,The actress who portrayed Joy in Herman's Head,Single Answer
4954,"What is the historical, geographical, and professional identity of the birthplace of Association Football (soccer)?",difficulty-2,"The birthplace of Association Football (soccer) is home to the world’s oldest parliamentary system, the White Cliffs of Dover, and the Premier League",Single Answer
4957,Which British-American actor gained fame for playing James Whistler in *Prison Break* and Frank Martin in *Transporter: The Series*?,difficulty-2,The actor known for these roles is the same person who starred in *The Secret Rapture* and *The Importance of Being Earnest* on London's West End,Single Answer
4960,Which fictional elementary school is famously attended by Bart and Lisa Simpson in a long-running animated TV series?,difficulty-2,Springfield Elementary School,Single Answer
4963,Who was the NCAA Doubles Champion in 1994 alongside Chris Woodruff?,difficulty-2,The doubles specialist who reached a career-high ranking of No. 18 in 2001,Single Answer
4966,Who is the creator of the *Mitford Series* and known for late-career literary success?,difficulty-2,The author who published *At Home in Mitford* at age 57 after leaving advertising,Single Answer
4969,"What film, directed by Catherine Hardwicke, depicts the biblical account of the birth of Jesus Christ and was filmed in Matera, Italy, and Ouarzazate, Morocco?",difficulty-2,The Nativity Story,Single Answer
4972,"What is the winery located in the Abruzzo region of Italy, known for its high-quality Montepulciano grapes and sustainable viticulture practices?",difficulty-2,The winery founded in 1990 that elevated Abruzzo’s winemaking reputation with organic practices,Single Answer
4975,What is the name of the 17th-century protest song that mocked the Catholic Duke of York and later became the BBC World Service's interval signal?,difficulty-2,The satirical anthem adopted by the BBC for decades,Single Answer
4978,"Who is the director known for pioneering British New Wave Cinema, receiving two Best Director Oscar nominations, and showcasing versatility across genres?",difficulty-2,Stephen Frears,Single Answer
4981,"Which Swedish musician, born on April 25, 1945, in Gothenburg, is a co-founder of ABBA and co-wrote hits like 'Dancing Queen' and 'Mamma Mia'?",difficulty-2,The co-founder of ABBA who co-wrote 'Dancing Queen' and 'Mamma Mia',Single Answer
4984,"What medium, known for blending 'iPod' and 'broadcast', emerged in the early 2000s and was popularized by Adam Curry and Dave Winer?",difficulty-2,podcast,Single Answer
4987,"Which higher education institution in the UAE is located in the only emirate with a coastline exclusively on the Gulf of Oman, emphasizing applied sciences and vocational training?",difficulty-2,Fujairah College,Single Answer
4990,What are three specific factual attributes about the educational institution named after a prominent lake in the Belgrade Lakes region?,difficulty-2,"1. Geographical Setting – Located in Oakland, Maine, the school is named after a nearby lake, reflecting the area's Indigenous heritage. 2. Athletic & Mascot Identity – The school’s mascot is the Eagle, and its athletic teams compete in Class B of the Maine Principals' Association (MPA). 3. Educational Partnerships – The institution is part of Regional School Unit (RSU) 18 and collaborates with the Mid-Maine Technical Center (MMTC)",Single Answer
4993,What musical instrument is known for its use of a broken bottleneck or metal slide to create glissando notes?,difficulty-2,slide guitar,Single Answer
4996,"Which former MLB player and manager, known for being a pioneering designated hitter and managing the Kansas City Royals and Tampa Bay Devil Rays, had a 19-year playing career primarily with the Cincinnati Reds and Kansas City Royals from 1968 to 1987?",difficulty-2,Hal McRae,Single Answer
4999,"What title combines rulership with combat expertise, leading armies directly and embodying the dual role of sovereign and military strategist?",difficulty-2,The Conqueror Monarch,Single Answer
5002,"Which fictional Bengal tiger, known for being the primary antagonist in Rudyard Kipling's *The Jungle Book* (1894), is intrinsically linked to the jungles of India and described as lame due to a crippled leg?",difficulty-2,Shere Khan,Single Answer
5005,"Which country is home to Indigenous peoples who have inhabited the land for thousands of years, with distinct cultures like the Inuit, Métis, and First Nations, and was officially formed in 1867 through Confederation?",difficulty-2,The land of maple syrup,Single Answer
5008,"What is the world's oldest continuously used national flag, recognized for its origins in the Battle of Lyndanisse on June 15, 1219, featuring a white Scandinavian cross on a red background?",difficulty-2,Dannebrog,Single Answer
5011,Who is the first Black female billionaire in U.S. history?,difficulty-2,The first Black female billionaire in U.S. history,Single Answer
5014,"Who is the physics professor known for the 'Sokal Affair', where he submitted a deliberately nonsensical paper to *Social Text* in 1996?",difficulty-2,Alan Sokal,Single Answer
5017,"What was the first major engagement on the Western Front in World War I, involving a strategic fortress city at the confluence of the Meuse River and key rail lines, where unprecedented German siege tactics including Big Bertha howitzers were first used?",difficulty-2,The event where Germany's industrial-era siege warfare overwhelmed a ring of 12 supposedly impregnable forts,Single Answer
5020,"What was the name of the 1569 agreement that merged the Kingdom of Poland and the Grand Duchy of Lithuania into a single state, creating one of the largest political entities in early modern Europe?",difficulty-2,The pivotal 1569 pact uniting two major Eastern European powers,Single Answer
5023,"Who is the pioneering female director recognized as one of South Korea’s first major female film directors, breaking gender barriers in the male-dominated industry during the 1970s–1980s?",difficulty-2,Lee Doo-yong,Single Answer
5026,Which historically Black university in West Baltimore is named after a pioneering African American educator and abolitionist?,difficulty-2,The institution named after Fanny Jackson Coppin,Single Answer
5029,Who is the acclaimed American documentary director and producer known for films like 'How to Dance in Ohio' and 'This Is Home'?,difficulty-2,Alexandra Shiva,Single Answer
5032,"What television show premiered on September 17, 2002, on ABC, centered around a father navigating parenthood with his teenage children, and faced a tragic cast transition when its lead actor died suddenly during production?",difficulty-2,The family sitcom set in Michigan but filmed in California,Single Answer
5035,What term originates from the name of an Italian explorer whose maps helped distinguish the Americas as a separate continent from Asia?,difficulty-2,The term tied to Amerigo Vespucci's contributions,Single Answer
5038,What is the name of the phenomenon discovered by physicist Max Wien in 1928 that describes the increased dissociation of weak electrolytes under high electric fields?,difficulty-2,Wien effect,Single Answer
5041,Who was the Oglala Lakota chief known as Wašíčuŋ Tȟašúŋke and a key signatory of the Fort Laramie Treaty of 1868?,difficulty-2,The Lakota leader who resisted U.S. encroachment and secured tribal lands in the 1868 treaty,Single Answer
5044,"Which Chinese province, known as the birthplace of Mao Zedong, is famous for its spicy cuisine and the stunning Zhangjiajie National Park?",difficulty-2,Hunan Province,Single Answer
5047,"Which Mississippi city is the county seat of Jones County, known for its resistance to the Confederacy during the Civil War and home to Jones College?",difficulty-2,Ellisville,Single Answer
5050,"Which accomplished Indian pianist and keyboardist, known for collaborations with Louis Banks, Zakir Hussain, and Ricky Kej, has also composed music for Malayalam films like 'Pranayam'?",difficulty-2,Stephen Devassy,Single Answer
5053,"Which county-level city in Anhui Province, known for its agricultural output and connection to Emperor Hongwu, shares its name with the 'Bright Light'?",difficulty-2,Mingguang,Single Answer
5056,"Which South African institution, known as the oldest university in the country and the second-oldest extant university after the University of Cape Town, was founded in 1866 and originally established as the Stellenbosch Gymnasium?",difficulty-2,Stellenbosch University,Single Answer
5059,"What is the creamy, dessert-style cocktail made with brandy, crème de cacao, and heavy cream, typically garnished with nutmeg?",difficulty-2,Brandy Alexander,Single Answer
5062,"Who is the acclaimed American fashion photographer known for his iconic work with brands like Calvin Klein, Ralph Lauren, and Abercrombie & Fitch, and who directed the documentary *Let’s Get Lost* about Chet Baker?",difficulty-2,"The acclaimed American fashion photographer known for his iconic work with brands like Calvin Klein, Ralph Lauren, and Abercrombie & Fitch, and who directed the documentary *Let’s Get Lost* about Chet Baker",Single Answer
5065,What is the nickname of the pioneering rock and roll musician who died in a plane crash in 1959 and had hits like 'Peggy Sue' and 'That’ll Be the Day'?,difficulty-2,Buddy,Single Answer
5068,What is the only U.S. city home to both Hollywood and the San Gabriel Mountains?,difficulty-2,Los Angeles,Single Answer
5071,"What is the only continent to span from Arctic tundra to tropical rainforests, featuring unique biomes like the Great Plains and Rocky Mountains?",difficulty-2,North America,Single Answer
5074,Who is the Italian professional Latin dancer and choreographer known for winning multiple World Latin Dance Championship titles?,difficulty-2,Riccardo Cocchi,Single Answer
5077,"What year saw the Six-Day War, the formation of ASEAN, and the first successful human heart transplant?",difficulty-2,1967,Single Answer
5080,"Which NHL team, known for its high-altitude home arena and immediate Stanley Cup victory after relocation, originated as the Quebec Nordiques?",difficulty-2,The team that rebranded as the Avalanche after moving to Denver in 1995,Single Answer
5083,Who is the pioneer of Hong Kong New Wave Cinema known for directing *Zu: Warriors from the Magic Mountain* (1983) and founding Film Workshop in 1984?,difficulty-2,Tsui Hark,Single Answer
5086,"What is the term for beers brewed by monks within their monasteries, following strict guidelines set by the International Trappist Association (ITA)?",difficulty-2,Trappist,Single Answer
5089,"What is the first major U.S. television film to depict the catastrophic effects of a nuclear war, which aired at the height of Cold War tensions and influenced public debate on nuclear disarmament?",difficulty-2,The Day After,Single Answer
5092,Who was the first Black woman to direct a feature-length film in the silent era?,difficulty-2,The director of *A Woman’s Error* (1922),Single Answer
5095,"What was the conservative American political magazine founded in 1995 by William Kristol and Fred Barnes, known for its neoconservative advocacy and based in Washington, D.C., which ceased publication in 2018?",difficulty-2,The only conservative magazine founded by Kristol and Barnes in 1995 that closed in 2018,Single Answer
5098,"Which nationality's historical identity was shaped by declaring independence from Great Britain on July 4, 1776, leading to the formation of a democratic republic?",difficulty-2,The land of the free,Single Answer
5101,Who was the illegitimate heir to the Marquess of Hertford known for amassing the Wallace Collection and funding public drinking fountains in Paris?,difficulty-2,The illegitimate heir to the Marquess of Hertford,Single Answer
5104,"What nationality is associated with late 19th and early 20th-century migration waves, significant communities in urban centers like New York City, and notable contributions in fields such as science and Hollywood?",difficulty-2,Austrian-American,Single Answer
5107,What is the title of the book written by Michael Denton in 1985 that critiques neo-Darwinian evolutionary theory and became influential in the intelligent design movement?,difficulty-2,The 1985 critique of neo-Darwinism by an Australian biochemist,Single Answer
5110,"What is the name of the professional American football team based in Kansas City, Missouri, known for their passionate fanbase called the 'Chiefs Kingdom' and their record-breaking loud stadium?",difficulty-2,The team with the loudest outdoor stadium roar (142.2 dB in 2014),Single Answer
5113,Who is the musical storyteller from the city that birthed trap music?,difficulty-2,"An American rapper from Atlanta, Georgia",Single Answer
5116,"What was the name of the non-championship Formula One event held at Silverstone Circuit in 1950, organized by the British Racing Drivers' Club (BRDC), where Giuseppe Farina won in an Alfa Romeo 158?",difficulty-2,1950 BRDC International Trophy,Single Answer
5119,"What is the only calendar reform that skipped 10 days to correct drift, introduced in 1582?",difficulty-2,Gregorian calendar,Single Answer
5122,What is the name of the world's largest permanent light and sound show launched in 2004 to celebrate Hong Kong’s vibrancy and global stature?,difficulty-2,The Guinness World Record-holding harbor illumination spectacle,Single Answer
5125,"Who is the high-profile defense attorney known for representing celebrities like Michael Jackson, Winona Ryder, and Chris Brown?",difficulty-2,Mark Geragos,Single Answer
5128,"Which town in Greater Manchester, England, was historically shaped by its industrial roots, particularly in coal mining and chemical production, and is home to the Carrington Power Station?",difficulty-2,The town with the Partington Steel & Iron Company legacy,Single Answer
5131,"What is the only year in the 21st century where a Jesuit became Pope, a catastrophic typhoon struck the Philippines, and a major whistleblower exposed global surveillance?",difficulty-2,2013,Single Answer
5134,"Who is the designer with over 700 published games, a PhD in Mathematics, and creator of Tigris & Euphrates?",difficulty-2,Reiner Knizia,Single Answer
5137,"Which institution was among the first liberal arts colleges in the U.S. to implement a need-blind admissions policy in 1984, is a member of the 'Little Ivies', and is home to the Emily Dickinson Museum?",difficulty-2,The first liberal arts college in the U.S. to adopt need-blind admissions in 1984,Single Answer
5140,"What is the title of the third book in *The Inheritance Cycle*, which means 'fire' in the fictional Ancient Language and debuted at #1 on *The New York Times* Best Seller list?",difficulty-2,Brisingr,Single Answer
5143,"What term is tied to the first modern democratic republic founded on Enlightenment principles, spans six time zones, and pioneered Silicon Valley’s tech revolution?",difficulty-2,American,Single Answer
5146,"Which collegiate athletic organization adopted its name in 1922, inspired by the Chasseurs Alpins, a French military unit known as 'les Diables Bleus'?",difficulty-2,Duke Blue Devils,Single Answer
5149,What plant group is characterized by areoles and is native almost exclusively to the Americas?,difficulty-2,The spiny water-storers with specialized growth structures,Single Answer
5152,"Who is the lyricist known for writing 'Emosanal Attyachar' and 'Channa Mereya', and also sang 'Pardesi'?",difficulty-2,Amitabh Bhattacharya,Single Answer
5155,"What is the name of the first German reality TV singing competition that premiered in 2002, was produced by RTL, and launched the careers of Alexander Klaws and Mark Medlock?",difficulty-2,Deutschland sucht den Superstar,Single Answer
5158,What is the historical context of the film that follows a struggling Seoul taxi driver who unwittingly becomes involved in the Gwangju Uprising?,difficulty-2,"The film depicts the Gwangju Uprising (May 1980), a pro-democracy movement in South Korea where civilians were brutally suppressed by the military government",Single Answer
5161,"What is the name of the U.S. music chart that was first published on August 4, 1958, combining single sales, radio airplay, and jukebox plays to create the first comprehensive music popularity chart?",difficulty-2,The chart that revolutionized music ranking in 1958,Single Answer
5164,"Who was the bassist and co-lead vocalist for the rock band Chicago from 1967 to 1985, known for hits like '25 or 6 to 4' and 'If You Leave Me Now'?",difficulty-2,The Grammy-winning artist behind 'Glory of Love',Single Answer
5167,What are three unique attributes of the land of precision watchmaking?,difficulty-2,1. Neutrality & Diplomacy 2. Multilingual & Federal Structure 3. Alpine Geography & Precision Engineering,Single Answer
5170,What is the unique significance of the number that equals the elevation of Mount Temple in the Canadian Rockies?,difficulty-2,"8,777 feet",Single Answer
5173,What is the unique attribute of the first group of individuals to host MTV's music video programming?,difficulty-2,"The first group included Nina Blackwood, Mark Goodman, Alan Hunter, J.J. Jackson, and Martha Quinn, debuting on August 1, 1981",Single Answer
5176,"What year saw Pluto's reclassification as a dwarf planet, Montenegro's independence, and Twitter's launch?",difficulty-2,2006,Single Answer
5179,"Which NORP group was historically associated with the largest empire in history by 1922, spanning nearly a quarter of the world's landmass?",difficulty-2,The maritime pioneers,Single Answer
5182,"What is the name of the band formed in 1996 as part of the Elephant 6 Recording Company, known for theatrical performances and originating from Athens, Georgia?",difficulty-2,The band named after a failed romance in Montreal,Single Answer
5185,"What is the name of the hydroelectric dam completed in 1912 by the East Tennessee Power Company, located on the Watauga River in Carter County, Tennessee, and notable for its concrete gravity-arch design?",difficulty-2,The dam completed in 1912 by the East Tennessee Power Company on the Watauga River,Single Answer
5188,What is the name of the U.S. passenger rail service created in 1971 by the Rail Passenger Service Act to consolidate failing private passenger rail services?,difficulty-2,Amtrak,Single Answer
5191,"Who is the Jnanpith Award-winning Kannada writer born in 1902 in Hirekodige (Udupi district), known for blending folklore, philosophy, and social critique in works like 'Mookajjiya Kanasugalu'?",difficulty-2,The only Jnanpith laureate from coastal Karnataka who pioneered ecological activism alongside literature,Single Answer
5194,"Which individual, known as the first Labour Party leader to win three general elections in a row (1997–2007), also rebranded the Labour Party as 'New Labour' and played a key role in the 1998 Good Friday Agreement?",difficulty-2,Tony Blair,Single Answer
5197,"What is the urban core area known for its high concentration of corporate offices, financial institutions, and professional services, historically emerging near transportation hubs like ports or railways?",difficulty-2,The only city district to typically feature the highest land values and densest infrastructure in a metropolis,Single Answer
5200,"Which character from M*A*S*H, known for being a rigid and incompetent surgeon during the Korean War, held the rank of Major in the U.S. Army Medical Corps?",difficulty-2,The hypocritical moralizer at the 4077th MASH,Single Answer
5203,"Which Danish town is home to the Faxe Kalkbrud, a limestone quarry rich in fossils from the Danian Age?",difficulty-2,The limestone-mining hub of Zealand,Single Answer
5206,What is the first fully computer-designed airliner?,difficulty-2,The Boeing 777,Single Answer
5209,"Which British radio station, known for its highbrow programming and historical legacy since 1967, uniquely broadcasts the Daily Service and evolved from the BBC Home Service?",difficulty-2,The primary speech-based network of the BBC featuring *The Archers* and *The News Quiz*,Single Answer
5212,Which historical gold mining region in British Columbia was a major producer during the Cariboo Gold Rush and later the Bridge River Gold Rush?,difficulty-2,The region known for its significant gold production during the Cariboo Gold Rush and Bridge River Gold Rush,Single Answer
5215,Who was the artist behind 'The Kiss' and a founding member of the Vienna Secession?,difficulty-2,The master of golden symbolism in early 20th-century Vienna,Single Answer
5218,"What is the name of the Jewish day school in Adelaide, South Australia, that was founded in 1949 and is the only one of its kind in the region?",difficulty-2,Immanuel College,Single Answer
5221,What book co-written by Jim Lovell and Jeffrey Kluger recounts the Apollo 13 mission and inspired the 1995 film 'Apollo 13'?,difficulty-2,The book co-written by Jim Lovell and Jeffrey Kluger that recounts the Apollo 13 mission and inspired the 1995 film 'Apollo 13' is *Lost Moon: The Perilous Voyage of Apollo 13*,Single Answer
5224,What is the streaming platform that was first introduced in 2007 and later evolved into a tvOS-based platform with its own App Store?,difficulty-2,The streaming platform deeply integrated with Apple's ecosystem,Single Answer
5227,"Which nationality or ethnic identity traces its origins to a mix of ancient Iberians, Celts, Romans, Visigoths, and Moors, with the Reconquista (8th–15th centuries) shaping its modern identity through the Christian reconquest of the Iberian Peninsula from Islamic rule?",difficulty-2,Spanish,Single Answer
5230,What is the elite Danish special forces unit known for its Arctic warfare expertise and NATO contributions?,difficulty-2,The Jaeger Corps,Single Answer
5233,"What is the programming language developed in 1972 at Bell Labs (USA) by Dennis Ritchie, originally designed to rewrite Unix and later standardized as ANSI C (C89/C90)?",difficulty-2,The language that powers Linux kernels and Python interpreters,Single Answer
5236,"Which Pulitzer Prize finalist, known for gritty themes and global influence, wrote 'Tree of Smoke' and 'Jesus’ Son'?",difficulty-2,The author of 'Tree of Smoke' and 'Jesus’ Son',Single Answer
5239,"Who is the former White House Deputy Chief of Staff for Policy under President Joe Biden, with a J.D. from Yale Law School and strong ties to California?",difficulty-2,Ann M. O'Leary,Single Answer
5242,"What is the name of the Mexican electronic rock band formed in 1998 in Monterrey, known for blending alternative rock, electronica, and Latin rhythms?",difficulty-2,The band with the 2002 self-titled debut album licensed by Nettwerk,Single Answer
5245,"Who was the first Presbyterian minister to settle permanently in Nova Scotia (1786), played a key role in establishing Presbyterianism there, was fluent in Scottish Gaelic, translated religious texts into Gaelic, and was an early critic of slavery in British North America?",difficulty-2,Rev. James MacGregor,Single Answer
5248,"What is the name of the prestigious award that originated in 1889, was first selected by Walter Camp, and honors outstanding individuals in U.S. institutions, often at the collegiate level?",difficulty-2,All-American,Single Answer
5251,"Which Lithuanian-American historical fiction specialist, born in Detroit on November 19, 1967, is known for works like *Between Shades of Gray* and *Salt to the Sea*, and has received the Carnegie Medal?",difficulty-2,The author of *Between Shades of Gray* and *Salt to the Sea*,Single Answer
5254,"Which pioneering video game magazine, first published in 1989 and originally headquartered in the San Francisco Bay Area, was known for its unique five-category review system and the fictional 'Pro' reviewer mascot?",difficulty-2,GamePro,Single Answer
5257,"Which country is home to one of the world’s oldest continuous monarchies, with roots tracing back to Æthelstan in 927 AD?",difficulty-2,The land of the Tower of London,Single Answer
5260,"Which football stadium, originally built for the 2002 Commonwealth Games, later became the home of Manchester City FC and was renamed after a major airline sponsorship deal?",difficulty-2,Etihad Stadium,Single Answer
5263,"What is the genus of flowering plants in the family Papaveraceae known for its delicate, tubular flowers and fern-like foliage?",difficulty-2,Corydalis,Single Answer
5266,Who was the German-Swedish Jewish poet who fled Nazi Germany in 1940 and later won the Nobel Prize in Literature in 1966?,difficulty-2,The Nobel Prize-winning poet who escaped Nazi persecution and wrote about Jewish suffering,Single Answer
5269,"Which 1956 Broadway musical, adapted from George Bernard Shaw’s 1913 play *Pygmalion*, features music by Frederick Loewe and lyrics by Alan Jay Lerner, and is set in London with iconic scenes in Covent Garden and the Ascot Racecourse?",difficulty-2,My Fair Lady,Single Answer
5272,"Which New Jersey county, established in 1683, is the oldest in the state and was originally settled by the Dutch?",difficulty-2,Bergen County,Single Answer
5275,"Which band, originating as a solo project in 1994 after the dissolution of Nirvana, evolved into a full band and became one of the most successful post-grunge acts of the late 1990s and early 2000s?",difficulty-2,The group formed by Dave Grohl after Nirvana,Single Answer
5278,"Which groundbreaking comedian, known for her roles in *Rowan & Martin's Laugh-In*, achieved EGOT status and is a lifelong LGBTQ+ advocate?",difficulty-2,Mary Jean 'Lily' Tomlin,Single Answer
5281,"Who was the 40th President of the United States, known for conservative policies and ending the Cold War?",difficulty-2,The Hollywood actor-turned-president who served from 1981 to 1989,Single Answer
5284,Who was the director known for pioneering high-speed car chases in early slapstick comedy and working with the Three Stooges?,difficulty-2,Del Lord,Single Answer
5287,"What was the late-World War II German rocket-powered fighter, an evolution of the Me 163 Komet, featuring improved fuel capacity and landing gear, known as?",difficulty-2,Messerschmitt Me 263,Single Answer
5290,"Which music magazine, founded in 1942 and later pivotal in covering 1980s glam metal, was published by Charlton Publications in Derby, Connecticut?",difficulty-2,Hit Parader,Single Answer
5293,"What is the highest peak in the Catskill Mountains that is home to one of the first major ski areas in the region, known for pioneering snowmaking technology?",difficulty-2,Hunter Mountain,Single Answer
5296,What is the county-level city in Jiangsu Province known for its shipbuilding industry and the 'Hao River' tidal bore?,difficulty-2,The city known for its shipbuilding industry and the 'Hao River' tidal bore is Qidong,Single Answer
5299,"Which pioneering tap dancer and choreographer, born in New York City (1946) and raised in Harlem, won a Tony Award for Best Actor in a Musical for his role in *Jelly’s Last Jam* (1992)?",difficulty-2,Gregory Hines,Single Answer
5302,"Who is the guitarist and founding member of the Sex Pistols, known for revolutionizing 1970s punk music?",difficulty-2,Steve Jones,Single Answer
5305,"Who was the longtime staff member on the U.S. House Permanent Select Committee on Intelligence (HPSCI) specializing in NSA oversight, later involved in the NSA surveillance scandal as a whistleblower?",difficulty-2,The individual who faced FBI raids after aiding exposés on warrantless wiretapping,Single Answer
5308,"Which Belgian architect, known for modernist designs in the mid-20th century, was primarily active in Liège and worked during the 1950s–1970s?",difficulty-2,The Belgian modernist architect active in Liège during the 1950s–1970s,Single Answer
5311,"What is the year when the Soviet Union launched the first artificial satellite, Sputnik 1, marking the beginning of the space race?",difficulty-2,1957,Single Answer
5314,"Which band is known for its members' Armenian heritage and vocal advocacy for Armenian Genocide recognition, blends alternative metal with unconventional time signatures, and went on hiatus in 2006 due to creative differences?",difficulty-2,The band with operatic vocals and Middle Eastern influences,Single Answer
5317,"What role is uniquely tied to the United States, where a sport distinct from soccer or rugby originated and remains most popular, with coaching traditions deeply rooted in collegiate (NCAA) and professional (NFL) systems?",difficulty-2,American football coach,Single Answer
5320,"Which pioneering band, fronted by a cultural icon with distinctive platinum-blonde hair, emerged from the 1970s New York City punk scene and had the first No. 1 hit featuring rap vocals?",difficulty-2,The band fronted by Debbie Harry,Single Answer
5323,"What is the political satire series that won multiple Emmy Awards, including three consecutive Outstanding Comedy Series wins from 2015 to 2017, and featured Julia Louis-Dreyfus in a record-setting lead role?",difficulty-2,Veep,Single Answer
5326,"What is the historical identity of the airport originally known as Santa Barbara Army Air Field, which opened in 1941?",difficulty-2,The airport originally known as Santa Barbara Army Air Field opened in 1941 and transitioned to civilian use in 1946,Single Answer
5329,"Which British indie band, known for their melancholic orchestral sound and collaborations with filmmaker Claire Denis, was originally named Asphalt Ribbons?",difficulty-2,The band formed in Nottingham in 1991,Single Answer
5332,What significant international treaty was adopted on the date when the Northern Hemisphere experienced peak summer heatwaves and the Wimbledon Championships women's semifinals were held?,difficulty-2,Treaty on the Prohibition of Nuclear Weapons,Single Answer
5335,What is the etymological origin of the term referring to a fundamental identifier across all human cultures?,difficulty-2,Old English 'nama' and Proto-Germanic 'namô',Single Answer
5338,"What is the first novel in Terry Pratchett’s Discworld series, which parodies classic fantasy tropes and has sold over 100 million copies worldwide?",difficulty-2,The debut book of the Discworld series,Single Answer
5341,"What prestigious film accolade was first awarded on May 16, 1929, at the Hollywood Roosevelt Hotel, with *Wings* (1927) winning the top honor?",difficulty-2,The golden statuette standing 13.5 inches tall,Single Answer
5344,"Which region in Northern Ireland is home to the iconic Carrickfergus Castle, one of the best-preserved medieval structures in Ireland?",difficulty-2,East Antrim,Single Answer
5347,"What is the Italian musical directive meaning 'sorrowful' or 'painful,' often found in classical and romantic compositions?",difficulty-2,Doloroso,Single Answer
5350,"Who was the prominent Rosh Yeshiva of the Ponevezh Yeshiva in Bnei Brak, Israel, known for his Lithuanian Jewish heritage and rigorous analytical approach to Talmud study?",difficulty-2,The revered head of the Ponevezh Yeshiva who studied under Rabbi Shimon Shkop in the Grodno Yeshiva,Single Answer
5353,What significant event occurred in the year known as 'The only year the Maastricht Treaty came into force'?,difficulty-2,The European Union (EU) was formally established,Single Answer
5356,"What term refers to spies planted by intelligence agencies during the Cold War, living undercover for years before activation?",difficulty-2,The Silent Infiltrators,Single Answer
5359,"What is the nickname of the state known for its rich agricultural history, particularly in the 18th and 19th centuries, and is a leading producer of blueberries, cranberries, and tomatoes?",difficulty-2,The Garden State,Single Answer
5362,"What is the collaborative housing model that originated in Denmark in the 1960s, pioneered by architect Jan Gudmand-Høyer, and emphasizes shared spaces and participatory decision-making?",difficulty-2,The collaborative housing model rooted in Denmark's 1960s social experiments,Single Answer
5365,What is the stage name of the fictional character portrayed by Miley Cyrus in the Disney Channel series that aired from 2006 to 2011?,difficulty-2,The pop star alter ego of a teenager leading a double life,Single Answer
5368,Which world-renowned chef held the record for the most Michelin stars at their peak?,difficulty-2,The culinary master with 32 Michelin stars at their peak,Single Answer
5371,"Who was the first elected President of Italy after the adoption of the 1948 Constitution, a prominent economist advocating free-market policies, and a visionary for European federalism with roots in Carrù?",difficulty-2,Luigi Einaudi,Single Answer
5374,"Who is the 19th-century psychologist from *The Living and the Dead* (2016) who investigates paranormal phenomena in rural Somerset, blending early psychiatric methods with supernatural beliefs of the Victorian era?",difficulty-2,The protagonist of *The Living and the Dead* (2016) who embodies the tension between rationalism and superstition,Single Answer
5377,What is the only ancient civilization to have a legal system that directly influenced the foundation of modern Western law?,difficulty-2,Roman,Single Answer
5380,"Which pizzeria, founded in 1925 by an Italian immigrant in New Haven, Connecticut, is renowned for its White Clam Pizza and New Haven-style 'apizza'?",difficulty-2,The pizzeria known for its White Clam Pizza and New Haven-style 'apizza',Single Answer
5383,Who is the former U.S. Congressman from Minnesota's 3rd district who served five terms and was known for his healthcare policy advocacy?,difficulty-2,Erik Paulsen,Single Answer
5386,"Which prominent Chicago architect, active from the late 19th to early 20th century, designed Holy Trinity Cathedral (1903) and influenced the North Side's development with residential projects in Lincoln Park and Lakeview?",difficulty-2,The designer of Holy Trinity Cathedral in Chicago's Ukrainian Village,Single Answer
5389,What is the only endurance race held at Mount Panorama Circuit where David Reynolds and Luke Youlden secured their first victory together in 2017?,difficulty-2,2017 Supercheap Auto Bathurst 1000,Single Answer
5392,"Which theme park, known as the first major competitor to Disney in Orlando, opened on June 7, 1991, and features The Wizarding World of Harry Potter – Diagon Alley?",difficulty-2,Universal Studios Florida,Single Answer
5395,"What year marked the peak of the Great Recession, hosted the Summer Olympics in the only city to host both Summer and Winter Games, and saw the launch of Google Chrome?",difficulty-2,2008,Single Answer
5398,What is the title of the 2015 album by British electronic musician Clark that features a blend of organic textures and distorted IDM elements?,difficulty-2,The album with decaying technology themes,Single Answer
5401,What is the name of the mosque in Istanbul that was built between 1609–1616 and features six minarets?,difficulty-2,Sultan Ahmed Mosque,Single Answer
5404,"Who is the drummer best known for his work with *The Spiders from Mars*, the backing band for David Bowie during his iconic *Ziggy Stardust* era (1970–1973)?",difficulty-2,"The drummer born on February 4, 1950, in Driffield, East Riding of Yorkshire, England",Single Answer
5407,"What album is often associated with jazz or soul music, reflecting smooth, emotive, and improvisational qualities?",difficulty-2,The Mood,Single Answer
5410,Which Albanian singer represented two different countries at Eurovision and hails from a historic coastal city tied to Albania's independence?,difficulty-2,The only Albanian artist to compete for both Albania and San Marino at Eurovision,Single Answer
5413,"What is the name of the award-winning short story by Doris Betts that explores themes of self-perception and faith, set in the American South, and later adapted into an Academy Award-winning film?",difficulty-2,The Ugliest Pilgrim,Single Answer
5416,"Which nationality played a pivotal role in the Industrial Revolution (18th–19th centuries), originating key innovations like the steam engine (James Watt) and mechanized textile production, which transformed global industry?",difficulty-2,The people of the land that birthed Shakespeare,Single Answer
5419,Who is the Scottish singer-songwriter known for pioneering psychedelic folk music and collaborating with The Beatles in India?,difficulty-2,Donovan,Single Answer
5422,"Which American actress, known for her role as Annabeth Chase in the *Percy Jackson* film series (2010–2013), was born and raised in the Upper East Side of New York City and gained significant attention for her role in HBO’s *True Detective* (2014)?",difficulty-2,The actress who played Annabeth Chase in *Percy Jackson*,Single Answer
5425,"What is the name of the abbey founded by William the Conqueror in 1063, known for its Romanesque and Gothic architecture and later repurposed as Lycée Malherbe?",difficulty-2,The penance-built landmark of Caen,Single Answer
5428,"Which musician, known for their resemblance to Will Ferrell, has been the drummer for the Red Hot Chili Peppers since 1988 and contributed to albums like *Blood Sugar Sex Magik* and *Californication*?",difficulty-2,The doppelgänger of Will Ferrell,Single Answer
5431,"What is the name of the Japanese anime series from the early 2000s that blends fantasy, adventure, and card-battle mechanics, features protagonists traveling between Earth and a parallel world called 'Mon World,' and includes a tie-in TCG but never achieved mainstream success like Pokémon or Digimon?",difficulty-2,Six Gates Far Away Mon Colle Knight,Single Answer
5434,Which NORP is renowned for tango music/dance and football legends like Maradona and Messi?,difficulty-2,Argentine,Single Answer
5437,"Who is the Uruguayan football coach and former player known for his managerial roles in South American football, including clubs like Danubio FC and Defensor Sporting?",difficulty-2,Pablo Aurrecochea,Single Answer
5440,"What is the groundbreaking Broadway musical that reimagines the life of Founding Father Alexander Hamilton through hip-hop, R&B, and diverse casting, blending 18th-century history with contemporary musical styles?",difficulty-2,Hamilton,Single Answer
5443,"Who was the notable American businessman, philanthropist, and art collector known for leading the Dayton’s department store chain and donating over 3,000 artworks to the Minneapolis Institute of Art?",difficulty-2,The key figure behind Dayton’s department store chain and a major art benefactor to Mia,Single Answer
5446,Who was the Dunedin-based educator and suffrage advocate known for her contributions to women's rights in New Zealand?,difficulty-2,Arlette Roxburgh,Single Answer
5449,Who was the co-founder of the Clube da Esquina Movement alongside Milton Nascimento?,difficulty-2,The lyricist behind 'Tudo Que Você Podia Ser',Single Answer
5452,"Who was the first Astronomer Royal appointed in 1675 by King Charles II, known for founding the Royal Observatory at Greenwich and creating the Flamsteed Star Catalog?",difficulty-2,The meticulous stargazer who clashed with Newton,Single Answer
5455,What is the only calendar system to correct the drift in the Julian calendar by skipping 10 days and adjusting leap year rules?,difficulty-2,Gregorian Year,Single Answer
5458,"What is the name of the mesa formation in North America that covers approximately 37,000 square miles across western Texas and eastern New Mexico, known for its flat, treeless terrain and steep escarpments?",difficulty-2,Llano Estacado,Single Answer
5461,Who is the lead vocalist and guitarist of the influential Welsh rock band Manic Street Preachers?,difficulty-2,The frontman known for his solo album 'The Great Western' and performances at events like the 2005 Make Poverty History campaign,Single Answer
5464,Which country is the only one in Europe with a decentralized political system consisting of two autonomous entities—the Federation of Bosnia and Herzegovina and the Republika Srpska—along with the neutral Brčko District?,difficulty-2,Bosnia and Herzegovina,Single Answer
5467,"What is the name of the long-running American fantasy horror drama series that spans 15 seasons and was primarily filmed in Vancouver, British Columbia?",difficulty-2,Supernatural,Single Answer
5470,"Who was the individual wrongfully convicted in the Jill Dando case, later acquitted due to unreliable forensic evidence?",difficulty-2,The man previously convicted in the Jill Dando case,Single Answer
5473,"What is the title of the romance novel set in Grandview, Washington, adapted into a Hallmark Channel movie starring Faith Ford and Tom Cavanagh?",difficulty-2,The holiday-themed book by Debbie Macomber,Single Answer
5476,"What is the ancient lineage, ecological role, and cultural significance of the oldest and purest form of wild dog in Australia?",difficulty-2,"The oldest and purest form of wild dog in Australia arrived 4,000–8,000 years ago, maintains ecosystem balance as an apex predator, and holds deep spiritual importance in Aboriginal cultures",Single Answer
5479,"Which luxury jewelry company, founded in 1837, introduced the 925 silver standard in the U.S. and is known for its iconic 'Tiffany Blue' color?",difficulty-2,The company with the custom Pantone color 'Tiffany Blue' and the six-prong Tiffany Setting,Single Answer
5482,"Which fast-food chain was founded in 1965 by Fred DeLuca and Peter Buck in Bridgeport, Connecticut, originally named 'Pete's Super Submarines' before rebranding in 1968?",difficulty-2,The largest fast-food chain by number of locations globally,Single Answer
5485,"Which prestigious art school, established in 1871 at University College London (UCL) through a bequest from Felix Slade, is known for producing influential artists like Stanley Spencer and Dora Carrington?",difficulty-2,Slade School of Fine Art,Single Answer
5488,"What is the religious theme where the Virgin Mary is crowned by Jesus or the Holy Trinity as Queen of Heaven, reflecting medieval and Renaissance devotion to Mary?",difficulty-2,Coronation of the Virgin,Single Answer
5491,What is the Olympic debut of the division that accommodates larger athletes who didn’t fit traditional heavyweight limits?,difficulty-2,1984 Los Angeles Olympics,Single Answer
5494,Who was the first Indian to hold the position of Superintendent of Police in Delhi during the British colonial era?,difficulty-2,K. R. Kaushik,Single Answer
5497,"What multimedia lifestyle brand, launched in 1990, became a cornerstone of U.S. lifestyle branding under its founder's namesake company?",difficulty-2,Martha Stewart Living,Single Answer
5500,What is the only national beauty pageant in Latin America first held in 1952 that serves as the official gateway for Peruvian representatives to compete in Miss Universe and Miss World?,difficulty-2,The Peruvian Gateway Pageant,Single Answer
5503,"What is the chocolate product known for its rapid melting properties, developed for industrial and culinary use?",difficulty-2,PDQ Chocolate,Single Answer
5506,"Which year, known as the first to witness a sub-Saharan African country's independence from colonial rule, also saw the founding of the European Economic Community and the launch of the first artificial satellite?",difficulty-2,1957,Single Answer
5509,Who is the Lithuanian basketball coach and former player who led the national youth teams to a gold medal at the 2010 U-18 European Championship?,difficulty-2,The coach who guided Lithuania's U-18 team to gold in 2010,Single Answer
5512,"What is the name of the music chart that was first published in 1962, tracks best-selling singles in Ireland, and is compiled by the Official Charts Company?",difficulty-2,The Emerald Tune Tracker,Single Answer
5515,"Who was the British Labour politician born in 1916, served as Prime Minister of the United Kingdom twice (1964–1970 and 1974–1976), and was known for decolonization and social reforms?",difficulty-2,James Harold Wilson,Single Answer
5518,"Who was the Roman general who transformed the Roman Republic into the Roman Empire, was born in Suburra, and authored 'Commentarii de Bello Gallico'?",difficulty-2,Julius Caesar,Single Answer
5521,"Who was the physicist that co-founded General Atomics in 1955, worked under Edward Teller at Los Alamos during WWII, and advocated for controlled nuclear energy?",difficulty-2,The co-founder of General Atomics who contributed to the hydrogen bomb,Single Answer
5524,"Which company, founded on April 4, 1975, by Bill Gates and Paul Allen in Albuquerque, New Mexico, initially developed a BASIC interpreter for the Altair 8800?",difficulty-2,The creator of Windows,Single Answer
5527,What is the full name of the sister of Vernon Dursley who is notorious for breeding bulldogs and was accidentally inflated like a balloon by Harry Potter's uncontrolled magic?,difficulty-2,Marjorie Dursley (née Eileen),Single Answer
5530,"What is the name of the organization founded in 1789 under the U.S. Constitution, operating from Washington, D.C., and structured as a presidential republic?",difficulty-2,United States government,Single Answer
5533,"Who is the Dutch professional darts player nicknamed 'The Dutch Destroyer' and born on August 8, 1979, in Veenendaal?",difficulty-2,"The bald-headed, goatee-wearing darts player who won the 2007 Antwerp Open",Single Answer
5536,"What documentary film, celebrating the history of dance in Hollywood musicals, was produced by Metro-Goldwyn-Mayer (MGM) as a spiritual successor to *That's Entertainment!* (1974)?",difficulty-2,The film that revisits Hollywood's dance legacy through rare archival footage,Single Answer
5539,"Which Bollywood actress, known for her role in *MS Dhoni: The Untold Story* (2016) and holding a black belt in Taekwondo, is a prominent endorser for brands like Puma, BoAt, and Pepsi?",difficulty-2,Disha Patani,Single Answer
5542,"Which organization, known as the first to offer scheduled transatlantic passenger and mail services, was founded in 1839 by Sir Samuel Cunard and is headquartered in Southampton, England?",difficulty-2,British Cunard Line,Single Answer
5545,"Which influential female musician co-founded Throwing Muses and The Breeders, achieved mainstream success with Belly in the 1990s, and is recognized as a key figure in the RIYL and dream pop movements?",difficulty-2,Tanya Donelly,Single Answer
5548,"What is the Grammy-winning hard rock band formed by siblings in Red Lion, Pennsylvania?",difficulty-2,Halestorm,Single Answer
5551,What is the nickname for the river known as 'The only river to inspire a 19th-century American art movement and serve as a key trade corridor in the 1800s'?,difficulty-2,Hudson River,Single Answer
5554,"Who was the Swedish-born silent film director who collaborated with Charlie Chaplin and Harry Langdon, directed over 100 films, and worked extensively with Educational Pictures in the 1920s?",difficulty-2,Arvid E. Gillstrom,Single Answer
5557,"Who was the renowned British theatre and film director, educated at Christ Church, Oxford, who earned a Tony Award nomination for Best Director in 1957 for the Broadway production of *Hotel Paradiso*?",difficulty-2,Peter Glenville,Single Answer
5560,"Which NFL team, named after the Scandinavian heritage prevalent in the region, was established in 1961 as an expansion team and joined the NFL that same year?",difficulty-2,Minnesota Vikings,Single Answer
5563,What is the 2014 Tamil-language horror-comedy film that marked the debut of director Deekay and introduced actor Oviya in a lead role?,difficulty-2,"The film blending humor with supernatural elements, a genre less common in South Indian cinema at the time",Single Answer
5566,"Who is the lead singer of Midnight Oil known for his tall stature, bald head, and intense stage presence?",difficulty-2,Peter Robert Garrett,Single Answer
5569,"What is the female title in the British peerage that holds the rank equivalent to a Baron, either in her own right or through marriage?",difficulty-2,Baroness,Single Answer
5572,"Which flamboyant British comedian, known for risqué humor and camp style, rose to fame in the 1980s and 1990s?",difficulty-2,The comedian with a signature camp style and risqué humor who gained fame in the 1980s–1990s,Single Answer
5575,What is the name of the independent bookstore chain based in Texas that operated from the 1970s until 2004?,difficulty-2,Bookchase,Single Answer
5578,"What was the Cold War-era conflict where communist forces backed by the Soviet Union and China fought against U.S.-supported anti-communist allies, primarily in Southeast Asia?",difficulty-2,Vietnam War,Single Answer
5581,What is the name of the choral work composed by Eric Whitacre in 2000 that became the foundation for his Virtual Choir project?,difficulty-2,The only choral work by Eric Whitacre to pioneer a global digital collaboration of singers,Single Answer
5584,"In the year known for the Voting Rights Act and Singapore's independence, which Soviet cosmonaut performed the first-ever spacewalk?",difficulty-2,Alexei Leonov,Single Answer
5587,Who is the Alaskan outdoorsman known for wilderness rescue missions?,difficulty-2,Bruce Bryant,Single Answer
5590,Which country is the oldest continuously existing nation-state in Europe with borders largely unchanged since the Treaty of Alcanizes (1297)?,difficulty-2,Portugal,Single Answer
5593,"What was the reality television series that aired on the Discovery Channel from 2010 to 2013, showcasing the operations of a high-profile auction house based in Atlanta, Georgia?",difficulty-2,The show featuring Paul Brown's Gallery 63,Single Answer
5596,Who is the author of *Creating Killer Websites* and a pioneer of web design?,difficulty-2,David Siegel,Single Answer
5599,"Who is the screenwriter of *Pretty Woman* (1990), creator of *Under Siege* (1992), and also known for early work in low-budget films like *Cannibal Women in the Avocado Jungle of Death* (1989)?",difficulty-2,J. F. Lawton,Single Answer
5602,"What is the well-known brand of bleaching cream originally developed in the Philippines in the 1960s, primarily used for skin lightening and treating hyperpigmentation?",difficulty-2,Jolen,Single Answer
5605,Who was the pioneer of Glam Rock known for creating the androgynous alter ego Ziggy Stardust?,difficulty-2,The pioneer of Glam Rock known for creating the androgynous alter ego Ziggy Stardust,Single Answer
5608,Who was the pioneering African American diplomat appointed by President Jimmy Carter in 1977 as Ambassador to Cameroon and Equatorial Guinea?,difficulty-2,Mabel Murphy Smythe-Haith,Single Answer
5611,"Which organization was the first multinational corporation in history, granted a royal charter by England to monopolize trade in Asia and later acting as a colonial power in India?",difficulty-2,The East India Company,Single Answer
5614,"What is the term for the first public performance or appearance of an artist, athlete, or professional, marking a pivotal moment in their career?",difficulty-2,Debut,Single Answer
5617,What is the hometown of Dr. Martin Luther King Jr. and a key center of the Civil Rights Movement?,difficulty-2,The city hosting the world's busiest airport by passenger traffic since 1998,Single Answer
5620,What civilization originated as a small settlement on the Tiber River and expanded into a vast empire spanning three continents?,difficulty-2,The builders of the Appian Way,Single Answer
5623,Who is the co-founder of Aerosmith and inductee into the Rock and Roll Hall of Fame in 2001?,difficulty-2,The lead guitarist with a signature Gibson Les Paul model,Single Answer
5626,"What is the name of the congressional group founded in July 2010 by then-Representative Michele Bachmann (R-MN), aligned with a movement opposing government spending and the Affordable Care Act?",difficulty-2,The group advocating for fiscal conservatism and constitutional originalism in the early 2010s,Single Answer
5629,Who was the Soviet Air Force pilot awarded the Hero of the Soviet Union posthumously in 1943 for bravery during World War II?,difficulty-2,The Soviet Air Force pilot awarded the Hero of the Soviet Union posthumously in 1943 for bravery during World War II was Vladimir Yaroshenko,Single Answer
5632,What significant labor event began on the day known as 'The Dawn of Federal Labor Intervention' in 1894?,difficulty-2,"The Pullman Strike began on May 11, 1894",Single Answer
5635,"What is the ancient Romanian surname derived from the Latin word 'lacus', meaning 'lake', and associated with lake-dwelling communities?",difficulty-2,The surname tied to Latin 'lacus' and Romanian lake regions,Single Answer
5638,"Who was the starting goalkeeper for Arsenal during their historic 2003–04 Premier League season, where the team went unbeaten (26 wins, 12 draws), earning the nickname 'The Invincibles'?",difficulty-2,The only goalkeeper to play every match in Arsenal's 'Invincibles' season,Single Answer
5641,What are three specific factual attributes that highlight the identity of the nation known for the Declaration of the Rights of Man and of the Citizen (1789)?,difficulty-2,1. Historical – Home to the Declaration of the Rights of Man and of the Citizen (1789). 2. Geographical – Territories on five continents. 3. Professional/Cultural – World’s top tourist destination,Single Answer
5644,"Which British actor, known for portraying Finnick Odair in *The Hunger Games* series and Philip Swift in *Pirates of the Caribbean: On Stranger Tides*, trained at LAMDA and starred in *Me Before You*?",difficulty-2,The actor who played Finnick Odair and trained at LAMDA,Single Answer
5647,"What is the date when the Chicago Cubs ended their 108-year championship drought, a major earthquake struck Central Italy, and Microsoft announced the Surface Studio?",difficulty-2,The day the Cubs broke the curse,Single Answer
5650,"What was the first European settlement on the west bank of the Hudson River, established by the Dutch in 1630 as part of New Netherland?",difficulty-2,The first European settlement on the west bank of the Hudson River,Single Answer
5653,What is the title of the Disney live-action film released in 1964 that features a circus tiger escaping in a small rural American town?,difficulty-2,A Tiger Walks,Single Answer
5656,"Which institution, known for having the most Nobel laureates affiliated with it among public universities (107 as of 2023), was founded in 1868 and played a key role in the Free Speech Movement?",difficulty-2,"University of California, Berkeley",Single Answer
5659,What is the only country in the world with a writing system created by a single monarch?,difficulty-2,South Korea,Single Answer
5662,"Which individual, known as the longest-serving heir apparent in British history, held the title of Prince of Wales for 70 years and 214 days, founded the Poundbury model village in Dorset, England, and established The Prince’s Trust in 1976?",difficulty-2,King Charles III,Single Answer
5665,What is a unique attribute of the group historically known for both the Hundred Years' War and the Entente Cordiale?,difficulty-2,The only European group to have simultaneously ruled territories on every inhabited continent during the Age of Exploration,Single Answer
5668,"Who was the British singer and actress involved in a 1970s high-profile court case linked to organized crime and blackmail, later referenced in a famous punk rock song?",difficulty-2,The Wolverhampton-born nightclub performer entangled in a notorious legal scandal,Single Answer
5671,Who is the current head coach of the USMNT who previously captained a European club team?,difficulty-2,Gregg Berhalter,Single Answer
5674,"Which country, known as the birthplace of the 'Four Great Inventions' (papermaking, gunpowder, the compass, and printing), is the third-largest by land area and the world's second-largest economy?",difficulty-2,China,Single Answer
5677,What administrative unit originated from ecclesiastical parishes but was secularized under the Poor Law Amendment Act (1866)?,difficulty-2,The only layer of local governance that can levy a precept and manage amenities like parks,Single Answer
5680,"Who is the co-founder of The Beatles who was knighted by Queen Elizabeth II in 1997 and has roots in Liverpool, England?",difficulty-2,"The co-founder of The Beatles who was knighted by Queen Elizabeth II in 1997 and has roots in Liverpool, England",Single Answer
5683,"Which Mexican border city is known for its resistance during foreign invasions, including the Battle of Matamoros (1846) and the Mexican Revolution?",difficulty-2,Heroica Matamoros,Single Answer
5686,"Which California highway, part of the historic Lincoln Highway and traversing near Donner Pass, serves as a major east-west route through the Berkeley Hills and Lafayette, and was crucial during World War II for the Port of Oakland and nearby military installations?",difficulty-2,Highway 24,Single Answer
5689,"What is the name derived from Germanic or Old Norse roots, suggesting a historical connection to a communal or tribal settlement?",difficulty-2,Folkenstal,Single Answer
5692,"Which British electronic music group, originally formed as Freur in 1987, hails from Romford, Essex, England, and gained global recognition for their contribution to the Trainspotting (1996) soundtrack?",difficulty-2,Underworld,Single Answer
5695,"What year saw the launch of YouTube, the signing of the Comprehensive Peace Agreement for South Sudan, and the devastation of Hurricane Katrina?",difficulty-2,2005,Single Answer
5698,What is the name of the manuscript record commissioned by William the Conqueror in 1086 that serves as the earliest systematic documentation of landholdings and populations in England?,difficulty-2,The Great Norman Ledger,Single Answer
5701,"What is the historical identity of the university known for its meteorology programs and located in Norman, Oklahoma?",difficulty-2,"Founded in 1890, the university is the state's flagship public research university and played a key role in the development of Oklahoma Territory, opening just years before statehood (1907)",Single Answer
5704,Who is the Marketing Director at a Fortune 500 tech company?,difficulty-2,Kristina Jung,Single Answer
5707,"Which UK county, home to Lincoln Cathedral and one of the original copies of the Magna Carta, is also known as 'Bomber County' due to its RAF connections?",difficulty-2,Lincolnshire,Single Answer
5710,"What is the first published novel by Zora Neale Hurston, set in the bayous of Louisiana, that blends folklore and Southern Gothic elements?",difficulty-2,The debut novel of the author of 'Their Eyes Were Watching God',Single Answer
5713,"Which company, founded on May 1, 1969, in Sunnyvale, California, by Jerry Sanders and a group of engineers, introduced the world’s first x86 dual-core processor (Athlon 64 X2, 2005) and later revolutionized the industry with its Zen architecture (2017)?",difficulty-2,Advanced Micro Devices (AMD),Single Answer
5716,What is the superhero identity of the blind lawyer from Hell's Kitchen who has heightened senses due to radioactive exposure?,difficulty-2,The Man Without Fear,Single Answer
5719,"What is the name of the 1987 film adaptation of William Goldman's novel, which features a meta-narrative about editing out 'boring' historical tangents and was filmed in England and Ireland?",difficulty-2,The Princess Bride,Single Answer
5722,"What is the breed historically developed in Brittany, France, known for its rugged hunting abilities and fawn-colored coat?",difficulty-2,Griffon Fauve de Bretagne,Single Answer
5725,"Which British-Sri Lankan actress, known for her breakout role in *The Darjeeling Limited* (2007), has also performed in *The Great Wave* at London's National Theatre?",difficulty-2,The actress who starred in *The Darjeeling Limited* and *The Great Wave*,Single Answer
5728,"Which acclaimed film director and producer, known for directing the 1986 drama *Children of a Lesser God* and breaking barriers as a pioneering female filmmaker in the 1980s and 1990s, also worked extensively in television, directing episodes for series like *Hill Street Blues* and *St. Elsewhere*?",difficulty-2,The director of *Children of a Lesser God* and *The Doctor*,Single Answer
5731,What significant astronomical discovery was confirmed on the day known as 'The Day Earth's Twin Was Found'?,difficulty-2,Kepler-186f,Single Answer
5734,"Which Southern rock band, known for their 1973 debut album *Pronounced 'Lĕh-'nérd 'Skin-'nérd* and the anthem *Free Bird*, originated in Jacksonville, Florida, and suffered a tragic plane crash in 1977?",difficulty-2,The band that mocked their high school gym teacher's name in their own,Single Answer
5737,"What is the name of the dinosaur group known for their highly derived, short but powerfully built forelimbs, often with a single enlarged claw, primarily found in South America and Asia during the Late Cretaceous?",difficulty-2,Alvarezsauroidea,Single Answer
5740,What is the title of the 2004 documentary film by Dutch director Leonard Retel Helmrich that won the Joris Ivens Award at IDFA?,difficulty-2,Shape of the Moon,Single Answer
5743,"Who is the British professional racing driver born in 1993 who competed in the IndyCar Series (2017–2023) and previously in Indy Lights, where he won multiple races?",difficulty-2,"The British professional racing driver born in 1993 who competed in the IndyCar Series (2017–2023) and previously in Indy Lights, where he won multiple races",Single Answer
5746,"Which U.S. state is nicknamed 'The Silver State' due to its rich history of silver mining, particularly during the 19th-century Comstock Lode boom?",difficulty-2,Nevada,Single Answer
5749,"What is the country that is home to the world's oldest parliamentary system, with the Magna Carta (1215) laying foundational principles for modern democracy and rule of law?",difficulty-2,The land of the Magna Carta,Single Answer
5752,"What is the name of the Australian national public broadcaster that was established on July 1, 1932, operates over 50 local radio stations including remote Indigenous communities, and is legally required to be independent and impartial under the Australian Broadcasting Corporation Act 1983?",difficulty-2,Australian Broadcasting Corporation (ABC),Single Answer
5755,"What is the top-tier professional ice hockey league in Switzerland, known for teams like SC Bern, HC Davos, and ZSC Lions?",difficulty-2,National League A,Single Answer
5758,"What are three specific factual attributes related to the descendants of the Vikings, focusing on unique historical, geographical, and professional identity?",difficulty-2,"1. Viking Heritage – Renowned seafarers, traders, and explorers from the 8th to 11th centuries. 2. Arctic Expertise – Deep knowledge in polar exploration and cold-climate engineering. 3. Oil & Renewable Energy Leadership – Global leader in offshore oil production and hydropower",Single Answer
5761,"What is the name of the opera house in Istanbul that was commissioned by Süreyya İlmen in 1927, blends Neoclassical and Art Nouveau styles, and is located in Kadıköy?",difficulty-2,Süreyya Opera House,Single Answer
5764,"What is the name of the historical structure in Istanbul, Turkey, originally built as a Christian cathedral in 537 AD, later converted into a mosque in 1453, and known for its massive dome and pendentive design?",difficulty-2,Hagia Sophia,Single Answer
5767,"What is the first novel in *The Dresden Files* series, written by Jim Butcher, that introduces a wizard and private investigator in modern-day Chicago?",difficulty-2,Storm Front,Single Answer
5770,"What is the name of the magazine founded in 1922 by DeWitt Wallace and Lila Bell Wallace in Pleasantville, New York, known for its condensed editorial style and global reach in over 100 countries?",difficulty-2,The pioneer of condensed content magazines,Single Answer
5773,"What is the name of the build automation tool created in 1976 by Stuart Feldman at Bell Labs, now maintained by the GNU Project?",difficulty-2,GNU Make,Single Answer
5776,"Which location, home to one of the oldest and most prestigious preparatory schools in the United States founded in 1778, educated U.S. Presidents George H.W. Bush and George W. Bush?",difficulty-2,"Andover, Massachusetts",Single Answer
5779,"Who is the frontman of The Flaming Lips, known for growing up in Oklahoma City and performing inside a giant plastic bubble over the audience?",difficulty-2,"The lead vocalist, guitarist, and primary songwriter of The Flaming Lips",Single Answer
5782,"What is the name of the neighborhood in Cook County, Illinois, known for its artificial lake and ties to a prominent alternative rock band?",difficulty-2,Madina Lake,Single Answer
5785,"What is the name of the pioneering underground comic series created by Robert Crumb in the 1960s, which became a defining work of the counterculture movement, featuring iconic characters like Fritz the Cat and Mr. Natural?",difficulty-2,Crumb,Single Answer
5788,"Which pioneering cultural anthropologist, known as 'The Father of American Anthropology,' conducted extensive fieldwork among Native American tribes in California and introduced the concept of 'cultural configurations'?",difficulty-2,Alfred L. Kroeber,Single Answer
5791,What is the only Romance language that uses inverted question marks (¿) and exclamation marks (¡) at the beginning of sentences?,difficulty-2,Spanish,Single Answer
5794,"What is the name of the historical epoch characterized by Queen Victoria's reign in Britain, marked by industrialization, strict social norms, and Gothic Revival architecture?",difficulty-2,Victorian Era,Single Answer
5797,What is the only extraterrestrial body where humans have left footprints?,difficulty-2,The Moon,Single Answer
5800,Who is the Grammy-nominated R&B artist known for their Oakland roots and LGBTQ+ advocacy?,difficulty-2,Kehlani,Single Answer
5803,"Which NFL player, drafted in the first round in 2011, was a four-time Pro Bowl selection and played his entire career for Florida-based teams?",difficulty-2,Mike Pouncey,Single Answer
5806,"What sitcom spin-off from *Happy Days* featured two blue-collar best friends working at a Milwaukee brewery and later moved to Los Angeles, popularizing catchphrases like 'Schlemiel! Schlimazel!'?",difficulty-2,"The show with the chant '1, 2, 3, 4, 5, 6, 7, 8! Schlemiel! Schlimazel! Hasenpfeffer Incorporated!'",Single Answer
5809,"Which NBA team, originally founded in 1967 as the Dallas Chaparrals and later relocated to San Antonio in 1973, has won 5 championships under coaches like Gregg Popovich and stars such as Tim Duncan?",difficulty-2,The team with the 'Big Three' dynasty,Single Answer
5812,"Who was the transported convict who became a notorious bushranger in early 19th-century Australia, known for his involvement in highway robbery and violent clashes with authorities?",difficulty-2,Fred Mundee,Single Answer
5815,"What is the name of the miniature park in Istanbul, Turkey, that features 1/25 scale models of over 130 historical and architectural landmarks, including the Hagia Sophia, Ephesus, and the Temple of Artemis?",difficulty-2,Miniatürk,Single Answer
5818,"What was the codename for the German offensive launched on December 31, 1944, targeting the Alsace-Lorraine region?",difficulty-2,The final major offensive by Nazi Germany in the West during World War II,Single Answer
5821,"Which city in Hubei Province is home to China's first dedicated cargo airport, Ezhou Huahu Airport?",difficulty-2,The city with China's first dedicated cargo airport in Hubei Province,Single Answer
5824,"Which annual college football bowl game, first played in 1989 under the name Copper Bowl and later held in Arizona at Chase Field and Sun Devil Stadium, was rebranded in 2014 before its final edition in 2017?",difficulty-2,"The desert-themed postseason showcase for NCAA Division I FBS teams, typically from the Big 12 and Pac-12 conferences",Single Answer
5827,"What are three specific factual attributes that highlight the unique historical, geographical, and professional identity of the descendants of the ancient Romans?",difficulty-2,"Historical Legacy of the Roman Empire, Geographical Diversity & Mediterranean Influence, Global Leaders in Design & Fashion",Single Answer
5830,What term refers to Afghan migrants/refugees who fled during the Soviet-Afghan War and settled in places like Pakistan and Iran?,difficulty-2,Afghan Muhajreen,Single Answer
5833,"Which luxury sports car manufacturer, founded in 1947 in Maranello, Italy, holds the record for the most Formula 1 Constructors' Championships?",difficulty-2,The prancing horse brand,Single Answer
5836,"What is the historical identity of the language that evolved from Old English, heavily influenced by Old Norse and Norman French?",difficulty-2,"A Germanic language with Latin, Germanic, and Romance roots",Single Answer
5839,"What is the name of the 2019 Italian giallo-inspired horror film directed by Don Coscarelli, featuring David Arquette and Angus Scrimm, which blends psychological horror with surreal storytelling?",difficulty-2,Into the Labyrinth,Single Answer
5842,"What prestigious wrestling title, symbolized by a bridge between continents, was created in 1979 by the WWF and became a career-defining accolade for technical wrestlers?",difficulty-2,The championship known for unifying regional titles from North and South America,Single Answer
5845,Who is the 2012 Nobel Laureate in Physics known for pioneering experimental methods in quantum optics and cavity quantum electrodynamics?,difficulty-2,Serge Haroche,Single Answer
5848,"During the time when the Roman Republic was expanding its territories, what major event occurred in the month known for the autumnal equinox in the Northern Hemisphere, 52 BC?",difficulty-2,Battle of Alesia,Single Answer
5851,"What is the only country that is also a continent, known for its vast outback, the Great Barrier Reef, and unique wildlife like kangaroos and koalas?",difficulty-2,The land down under,Single Answer
5854,"Which fictional band created by Jim Henson features a flamboyant keyboardist, a wild drummer, and a spacey guitarist?",difficulty-2,The psychedelic rock ensemble from The Muppets,Single Answer
5857,"What is the name of the individual associated with the historic English county of Devon, linked to the aristocratic Cavendish family, and potentially a pseudonym in creative fields?",difficulty-2,The individual tied to Devon's heritage and the Cavendish legacy,Single Answer
5860,"Who is the Conservative MP for Macclesfield since 2010, who previously worked at PepsiCo and Asda?",difficulty-2,The former Parliamentary Under-Secretary of State for the Americas and Caribbean,Single Answer
5863,"What are three specific factual attributes about the descendants of diverse immigrant groups, including Indigenous peoples, European settlers, African slaves, and later waves of migrants from Asia, Latin America, and beyond?",difficulty-2,"1. Historical Identity: Pivotal events like the U.S. Declaration of Independence (1776) and the Civil Rights Movement (1950s–60s) shaped their national identity. 2. Geographical Identity: Their country spans six time zones with distinct regional cultures. 3. Professional/Cultural Identity: Globally associated with innovation, entertainment, and fast-food culture, emphasizing the 'American Dream' ideology",Single Answer
5866,"Which South African province, known for being the northernmost and named after a major river forming borders with Zimbabwe and Botswana, is home to the UNESCO World Heritage Site Mapungubwe and produces over 60% of the country's mangoes?",difficulty-2,Limpopo,Single Answer
5869,"Who was the American fashion model signed with Elite Model Management who died in a plane crash on February 2, 2006, near Lexington, Kentucky, and was the younger sister of Ali McGraw's daughter-in-law?",difficulty-2,Audrey Kathryn Lindvall,Single Answer
5872,"Who was the lead guitarist of The Beatles, known for the hit 'My Sweet Lord' and organizing the Concert for Bangladesh?",difficulty-2,George Harrison,Single Answer
5875,What is a factual medium that relies on primary sources like archival footage and expert testimonies to present historical accounts?,difficulty-2,documentary,Single Answer
5878,What is the unique historical trade workshop linked to Old Norse roots and medieval craftsmanship?,difficulty-2,Axeltory,Single Answer
5881,"Which American rock band, emerging in the early 1980s in Montesano, Washington, is credited with helping define the sludge metal genre and has released over 30 studio albums?",difficulty-2,The pioneers of sludge metal with a lineup evolving around core member Buzz Osborne and drummer Dale Crover,Single Answer
5884,"What is the title often associated with the host who held the record for hosting over 20 different game shows from the 1950s to the 1980s, including *The Price Is Right* (1956–65), *I've Got a Secret*, and *Blockbusters*?",difficulty-2,The most prolific game show host in television history,Single Answer
5887,"What is the origin of the surname of the person whose name is a typical Anglo-American name often found in the U.S., Canada, or the UK, derived from 'son of Peter'?",difficulty-2,Scandinavian,Single Answer
5890,What is the Indiana-based lottery established in 1989 that contributes to the Build Indiana Fund?,difficulty-2,The revenue-generating gaming entity exclusive to Indiana,Single Answer
5893,"What is the documentary that chronicles Caltech’s infamous 26-year, 207-game losing streak in conference play (1977–2003)?",difficulty-2,The film about the underdog legacy of Caltech's men's basketball team,Single Answer
5896,"What was the name of the catastrophic blizzard that struck the U.S. Northeast from March 11–14, 1888, paralyzing cities like New York and Boston with up to 50 inches of snow, hurricane-force winds, and subzero temperatures?",difficulty-2,The Great White Hurricane,Single Answer
5899,Who was the Spanish banker who transformed Banco Santander into a global financial powerhouse and expanded aggressively into Latin America?,difficulty-2,The chairman who led Banco Santander's global expansion from 1986 to 2014,Single Answer
5902,"What is the term referring to the prized Merino sheep of colonial Australia, whose high-quality wool became a cornerstone of the nation’s early economy in the 19th century, earning the nickname 'the country’s golden fleece'?",difficulty-2,The pastoral treasure of colonial Australia,Single Answer
5905,What is the name of the rural settlement known for its preserved medieval architecture and traditional thatched-roof houses?,difficulty-2,Shirakawa-go,Single Answer
5908,What is the genus of flowering plants in the rose family (Rosaceae) commonly known as rowans or mountain ashes?,difficulty-2,Sorbus,Single Answer
5911,"Which first global international court, established in 1922 under the League of Nations, was headquartered in The Hague, Netherlands, and ceased operations in 1946?",difficulty-2,"The first global international court established in 1922 under the League of Nations, headquartered in The Hague, Netherlands, and ceased operations in 1946 was the Permanent Court of Justice (PCJ)",Single Answer
5914,Who is the first Muslim and first South Asian man to win a Primetime Emmy Award for Outstanding Lead Actor?,difficulty-2,Riz Ahmed,Single Answer
5917,What is the oldest known musical composition preserved on a clay tablet in cuneiform script?,difficulty-2,Hurrian Hymn to Nikkal,Single Answer
5920,What is the mythological origin of the entity transformed into a turtle for mocking Zeus and Hera's wedding?,difficulty-2,The nymph who was transformed into a turtle,Single Answer
5923,"What musical movement, known for its androgynous fashion and theatrical performances, originated in early 1970s London and was dominated by acts like T. Rex, Mott the Hoople, and Sweet?",difficulty-2,English glam rock bands,Single Answer
5926,"Which university was established in 1963 as part of Florida's post-WWII expansion of higher education, serves the Panhandle region, and is known for its rigorous academic standards and selective admissions?",difficulty-2,The institution designated as a National Center of Academic Excellence in Cybersecurity and offering a Maritime Archaeology program,Single Answer
5929,"What is the title of the 2016 Jamaican crime drama film directed by Nick Cannon that blends dancehall culture with urban storytelling, set in Kingston and featuring artists like Beenie Man and Busta Rhymes?",difficulty-2,King of the Dancehall,Single Answer
5932,"What is the term historically appearing on German banknotes and coins, denoting value or denomination?",difficulty-2,WERT,Single Answer
5935,"What is the historical significance of the name given to girls in 17th-century America to reflect moral values, similar to Charity Cook, an early settler in Plymouth Colony?",difficulty-2,It was a common Puritan virtue name,Single Answer
5938,"What are three specific factual attributes about the family known for blending Islamic, Jewish, and Greco-Roman intellectual traditions in medieval Spain?",difficulty-2,"1. Historical Identity: Prominent in medieval Spain during Al-Andalus. 2. Geographical Identity: Associated with Toledo, a major scholarly hub. 3. Professional Identity: Renowned physicians and astronomers serving royal courts",Single Answer
5941,"What are three specific factual attributes of the group with dual heritage from the UK and the US, focusing on its unique historical, geographical, and professional dimensions?",difficulty-2,1. Historical Dual Allegiance 2. Geographical Concentration 3. Professional & Institutional Influence,Single Answer
5944,"Based on these facts: Certainly! Here are three specific factual attributes for **'The only city to host both Summer and Winter Olympics'**, focusing on its unique historical, geographical, or professional identity:",difficulty-2,Beijing,Single Answer
5947,What is the only language to have evolved from Old English (Anglo-Saxon) while being heavily influenced by both Old Norse and Norman French?,difficulty-2,English,Single Answer
5950,"Which pioneering figure in animation and entertainment founded Disneyland in 1955, created Mickey Mouse in 1928, and was the first to win an Academy Award for a full-color cartoon with 'Flowers and Trees' in 1932?",difficulty-2,Walt Disney,Single Answer
5953,"What is the name of the shopping center in Culver City that was part of the historic Fox Hills Mall, acquired by Westfield Group in 1998, located at the intersection of Slauson Avenue and Sepulveda Boulevard, and underwent a major redevelopment in the early 2000s?",difficulty-2,The retail hub with a mid-century legacy and modern AMC Theatre,Single Answer
5956,"What is the name of the ruined medieval fortress located near Stonehaven, Scotland, believed to have been built in the 12th or 13th century, which served as a strategic stronghold for the Earls of Mar?",difficulty-2,The fortress near the mouth of Cowie Water,Single Answer
5959,"What is the name of the college football bowl game that is one of the oldest in the U.S., first played in 1935, and traditionally held at Hard Rock Stadium in Miami Gardens, Florida?",difficulty-2,Orange Bowl,Single Answer
5962,"What is the name of the renowned a cappella group founded in 2000 at the University of Oxford, known for its dynamic performances and contributions to collegiate a cappella culture in the UK?",difficulty-2,The only collegiate a cappella group from Oxford to appear on Britain’s Got Talent,Single Answer
5965,What is the name of the 4.2-mile stretch of Las Vegas Boulevard South that is home to 15 of the world's 25 largest hotels and hosts major events like boxing matches and the Electric Daisy Carnival (EDC)?,difficulty-2,The Strip,Single Answer
5968,Which U.S. president was famously nicknamed after a character he portrayed in a 1940 film?,difficulty-2,Ronald Reagan,Single Answer
5971,"Who was the lead vocalist of The Seekers known for her pure, soaring soprano voice and honored as a Companion of the Order of Australia (AC)?",difficulty-2,Judith Durham,Single Answer
5974,What is the only television genre that blends frontier myths with slapstick humor while satirizing post-war America?,difficulty-2,Western comedy television series,Single Answer
5977,What is the unique attribute of the film that blends elements of traditional martial arts cinema with the American Old West?,difficulty-2,The only Jackie Chan-led Western comedy set in the 19th-century U.S. with Chinese Imperial Guard protagonist,Single Answer
5980,Who was the notorious Chicago mob boss linked to CIA-Mafia plots and met a violent end in 1975?,difficulty-2,The high-ranking leader of the Chicago Outfit involved in Operation Mongoose,Single Answer
5983,Who is the paleontologist known for proposing the Medea Hypothesis and collaborating with NASA on astrobiology projects?,difficulty-2,Peter Thomas Ward,Single Answer
5986,"What is the name of the comic that marks the official marriage of Superman (Clark Kent) and Lois Lane, featuring contributions from Dan Jurgens, Karl Kesel, and Stuart Immonen, and released as an oversized one-shot with a cardstock cover?",difficulty-2,The only DC Comics one-shot to commemorate the marriage of Superman and Lois Lane with a prestige format and variant covers,Single Answer
5989,"Who is the co-founder and longtime lead vocalist of Obituary, known for his guttural, growling vocal delivery and pioneering role in the Florida death metal scene?",difficulty-2,"The vocalist who co-founded Obituary and helped shape death metal with his raw, primal vocal style",Single Answer
5992,"What is unique about a 47-storey mixed-use skyscraper that integrates advanced engineering techniques, serves as a vertical city, and includes LEED-certified designs?",difficulty-2,"The only skyscraper of its height to combine composite steel-concrete frameworks, urban multifunctionality, and sustainability certifications",Single Answer
5995,"Which Romanian institution, named after a Roman poet exiled to Tomis (modern-day Constanța), was founded in 1961 as a pedagogical institute and became a full university in 1990?",difficulty-2,Ovidius University,Single Answer
5998,"Which novel, set in 17th-century Puritan Massachusetts and critiquing rigid moral codes, is considered a foundational work of American Romanticism?",difficulty-2,The Scarlet Letter,Single Answer
6001,"What is the name of the official student newspaper of the University of Richmond, first published in 1914, making it one of the oldest continuously running college newspapers in Virginia?",difficulty-2,The Collegian,Single Answer
6004,"Which UK county, known for being the childhood home of Queen Elizabeth I at Hatfield House, also hosts Warner Bros. Studios Leavesden and has nearly 30% of its land as protected Green Belt?",difficulty-2,Hertfordshire,Single Answer
6007,What is the 19th-century strategic rivalry between the British Empire and Tsarist Russia for control over Central Asia called?,difficulty-2,The Great Game,Single Answer
6010,"What is the smallest of the 88 modern constellations but one of the most recognizable in the Southern Hemisphere, known for its distinctive cross-shaped asterism?",difficulty-2,Crux,Single Answer
6013,Who was the mathematician and astronomer associated with designing the astronomical functions of the Prague Orloj in the early 15th century?,difficulty-2,The scholar who contributed to the Prague Astronomical Clock's design in 1410,Single Answer
6016,What is the only Danish city founded as a Viking fishing village that later became the capital in the 15th century under King Eric of Pomerania?,difficulty-2,Copenhagen,Single Answer
6019,"What year marked humanity's first successful manned mission to the Moon, a major environmental disaster in Cleveland, Ohio, and the birth of the UNIX operating system?",difficulty-2,1969,Single Answer
6022,"What is the traditional Faroese ballad that dates back to the medieval period, reflecting the oral storytelling traditions of the Faroe Islands?",difficulty-2,The only Faroese ballad performed in chain dances and passed down through generations,Single Answer
6025,Who was the first president of the American Psychological Association (APA) in 1892?,difficulty-2,The founder of the first American psychology laboratory at Johns Hopkins University,Single Answer
6028,What is the largest island in Estonia known for its Kaali Meteorite Crater and distinctive cultural heritage?,difficulty-2,Saaremaa,Single Answer
6031,Who is the Holmes Professor of Old Testament Criticism and Interpretation at Yale Divinity School known for his work on the Dead Sea Scrolls?,difficulty-2,John J. Collins,Single Answer
6034,"Who was the 41st U.S. President (1989–1993), Director of the CIA (1976–1977), and a World War II Navy Pilot?",difficulty-2,The only U.S. president to have been Director of the CIA before assuming the presidency,Single Answer
6037,Who was the architect of England's first organized intelligence network under Queen Elizabeth I?,difficulty-2,The mastermind behind the exposure of the Babington Plot,Single Answer
6040,Which South Korean actress is renowned for her portrayal of Queen Munjeong in 'Dae Jang Geum' and Lady Choi in 'Jumong'?,difficulty-2,The actress celebrated for her iconic roles in 'Dae Jang Geum' and 'Jumong',Single Answer
6043,"What is the name of the college guidebook first published in 1974 by the Yale Daily News, known for its student-driven perspective?",difficulty-2,The guidebook that prides itself on unfiltered peer insights,Single Answer
6046,Which city is home to the second-oldest university in the English-speaking world and has produced 121 Nobel laureates?,difficulty-2,Cambridge,Single Answer
6049,Which Buddhist tradition traces its origins directly to the teachings of the Buddha and preserves the Pāli Canon?,difficulty-2,The tradition emphasizing strict monastic discipline and Vipassanā meditation,Single Answer
6052,"Which U.S. communication school, founded in 1878 as the 'School of Oratory,' leverages its proximity to Chicago for media opportunities and houses the National High School Institute (Cherubs)?",difficulty-2,The institution known for pioneering the Sound Learning Lab and blending elocution traditions with modern media studies,Single Answer
6055,What was the name of the Democratic Republic of the Congo from 1971 to 1997 under Mobutu Sese Seko's rule?,difficulty-2,The country that implemented 'Authenticité' to erase colonial influences,Single Answer
6058,What is the historical significance of the star-shaped bastion fort built in 1702–1704 along the Voronezh River?,difficulty-2,"The star-shaped bastion fort was a key defensive structure during the Great Northern War, protecting Russia's southern frontier",Single Answer
6061,"What is the official motto adopted in 1814 during Norway's constitutional assembly at Eidsvoll, symbolizing national unity and independence?",difficulty-2,Alt for Norge,Single Answer
6064,What is the only country with territory on five continents that is home to the Lascaux Caves?,difficulty-2,France,Single Answer
6067,"What is the term for the evolutionary theory that integrates Darwinian natural selection with Mendelian genetics, developed primarily in the 1930s–1950s by scientists like Ronald Fisher, J.B.S. Haldane, and Theodosius Dobzhansky?",difficulty-2,Modern Synthetic Theory of Evolution,Single Answer
6070,"Who is the historically significant figure in baseball known for his 20-year career as the shortstop for the New York Yankees, winning five World Series titles and earning 14 All-Star selections?",difficulty-2,Derek Jeter,Single Answer
6073,"What was the device introduced by Apple on October 23, 2001, featuring a 5GB hard drive and a mechanical scroll wheel that later evolved into a touch-sensitive Click Wheel?",difficulty-2,iPod,Single Answer
6076,"What is the title of the fairy tale first written by Gabrielle-Suzanne de Villeneuve in 1740, later abridged by Jeanne-Marie Leprince de Beaumont, and set in a romanticized European countryside?",difficulty-2,The tale with a cursed rose and transformative love,Single Answer
6079,"Which institution, known for its motto 'Mens et Manus' (Mind and Hand), was established in 1861 during the Industrial Revolution with a focus on applied science and engineering?",difficulty-2,Massachusetts Institute of Technology (M.I.T.),Single Answer
6082,What is the only major North American sports league with a team that won 8 consecutive championships?,difficulty-2,The league founded in 1946 as the Basketball Association of America (BAA),Single Answer
6085,"What is the name of the coal-rich region in eastern India, primarily in Jharkhand and parts of West Bengal and Bihar, historically linked to British-era mining operations?",difficulty-2,The region known as India's primary coal-mining hub,Single Answer
6088,"What is the first original Swedish science fiction novel focused on space travel, published in 1954?",difficulty-2,The pioneering Swedish space-themed novel,Single Answer
6091,What significant event occurred in the year when the People's Republic of China was proclaimed?,difficulty-2,The founding of the People's Republic of China (PRC),Single Answer
6094,"What is the TV series that draws heavily from the Wars of the Roses (1455–1487), features a world with Westeros resembling an inverted Great Britain, and had episodes costing over $15 million each?",difficulty-2,The series with a Wall inspired by Hadrian's Wall,Single Answer
6097,"Which country is home to the Roman Empire and the Renaissance, features a boot-shaped peninsula, and is renowned for high-end fashion and opera?",difficulty-2,The land of Ferrari and Lamborghini,Single Answer
6100,"What is the name of the language that is one of the world's oldest continuously used writing systems, with oracle bone script dating back over 3,000 years to the Shang Dynasty, is spoken natively by 1.3 billion people, and is a tonal language using characters rather than an alphabet?",difficulty-2,Chinese (汉语/中文),Single Answer
6103,What is the only Romance language that evolved directly from Latin and was standardized in the 14th century due to Dante Alighieri’s Divine Comedy?,difficulty-2,Italian,Single Answer
6106,"Who was the Italian-born British librarian and scholar, known for revolutionizing the British Museum Library and introducing the 91 Rules of Cataloguing?",difficulty-2,Sir Anthony Panizzi,Single Answer
6109,"Which country is home to the Roman Empire, the Renaissance, and the birthplace of opera?",difficulty-2,The land of luxury fashion and design,Single Answer
6112,Who was the founder of the Gestapo and later became Reichsmarschall in Nazi Germany?,difficulty-2,Hermann Göring,Single Answer
6115,"Which geopolitical entity was unified under a single monarchy in 927 AD under King Æthelstan, making it one of the oldest continuously existing sovereign states in Europe?",difficulty-2,The land of the White Cliffs,Single Answer
6118,"Who was the key member of the Karakol Cemiyeti, served as a deputy in the last Ottoman Parliament (1920), and was later exiled to Malta by the British?",difficulty-2,Kara Vâsıf Bey,Single Answer
6121,"What is the only major Indo-Aryan language that evolved from Sanskrit through Prakrit and Apabhramsha stages, with significant Persian, Arabic, and Turkic influences during the Mughal era, and became standardized in the 19th century?",difficulty-2,Hindi,Single Answer
6124,"Which Polynesian nation, known as the first to gain independence in the region in 1962, moved west of the International Date Line in 2011 to align with Australia and New Zealand's timezone?",difficulty-2,The first independent Polynesian nation,Single Answer
6127,"Which British author, known for children's books like *Charlie and the Chocolate Factory*, had Norwegian heritage and served as an RAF fighter pilot during WWII?",difficulty-2,The creator of *Matilda*,Single Answer
6130,"What virtual world was created in 2007 by the author of *Diary of a Wimpy Kid* as a safe, educational space for children?",difficulty-2,Poptropica,Single Answer
6133,What is the name of the virtual world created by Jeff Kinney in 2007 that features geography-based islands and transitioned to mobile platforms in 2020?,difficulty-2,Poptropica,Single Answer
6136,"Which region, known for its geographical diversity spanning coastal areas like Malibu and Laguna Beach, deserts such as the Mojave and Colorado Deserts, and mountain ranges including the San Gabriel and San Bernardino Mountains, is also a global hub for the entertainment industry and tech innovation?",difficulty-2,Southern California,Single Answer
6139,Who was the renowned British soprano who studied at the Royal Manchester College of Music and gained fame for her role in Strauss' *Der Rosenkavalier*?,difficulty-2,Elizabeth Harwood,Single Answer
6142,"Which Southeast Asian country is renowned for its resilient independence struggle, stunning karst landscapes, and being the second-largest coffee exporter globally?",difficulty-2,Vietnam,Single Answer
6145,Who is the Canadian film producer and director married to Sir Elton John?,difficulty-2,David Furnish,Single Answer
6148,"What is the Italian administrative division known for its medieval origins and decentralized governance, with over 7,900 units ranging from tiny villages to major cities?",difficulty-2,The Italian administrative division with medieval origins and decentralized governance,Single Answer
6151,"What was the conflict where the Confederate states seceded to preserve slavery, while the Union fought to maintain national unity and later abolish it?",difficulty-2,The American Civil War (1861–1865),Single Answer
6154,"Who was the prominent Pakistani journalist and political activist known for opposing military dictatorships, particularly during General Zia-ul-Haq's regime in the 1980s, associated with Lahore and a leading member of the Pakistan People’s Party (PPP)?",difficulty-2,The Marxist intellectual and editor of *Musawat*,Single Answer
6157,"What is the surname derived from the Latin word for 'war', common in Spain, Portugal, and Italy, historically linked to warriors or military leaders?",difficulty-2,The name tied to medieval combat traditions in Iberian and Italian cultures,Single Answer
6160,"What was the name of the political entity formed in 1861 by 11 Southern states that seceded from the United States, primarily to preserve slavery and states' rights, with its capital in Richmond, Virginia?",difficulty-2,The Confederacy,Single Answer
6163,"Which country, known for its resilient independence struggle including victories at Dien Bien Phu (1954) and the Vietnam War (1955–1975), features a stunning S-shaped coastline and is emerging as a global manufacturing hub?",difficulty-2,Vietnam,Single Answer
6166,"Which renowned British operatic soprano and mezzo-soprano is celebrated for her interpretations of Giuseppe Verdi's heroines, successfully transitioned to mezzo-soprano repertoire in the late 1990s, and performed at major opera houses worldwide?",difficulty-2,The Verdian dramatic soprano who later embraced mezzo roles,Single Answer
6169,"What is the significance of the year when Europe endured the Great Frost, one of the coldest winters in recorded history?",difficulty-2,1709,Single Answer
6172,What is the historical significance of the movement opposing the Bolsheviks during the Russian Civil War?,difficulty-2,"The movement opposing the Bolsheviks during the Russian Civil War was known as the White Army, which fought to restore monarchist or democratic rule",Single Answer
6175,"Which Australian post-punk band, originally formed as *The Boys Next Door* in 1977, later renamed themselves and became known for their dark, abrasive sound influencing gothic and noise rock scenes?",difficulty-2,The band that relocated from Australia to London in 1980 and later moved to West Berlin in 1982,Single Answer
6178,"Which institution, founded in 1209, is the second-oldest university in the English-speaking world and has produced 121 Nobel laureates?",difficulty-2,The institution with the most Nobel laureates,Single Answer
6181,What armored vehicle produced by a company known for early military vehicles was used in World War I and later by police departments?,difficulty-2,White armored car,Single Answer
6184,"Who was the Labour MP for Lewisham North (1966–1974) and Lewisham East (1974–1983), later serving as Minister of State for Health (1976–1979) and opposing Welsh Devolution in 1979?",difficulty-2,The only British Labour politician to hold the Lewisham constituencies while also serving as Minister of State for Health and opposing Welsh Devolution,Single Answer
6187,"Which year marks the Bangladesh Liberation War, the development of the first email system, and the opening of Walt Disney World Resort?",difficulty-2,1971,Single Answer
6190,"What is the football association representing one of the smallest FIFA member nations (just 6.8 km²), located at the southern tip of the Iberian Peninsula?",difficulty-2,Gibraltar Football Association,Single Answer
6193,"In the year known as 'The dawn of the smartphone era', what significant global event, natural disaster, and economic milestone occurred?",difficulty-2,"1. The iPhone was introduced by Apple on June 29, 2007. 2. Cyclone Sidr struck Bangladesh in November 2007. 3. Bitcoin’s whitepaper was published in October 2007",Single Answer
6196,"Which city, known for its Dymkovo toys and historical resistance to Mongol rule, was founded in 1374 along the Vyatka River?",difficulty-2,Kirov,Single Answer
6199,"What document, adopted by the Second Continental Congress on July 4, 1776, formally announced the American colonies' separation from British rule and was primarily drafted by Thomas Jefferson?",difficulty-2,The document asserting colonial independence from Britain in 1776,Single Answer
6202,What is the ruling dynasty of Saudi Arabia that traces its origins to Muhammad bin Saud and formed an alliance with Muhammad ibn Abd al-Wahhab in 1744?,difficulty-2,The ruling dynasty of Saudi Arabia,Single Answer
6205,"Which U.S. landmark exposes nearly 2 billion years of Earth's geological history, has been home to Native American tribes for over 12,000 years, and is both a U.S. National Park and a UNESCO World Heritage Site?",difficulty-2,The stratified cliffs revealing ancient marine fossils,Single Answer
6208,"Which Swedish charter airline, known for its all-Airbus fleet and headquartered in Stockholm, ceased operations in 2004 due to post-9/11 industry challenges?",difficulty-2,Novair International Airways,Single Answer
6211,"Which NFL team is the only publicly owned, non-profit franchise in major American professional sports?",difficulty-2,"The community-owned team based in Green Bay, Wisconsin",Single Answer
6214,"What is the only major language that combines kanji, hiragana, and katakana in its writing system?",difficulty-2,Japanese,Single Answer
6217,"What is the most widely spoken language in India, primarily in the 'Hindi Belt' (Northern & Central India), including states like Uttar Pradesh, Bihar, Madhya Pradesh, and Rajasthan?",difficulty-2,Hindi,Single Answer
6220,"In which year was the Social Security Act signed into law in the U.S., marking a pivotal moment in American welfare policy?",difficulty-2,1935,Single Answer
6223,"What is the unique attribute of the settlement originally established in the early 1900s as a logging settlement, now known for its bioluminescent moss and artisan collective?",difficulty-2,The only village where bioluminescent moss glows faintly at night along certain trails,Single Answer
6226,"What is the name of the classified U.S. intelligence document from the early 1960s linked to CIA covert operations in Cuba, reportedly involving Robert F. Kennedy and shrouded in debates about its authenticity?",difficulty-2,The document tied to the Bay of Pigs and anti-Castro efforts,Single Answer
6229,What is the ruling royal family of Saudi Arabia that established the First Saudi State (1744–1818) in alliance with Muhammad ibn Abd al-Wahhab?,difficulty-2,The dynasty originating from Diriyah in central Najd,Single Answer
6232,What are three specific factual attributes about the post-punk band originally known as *The Boys Next Door*?,difficulty-2,"1. Formed in 1977 in Melbourne, Australia. 2. Relocated to London (1980) and later West Berlin (1982). 3. Featured Nick Cave and Mick Harvey, with *Release the Bats* becoming a cult hit",Single Answer
6235,"What is the name of the fast-food chain that is widely regarded as the first in the U.S., founded in 1921 in Wichita, Kansas, and famous for its small, square-shaped hamburgers called 'sliders'?",difficulty-2,"The fast-food chain known for pioneering quick-service dining with standardized, affordable meals and distinctive steamed sliders",Single Answer
6238,"Which historical figure, known for modernizing the Catholic Church through the Second Vatican Council, was born in Brescia, Italy, and served as Archbishop of Milan from 1954 to 1963?",difficulty-2,Pope Paul VI,Single Answer
6241,Who was the first Muslim president of the Indian National Congress in 1887?,difficulty-2,Badruddin Tayyab Ji,Single Answer
6244,"What is the name of the iconic London concert hall that was opened in 1871 by Queen Victoria in memory of her late husband, features a distinctive glass-and-wrought-iron dome, and hosts the BBC Proms annually?",difficulty-2,The venue with a glass-and-wrought-iron dome in South Kensington,Single Answer
6247,"Which country, known as the birthplace of the Renaissance, holds the record for the most UNESCO World Heritage Sites and is the world's largest wine producer?",difficulty-2,Italy,Single Answer
6250,"Which pivotal figure in early Christianity, born in Tarsus (modern-day Turkey), was a Pharisee and tentmaker before his religious conversion?",difficulty-2,The Apostle to the Gentiles,Single Answer
6253,Who is the theorist known for the concept of 'creative destruction'?,difficulty-2,Joseph Schumpeter,Single Answer
6256,Who was the Communist leader known for establishing a socialist federation that resisted Soviet dominance during the Cold War under the policy of Non-Alignment?,difficulty-2,Josip Broz Tito,Single Answer
6259,"Which political party, founded in 1912 by Sun Yat-sen, was the ruling party of the Republic of China from 1928 to 1949 and later retreated to Taiwan?",difficulty-2,The party advocating the Three Principles of the People,Single Answer
6262,"Which economist, born in Moravia (now Czech Republic), introduced the theory of 'creative destruction' and later taught at Harvard University?",difficulty-2,"The pioneer of innovation economics who authored 'Capitalism, Socialism and Democracy'",Single Answer
6265,"What is the name of the first novel by Brazilian literary giant Machado de Assis, which marked his transition from Romanticism to Realism?",difficulty-2,The debut novel that signaled Machado de Assis's shift from Romanticism to Realism,Single Answer
6268,"Which Hungarian composer, known as 'The Virtuoso of the Piano', was born in Raiding in 1811 and revolutionized piano technique with works like *Transcendental Études*?",difficulty-2,Franz Liszt,Single Answer
6271,"Who is the philosopher known for the dictum 'Cogito, ergo sum' and the development of analytic geometry?",difficulty-2,The Father of Modern Philosophy,Single Answer
6274,"What is the title of the compilation album that celebrates Nick Cave and the Bad Seeds’ 30th anniversary, showcasing their work from 1984 to 2014?",difficulty-2,The album that marks three decades of artistic evolution from post-punk roots to gothic-blues mastery,Single Answer
6277,What is the name of the LNG-powered container ship delivered in 2020 that is part of CMA CGM's fleet and named after a constellation?,difficulty-2,The vessel named after the Vela constellation,Single Answer
6280,"What is the name of the medal established in 1875 by the Franklin Institute in Philadelphia, named after a local philanthropist, and awarded for achievements in science and technology, including recipients like Nikola Tesla, Marie Curie, and Orville Wright?",difficulty-2,Elliott Cresson Medal,Single Answer
6283,What is the armored vehicle developed in the 1980s by Hyundai Precision (now Hyundai Rotem) as South Korea’s first domestically produced IFV under the 'Yulgok Project'?,difficulty-2,The tracked amphibious combat vehicle designed for Korea’s rugged terrain,Single Answer
6286,Which city served as the capital of Brazil from 1763 to 1960 and is home to the Christ the Redeemer statue?,difficulty-2,The city that hosted the 2016 Summer Olympics and is famous for its Carnival,Single Answer
6289,"Which 1881 Brazilian novel, known for its self-aware, digressive narrative style where the protagonist recounts his life posthumously, is considered the first major work of Brazilian Realism?",difficulty-2,The posthumous memoirs novel by Machado de Assis,Single Answer
6292,"Which Polish-born composer, known for revolutionizing piano technique and spending most of his adult life in Paris due to exile, was deeply connected to Polish culture despite living abroad?",difficulty-2,Frédéric Chopin,Single Answer
6295,What is the coordinate system named after the French philosopher who formalized it in his 1637 work *La Géométrie*?,difficulty-2,Cartesian coordinate system,Single Answer
6298,"What is the name of the medal established in 1925 to honor a Philadelphia industrialist and philanthropist, awarded for outstanding discovery or innovation in science and technology, and uniquely tied to the Franklin Institute in Philadelphia?",difficulty-2,John Price Wetherill Medal,Single Answer
6301,Who is the philosopher known as the 'Father of Modern Philosophy' who also invented Cartesian geometry and spent much of his life in the Dutch Republic?,difficulty-2,René Descartes,Single Answer
6304,"Which San Francisco-formed band, known for their 1993 hit 'What's Up?', had Linda Perry as their lead singer before she became a renowned songwriter?",difficulty-2,4 Non Blondes,Single Answer
6307,"What is the title of the song by Eyehategod that exemplifies sludge metal, reflects New Orleans roots, and appears on their 2000 album *Confederacy of Ruined Lives*?",difficulty-2,"The track with dissonant, feedback-heavy sound and misanthropic lyrics",Single Answer
6310,"Who was the youngest surviving daughter of King George II of Great Britain and Queen Caroline, who married Frederick V of Denmark in 1743 and became Queen Consort of Denmark and Norway?",difficulty-2,Louise of Great Britain,Single Answer
6313,"What term originally referred to American colonists who rebelled against British rule during the Revolutionary War (1775–1783), formed militias, and were key figures in events like the Boston Tea Party and the Declaration of Independence?",difficulty-2,Patriots,Single Answer
6316,"Which band, known for their hit 'What's Up?', formed in San Francisco in 1989 and disbanded in 1994?",difficulty-2,The band behind 'What's Up?',Single Answer
6319,What is the name of the medal established in 1941 that honors a prominent Philadelphia engineer and inventor known for his contributions to structural engineering and construction safety?,difficulty-2,Frank P. Brown Medal,Single Answer
6322,"What term refers to the colonists in the 13 American colonies who rebelled against British rule (1765–1783), leading to the Revolutionary War and the formation of the United States, with key figures like George Washington, Thomas Jefferson, and Samuel Adams?",difficulty-2,The group that opposed British rule in the 13 colonies,Single Answer
6325,"Who was the daughter of Franz Liszt and Marie d'Agoult, later married to Richard Wagner, and became instrumental in preserving his legacy?",difficulty-2,The woman who directed the Bayreuth Festival from 1883 to 1908,Single Answer
6328,Who was the infant son of King George II and Queen Caroline who died at three months old in 1718?,difficulty-2,Prince George William of Great Britain,Single Answer
6331,"Who is the first child of Queen Elizabeth II and Prince Philip, Duke of Edinburgh, to compete in the Olympics?",difficulty-2,"The first child of Queen Elizabeth II and Prince Philip, Duke of Edinburgh, to compete in the Olympics",Single Answer
6334,"Who was the principal author of the Declaration of Independence and the third President of the United States, also known for founding a university in 1819?",difficulty-2,The principal author of the Declaration of Independence,Single Answer
6337,"What is the name of the annual championship game that was first held in 1967, rotates host cities, and has the New England Patriots and Pittsburgh Steelers as the teams with the most wins?",difficulty-2,Super Bowl,Single Answer
6340,Who was the Polish-born composer who revolutionized piano technique and composed nocturnes and ballades while living in Paris after the November Uprising?,difficulty-2,Frédéric Chopin,Single Answer
6343,Who was the Polish-born composer who revolutionized the nocturne and spent most of his creative life in Paris?,difficulty-2,The Polish-born composer who revolutionized the nocturne and spent most of his creative life in Paris was Frédéric Chopin,Single Answer
6346,What is the name of the archival network established by Franklin D. Roosevelt in 1939 that preserves U.S. presidential legacies?,difficulty-2,The only archival network initiated by a sitting U.S. president to preserve their own legacy,Single Answer
6349,"Which country is home to Hangeul, the scientifically designed alphabet created in 1443 by King Sejong the Great?",difficulty-2,The Land of Morning Calm,Single Answer
6352,"What federal building, named after a long-serving California Democrat known for his Cold War-era policies, features a distinctive Ziggurat-style design and houses key immigration offices?",difficulty-2,The terraced pyramid-shaped federal complex in Monterey Park,Single Answer
6355,"Who is the composer known as Poland’s most celebrated cultural symbol, who revolutionized piano music with works like *Nocturnes* and *Ballades*, and became a central figure in the Romantic movement after settling in Paris?",difficulty-2,"The composer known as Poland’s most celebrated cultural symbol, who revolutionized piano music and became a central figure in the Romantic movement in Paris",Single Answer
6358,"Who was the Cuban revolutionary and independence activist known for his role in the Ten Years' War (1868–1878), later exiled in the United States, and connected to José Martí's movement?",difficulty-2,Gerónimo Berroa,Single Answer
6361,"Which Brazilian left-winger, known for his pace and dribbling, played for AC Milan during their dominant era under Arrigo Sacchi?",difficulty-2,The player who was part of Brazil's 1990 World Cup squad and contributed to AC Milan's success in Serie A and European competitions,Single Answer
6364,What is the name of the U.S. President who was the principal author of the Declaration of Independence in 1776?,difficulty-2,Thomas Jefferson,Single Answer
6367,"What is the name of the city that was officially founded in 1167 by Bishop Absalon, who built a fortress on the site of what is now Christiansborg Palace, the seat of the Danish Parliament?",difficulty-2,The city known for its ambitious goal to become the world's first carbon-neutral capital by 2025,Single Answer
6370,Who was the first animated star of Warner Bros.?,difficulty-2,The first major cartoon character created by Hugh Harman and Rudolf Ising in 1929,Single Answer
6373,"What is the name of the entertainment company founded on April 4, 1923, that revolutionized cinema with the first feature-length 'talkie' and is headquartered in Burbank, California?",difficulty-2,Warner Bros,Single Answer
6376,"Which entertainment company, founded on April 4, 1923, by four brothers in Los Angeles, California, revolutionized cinema with the first feature-length motion picture with synchronized dialogue?",difficulty-2,Warner Bros,Single Answer
6379,What is the Italian administrative division equivalent to a municipality that dates back to the medieval Lombard League and is led by a Sindaco?,difficulty-2,The only Italian administrative division with medieval charters and city walls,Single Answer
6382,"Which animation studio, based in Phoenix, Arizona, was known for its low-budget, high-volume output in the early 1990s and worked on projects like *The Real Ghostbusters* and *Teenage Mutant Ninja Turtles*?",difficulty-2,"The only major animation studio based in Phoenix, Arizona during the early 1990s",Single Answer
6385,"What device introduced by Apple on October 23, 2001, revolutionized digital music with its compact design, scroll wheel, and seamless integration with iTunes?",difficulty-2,The device that transformed digital music,Single Answer
6388,"What is the only language that evolved from Old English (Anglo-Saxon), was heavily influenced by Old Norse and Norman French, and now serves as the dominant language of global business, science, and aviation?",difficulty-2,English,Single Answer
6391,Which county is home to the birthplace of the American automotive industry and includes the busiest commercial border crossing in North America?,difficulty-2,Wayne County,Single Answer
6394,What is the historical influence of Old Norse on the global lingua franca with over 1.5 billion speakers?,difficulty-2,"English absorbed significant vocabulary from Old Norse during the Viking invasions (8th–11th centuries), including words like 'sky', 'egg', 'knife', and 'they/them'",Single Answer
6397,"Which company, known for its 'Spaceship' headquarters in Cupertino, California, was founded on April 1, 1976, by Steve Jobs, Steve Wozniak, and Ronald Wayne, and became the first publicly traded U.S. company to reach a $1 trillion market valuation in August 2018?",difficulty-2,Apple,Single Answer
6400,"What is the only county in Minnesota that was one of the original nine counties established when the state became a territory in 1849, known for its role in early settlement and trade, with landmarks like the Sibley House reflecting its fur trade and Dakota Sioux heritage?",difficulty-2,Dakota County,Single Answer
6403,"What is the name of the 1966 Bollywood film known for its iconic soundtrack by R.D. Burman, starring Shammi Kapoor and directed by Vijay Anand?",difficulty-2,Teesri Manzil,Single Answer
6406,"Who was the transgender man whose life and tragic murder became a pivotal case in LGBTQ+ rights advocacy, inspiring the 1999 film *Boys Don’t Cry*?",difficulty-2,Brandon Teena,Single Answer
6409,"Which U.S. president, known for serving from 1913 to 1921 and winning the 1919 Nobel Peace Prize, was also a former president of Princeton University?",difficulty-2,The 28th U.S. President (1913–1921),Single Answer
6412,What is the only country to have produced a double Nobel laureate in two different scientific fields?,difficulty-2,Poland,Single Answer
6415,"Which city is home to the world’s oldest underground railway system, bisected by the River Thames, and a global financial hub?",difficulty-2,London,Single Answer
6418,"What was the world's first widely produced manually command-to-line-of-sight (MCLOS) missile, introduced in 1956 and used by over 30 countries?",difficulty-2,The first mass-produced MCLOS missile,Single Answer
6421,What was the first mass-produced wire-guided anti-tank missile developed by France in 1956?,difficulty-2,The SS.11,Single Answer
6424,What is the aviation or military significance of the designation 'The alphanumeric code used for an early U.S. Navy air-to-air missile prototype'?,difficulty-2,It likely denotes a specific model or variant of an early U.S. Navy air-to-air missile or experimental aircraft component,Single Answer
6427,"What was the first mass-produced MCLOS anti-tank missile, entering service in 1956?",difficulty-2,The SS.11,Single Answer
6430,Which car model produced by the Hudson Motor Car Company from 1952 to 1956 featured the innovative 'Monobuilt' step-down chassis and contributed to early 1950s stock car racing?,difficulty-2,The mid-range model between the compact Hudson Jet and the full-size Hornet,Single Answer
6433,"What was the luxury car model produced by the Hudson Motor Car Company from 1941 to 1952, known for its step-down design?",difficulty-2,The vehicle with the innovative step-down chassis,Single Answer
6436,"What was the premium model line of the Hudson Motor Car Company in the 1940s and 1950s, known for its innovative step-down chassis and NASCAR dominance?",difficulty-2,The upscale line named after luxurious ships,Single Answer
6439,"What was the mid-range automobile produced by the now-defunct Hudson Motor Car Company in 1952, positioned between the compact Hudson Jet and the full-size Hornet?",difficulty-2,The vehicle featuring Hudson’s innovative 'step-down' unibody construction,Single Answer
6442,"Which record label, known for being the first major one based on the West Coast, was founded in 1942 in Los Angeles, has an iconic cylindrical headquarters in Hollywood resembling a stack of vinyl records, and played a pivotal role in breaking The Beatles in the U.S.?",difficulty-2,Capitol Records,Single Answer
6445,"Which university, known for its urban campus without traditional boundaries in Greenwich Village, is the oldest private research university in New York City, founded in 1831?",difficulty-2,New York University (NYU),Single Answer
6448,"What was the military force of Soviet Russia and later the USSR, officially established in 1918 during the Russian Civil War?",difficulty-2,The force that consolidated Bolshevik power by defeating the White Army and foreign interventionists,Single Answer
6451,What was the experimental French aircraft that tested ramjet propulsion combined with a traditional turbojet in the 1950s?,difficulty-2,Nord 1500 Griffon,Single Answer
6454,What landform entirely surrounded by water creates distinct ecosystems and often leads to unique biodiversity?,difficulty-2,A landmass isolated by water,Single Answer
6457,"What is the name of the entertainment company founded on April 4, 1923, in Los Angeles, California, by four brothers, known for pioneering sound in film with *The Jazz Singer* (1927)?",difficulty-2,The studio behind *The Jazz Singer* (1927),Single Answer
6460,Which luxury automobile from the early 20th century featured an inline-eight-cylinder engine and was marketed as a premium flagship model by its manufacturer?,difficulty-2,The vehicle with the distinctive inline-eight-cylinder engine produced by the Hudson Motor Car Company,Single Answer
6463,"Which entertainment company, founded on April 4, 1923, by four brothers in Los Angeles, California, pioneered sound in film with *The Jazz Singer* (1927)?",difficulty-2,Warner Bros,Single Answer
6466,Who was the revolutionary educator from Guangdong known for blending Confucian values with Western education methods?,difficulty-2,The pioneer of modern schooling in early 20th-century China,Single Answer
6469,"Which song, written by Robbie Robertson of The Band in 1969, reflects the turmoil of the American Civil War from the perspective of a fictional Southern soldier and references Virginia and the Richmond & Danville Railroad?",difficulty-2,The Night They Drove Old Dixie Down,Single Answer
6472,What is the title of the song that features a protagonist named Virgil Caine and is set during the final days of the American Civil War?,difficulty-2,The Night They Drove Old Dixie Down,Single Answer
6475,"What are three specific factual attributes of the **only branch of the U.S. armed forces mandated by law to maintain expeditionary readiness for immediate global deployment**, focusing on its unique historical, geographical, and professional identity?",difficulty-2,1. Historical Identity – The Roman Legion pioneered standardized training and engineering feats. 2. Geographical Identity – The Swiss Guard is the world’s smallest and oldest active military unit. 3. Professional Identity – The U.S. Marine Corps is mandated by the National Security Act of 1947 for immediate deployment,Single Answer
6478,What is the foundational text of the modern animal rights movement that introduced the concept of speciesism?,difficulty-2,Animal Liberation,Single Answer
6481,"Which Wisconsin county, known for its globally significant Silurian Period fossils, was historically called the 'Spring City' and played a pivotal role in the 2011-2012 Wisconsin recall elections?",difficulty-2,The county with the Waukesha Biota,Single Answer
6484,"What was the first major conflict to introduce industrialized warfare on a global scale, leading to the collapse of multiple empires?",difficulty-2,The Great War,Single Answer
6487,"Who was the British astronomer known for his work at the Radcliffe Observatory in Oxford, cataloguing southern stars and contributing to the Radcliffe Catalogue of Stars?",difficulty-2,The only president of the Royal Astronomical Society to have posthumously held the title in 1860,Single Answer
6490,What does the acronym 'The organization preserving military glider operations history' refer to?,difficulty-2,WWGC,Single Answer
6493,"What is the unique attribute of the French-language community radio station broadcasting at 95.3 FM in Rimouski, Quebec, Canada?",difficulty-2,The only community radio station in Rimouski founded as a student project in 1977,Single Answer
6496,"What is the name of the song written by Robbie Robertson of The Band in 1969 that reflects the American Civil War's aftermath from the perspective of a defeated Confederate soldier, Virgil Caine?",difficulty-2,The Night They Drove Old Dixie Down,Single Answer
6499,"Which country is home to the Roman Empire, features a boot-shaped peninsula, and leads in high-fashion brands like Gucci?",difficulty-2,Italy,Single Answer
6502,What is the annual WWE event that features a 30-person over-the-top-rope battle royal and is one of the 'Big Four' pay-per-view events?,difficulty-2,Royal Rumble,Single Answer
6505,"Which Idaho county, established in 1885 and named after a Civil War officer, is a major hub for potato farming and hosts part of the Snake River Plain?",difficulty-2,Bingham County,Single Answer
6508,"What is the language that evolved from Sanskrit through Prakrit and Apabhraṃśa, with strong influences from Persian, Arabic, and Turkic languages during the Mughal era, and became standardized in the 19th century under British colonial rule?",difficulty-2,Hindi,Single Answer
6511,What was the first WWE pay-per-view to feature a Women’s Elimination Chamber match?,difficulty-2,The 2018 event where steel walls met historic firsts,Single Answer
6514,Who was the astronomer known for cataloging southern double stars and contributing to positional astronomy at the Madras Observatory?,difficulty-2,The British astronomer who compiled the Radcliffe Catalogue,Single Answer
6517,"What is the name of the massive, circular steel structure with a domed roof, featuring four inner pods where wrestlers start the match, which debuted at Survivor Series 2002 at Madison Square Garden in New York City?",difficulty-2,Elimination Chamber,Single Answer
6520,What is significant about the day known as 'The deadline for U.S. federal income tax returns' in terms of historical events and security incidents?,difficulty-2,The day known as 'The deadline for U.S. federal income tax returns' is significant for the sinking of the RMS Titanic in 1912 and the Boston Marathon bombing in 2013,Single Answer
6523,What is the only WWE match to feature seven competitors inside the Elimination Chamber structure?,difficulty-2,The 2015 Intercontinental Championship Elimination Chamber match,Single Answer
6526,"What is the oldest active championship in WWE, originally recognized in the Northeastern U.S. with a distinctive design legacy?",difficulty-2,The title established in 1963 as the WWWF World Heavyweight Championship,Single Answer
6529,"What is the language that is a direct descendant of Latin, evolved from Vulgar Latin in the Middle Ages, and was standardized by Dante Alighieri's *Divine Comedy*?",difficulty-2,Italian,Single Answer
6532,"What is the name of the Brazilian philanthropic healthcare institution founded in 1859 by the Portuguese immigrant community in São Paulo, known for operating one of the largest private hospital complexes in Latin America?",difficulty-2,Beneficência Portuguesa de São Paulo,Single Answer
6535,"What is the name of the prominent bronze statue created in 1937 by sculptor Daniel Chester French, known for symbolizing philanthropic legacy and standing on a Midwestern university campus?",difficulty-2,Beneficence,Single Answer
6538,What is the only film to redefine the archetype of the 'scorned woman' in Hollywood while receiving six Oscar nominations?,difficulty-2,Fatal Attraction,Single Answer
6541,"What is the year famously tied to Stanley Kubrick’s groundbreaking sci-fi film *2001: A Space Odyssey* (1968), which envisioned futuristic space travel, artificial intelligence (HAL 9000), and human evolution—far ahead of its time?",difficulty-2,The year of the cinematic odyssey,Single Answer
6544,Which actress played Mina Harker in the 1958 Hammer Horror film 'Dracula' and later retired early from acting?,difficulty-2,The actress known for her role as Mina Harker in 'Dracula' (1958),Single Answer
6547,"Which artist is known for challenging gender norms through music and visuals, using vocal modulation to create androgynous or non-binary vocal performances?",difficulty-2,Planningtorock,Single Answer
6550,"What is the name of the fountain at Ball State University created by Edith Barretto Stevens Parsons in 1937, featuring a playful child and animal sculpture?",difficulty-2,The sculpture known for its playful child and animal design,Single Answer
6553,Who was the Corsican-born military leader who crowned himself Emperor of the French in 1804?,difficulty-2,Napoleon Bonaparte,Single Answer
6556,"Which British electronic music group, formed in London in 2005 and known for pioneering a raw, industrial-influenced sound that bridged post-punk and techno, released their debut album in 2013 on DFA Records?",difficulty-2,The group that emerged from London's underground music scene and gained acclaim for live performances and modular synthesis techniques,Single Answer
6559,"What is the name of the bronze sculpture created by Edith Barretto Stevens Parsons in 1937, originally displayed in New York’s Central Park Zoo before being donated to Ball State in 1955, known for its nose-rubbing tradition among students?",difficulty-2,The cherished campus icon,Single Answer
6562,What is the title of the spiritual leader who resides in Vatican City and holds supreme teaching authority in the Catholic Church?,difficulty-2,The successor of Saint Peter,Single Answer
6565,"Who was the military genius who revolutionized warfare with innovative tactics like the corps system and rapid maneuver strategies, leading to victories in battles such as Austerlitz (1805) and Jena (1806)?",difficulty-2,Napoleon Bonaparte,Single Answer
6568,What is the title of the 2017 biographical drama about the author who created *A Christmas Carol* while facing financial struggles in 1843?,difficulty-2,The Man Who Invented Christmas,Single Answer
6571,What is the historical significance of the principal author of the Declaration of Independence?,difficulty-2,"The principal author of the Declaration of Independence was Thomas Jefferson, who later became the third U.S. President and orchestrated the Louisiana Purchase",Single Answer
6574,"What is the highest region on Earth, often called the 'Roof of the World'?",difficulty-2,"The region with an average elevation of over 4,500 meters (14,800 feet)",Single Answer
6577,Who was the founder of the Roman Republic and first consul who famously executed his own sons for conspiring to restore the monarchy?,difficulty-2,L. Junius Brutus,Single Answer
6580,Who is the hapless baseball manager from the Peanuts comic strip created by Charles M. Schulz?,difficulty-2,Charlie Brown,Single Answer
6583,"What jazz instrumental hit, composed by Vince Guaraldi in 1962, became a Grammy-winning standard and inspired the soundtracks for *Charlie Brown*?",difficulty-2,The Grammy-winning jazz instrumental composed by Vince Guaraldi in 1962,Single Answer
6586,What is the term for the ethnic group known for their peaceful surrender without violent resistance?,difficulty-2,The community known for their peaceful surrender without violent resistance,Single Answer
6589,What is the only major U.S. city with a peninsula-based urban core originally connected to the mainland by the 'Boston Neck'?,difficulty-2,Boston,Single Answer
6592,"Which 1902 novel by Henry James, known for its intricate psychological realism and exploration of moral dilemmas, shifts its setting between London and Venice and revolves around themes of moral ambiguity and manipulation?",difficulty-2,The Wings of a Dove,Single Answer
6595,"Which country artist with 27 number-one hits on the *Billboard* Hot Country Songs and Country Airplay charts was born in Macon, Georgia (1977) and sparked controversy with the 2023 song 'Try That in a Small Town' filmed at the Maury County Courthouse in Tennessee?",difficulty-2,Jason Aldean,Single Answer
6598,"Which 1988 NCAA Final Four Most Outstanding Player, known for leading his team to a championship with 31 points and 18 rebounds in the title game, was a two-time NBA All-Star (1993, 1994) and inducted into the National Collegiate Basketball Hall of Fame in 2008?",difficulty-2,Danny Manning,Single Answer
6601,What is the traditional Chinese folk song originating from the Hunan Province that reflects the cultural heritage and musical traditions of the region?,difficulty-2,Wings of Snow White Dove,Single Answer
6604,"Which double-landlocked microstate is one of only two in the world, surrounded by Switzerland and Austria, and is the sixth-smallest sovereign state globally?",difficulty-2,Liechtenstein,Single Answer
6607,"Which double-landlocked microstate in Europe, surrounded by Switzerland and Austria, is known for being a constitutional monarchy with direct democracy and a thriving financial hub?",difficulty-2,Liechtenstein,Single Answer
6610,"Which actor gained international fame for portraying Matthew Crawley in *Downton Abbey* (2010–2012), provided the voice and motion-capture performance for the Beast in Disney’s live-action *Beauty and the Beast* (2017), and had an early stage career at the Royal National Theatre performing in Shakespearean plays?",difficulty-2,Dan Stevens,Single Answer
6613,What is the title of the 2017 biographical drama that explores how Charles Dickens wrote *A Christmas Carol* in 1843?,difficulty-2,The film about the creation of *A Christmas Carol*,Single Answer
6616,Who is the Danish football coach and analyst known for integrating data analytics into player development?,difficulty-2,Tonny Brogaard,Single Answer
6619,Who was the Roman consul in 508 BC known for defending Rome against Lars Porsena?,difficulty-2,The early Roman consul who resisted the Etruscan siege,Single Answer
6622,"What is the historical identity of the group famously associated with the American Revolution (1775–1783), who rebelled against British rule and formed militias like the Minutemen?",difficulty-2,The group advocating for independence during the American Revolution,Single Answer
6625,"Which city, known as the birthplace of the Industrial Revolution due to Lombe’s Mill (1721), is the headquarters of Rolls-Royce Holdings and lies at the confluence of the River Derwent and River Trent?",difficulty-2,Derby,Single Answer
6628,What was the only Tibetan Buddhist theocracy that ruled Tibet under Mongol patronage from 1254 to 1358?,difficulty-2,The Sakya regime,Single Answer
6631,"What was the name of the home ballpark of the Chicago Cubs from 1893 to 1915, known for its intimate but modest design and witnessing key moments in early baseball history?",difficulty-2,West Side Grounds,Single Answer
6634,"Which city, known as the home of Harvard University (1636) and MIT, was founded in 1630 and played a key role in the American Revolution with events like the Boston Tea Party (1773)?",difficulty-2,Boston,Single Answer
6637,Who was the adopted heir of Julius Caesar and later became the first Roman Emperor?,difficulty-2,The founder of the Roman Empire,Single Answer
6640,Which principal author of the Declaration of Independence (1776) later became the third U.S. President (1801–1809) and founded the University of Virginia (1819)?,difficulty-2,Thomas Jefferson,Single Answer
6643,"What phrase opens Abraham Lincoln’s Gettysburg Address, referencing the Declaration of Independence and framing the Civil War as a struggle for equality?",difficulty-2,The rhetorical masterpiece that begins 'Four Score and Seven Years Ago',Single Answer
6646,What is the significance of the day when North Korea attempted a ballistic missile test that failed shortly after launch?,difficulty-2,"April 19, 2017",Single Answer
6649,"What was the name of the ancient Roman priestly college responsible for overseeing state religion, sacred rituals, and the interpretation of divine law during the Republic?",difficulty-2,The guardians of the ius divinum,Single Answer
6652,Who is the only player to win an NCAA Championship as Most Outstanding Player and be drafted #1 overall in the same year?,difficulty-2,Danny Manning,Single Answer
6655,"What is the constitutional monarchy with a parliamentary democracy that traces its monarchy back over 1,000 years?",difficulty-2,The UK,Single Answer
6658,Who is the player who led the University of Kansas to the 1988 NCAA Championship and was the No. 1 overall pick in the 1988 NBA Draft?,difficulty-2,Danny Manning,Single Answer
6661,"What historical movement was formally sparked when Martin Luther nailed his Ninety-Five Theses to the door of the Castle Church in Wittenberg on October 31, 1517, challenging the Catholic Church’s sale of indulgences and other practices?",difficulty-2,The movement that began with Martin Luther's Ninety-Five Theses in 1517,Single Answer
6664,Which ethnic group traces its origins to the Huaxia tribes of the Yellow River Basin (~2000 BCE) and consolidated under the dynasty that gave them their name?,difficulty-2,The world's largest ethnic group,Single Answer
6667,"What is the name of the Tibetan Buddhist tradition founded in the 11th century by Khön Könchok Gyalpo, known for its gray-striped monastery walls?",difficulty-2,Sakya,Single Answer
6670,"Which country was the heartland of the Viking Age (793–1066 AD), with key historical sites like Jelling Stones (UNESCO-listed runestones) marking its unification under Harald Bluetooth (c. 958 AD)?",difficulty-2,The land of the Vikings,Single Answer
6673,"Which city, named after a British queen in 1843 as a Hudson's Bay Company trading post, is the capital of British Columbia, Canada, and known for its mild climate and coastal scenery?",difficulty-2,Victoria,Single Answer
6676,"Which Italian noble family, known as 'The Bear Clan' due to their heraldic symbol, was one of the most prominent in medieval Rome, produced several popes like Nicholas III, and rivaled the Colonna family?",difficulty-2,Orsini,Single Answer
6679,What is the only religious site in the UK that has hosted coronations for over 900 years?,difficulty-2,Westminster Abbey,Single Answer
6682,"Which noble Italian family, influential in papal politics and known for their rivalry with the Colonna family, controlled key fortresses like Castel Sant’Angelo and Bracciano Castle?",difficulty-2,The dynasty that produced popes Nicholas III and Benedict XIII,Single Answer
6685,Who is the Venezuelan professional baseball catcher who debuted with the Arizona Diamondbacks in 2021?,difficulty-2,José Herrera,Single Answer
6688,"What is the name of the memorial located at 5 Tees January Marg, New Delhi, where Mahatma Gandhi spent his last 144 days and was assassinated?",difficulty-2,Gandhi Smriti,Single Answer
6691,"Who was the second daughter of Oliver Cromwell, known for her marriage to a prominent Parliamentarian officer and her burial in Westminster Abbey?",difficulty-2,Elizabeth Claypole,Single Answer
6694,Who was the fourth son of Oliver Cromwell who served as Lord Deputy of Ireland from 1657 to 1659?,difficulty-2,Henry Cromwell,Single Answer
6697,"The world's largest ethnic group, originating from the Huaxia people of the Yellow River Basin (~3000 BCE) and named after a prominent dynasty (206 BCE–220 CE), is known for what unique attribute?",difficulty-2,"The only ethnic group to have a written language used continuously for over 3,000 years",Single Answer
6700,"What was the pivotal campaign in India’s independence struggle led by Mahatma Gandhi that involved economic non-cooperation, including boycotts of British goods, schools, courts, and titles?",difficulty-2,The Non-Cooperation Movement (1920–1922),Single Answer
6703,"Who is the only player to lead Kansas to an NCAA Championship while winning Final Four MVP in 1988, earn NBA Sixth Man of the Year in 1998, and be inducted into the College Basketball Hall of Fame in 2008?",difficulty-2,Danny Manning,Single Answer
6706,Who was the naval commander known as the 'Father of the English Navy' and played a pivotal role in the Anglo-Dutch Wars?,difficulty-2,Admiral Robert Blake,Single Answer
6709,"Who was the architect of the English Navy during the English Commonwealth (1649–1660), known for revolutionizing the Royal Navy with standardized tactics and achieving victories in the First Anglo-Dutch War and against the Spanish treasure fleet at Santa Cruz de Tenerife?",difficulty-2,Admiral Robert Blake,Single Answer
6712,Who is the naval commander known for pioneering the English Navy and defeating the Barbary pirates in the Mediterranean during the mid-17th century?,difficulty-2,The architect of England's naval supremacy during the Commonwealth era,Single Answer
6715,"What is the name of the public garden in Amritsar, Punjab, infamous for a 1919 massacre that became a turning point in India's independence movement?",difficulty-2,Jallianwala Bagh,Single Answer
6718,What is the name of the annual championship series in Major League Baseball that began in 1903 and features the AL and NL champions?,difficulty-2,The Fall Classic,Single Answer
6721,"What is the name of the documentary series produced by the U.S. Army that highlights the service, sacrifices, and values of American soldiers, featuring real-world locations like Iraq, Afghanistan, Fort Bragg, and West Point?",difficulty-2,This is Who We Are,Single Answer
6724,"What are three specific factual attributes related to the remnants of the Dance of Death symbolism, focusing on their unique historical, geographical, and professional identity?",difficulty-2,"1. Historical Identity – Used in medieval European 'Dance of Death' (Danse Macabre) art, symbolizing mortality. 2. Geographical Identity – The Catacombs of Paris contain artistically arranged remains of over six million people. 3. Professional Identity – Studied in forensic anthropology to determine age, sex, ancestry, and cause of death",Single Answer
6727,"What is the name of the town in British Columbia, Canada, known for its scenic location at the confluence of the Fraser and Coquihalla Rivers and as a filming location for movies like *Rambo: First Blood*?",difficulty-2,"The gemstone with a storied past, including alleged curses and ownership by King Louis XIV of France",Single Answer
6730,"What was the name of the popular Hungarian radio station that operated from the mid-1990s until 2007, known for its youth-oriented programming and alternative music selection, based in Budapest, Hungary, and one of the first commercial stations to embrace alternative rock, indie, and electronic music?",difficulty-2,Niki FM,Single Answer
6733,"Who is the Chinese-American computer scientist affiliated with the University of Minnesota, known for contributions to networking and distributed systems?",difficulty-2,The researcher known for scalable internet architectures and SDN contributions,Single Answer
6736,"What is the phrase known for its pivotal role in Australia's 2008 reconciliation efforts, its cultural prominence in Canada, and its professional use in U.S. healthcare 'apology laws'?",difficulty-2,Saying Sorry,Single Answer
6739,"What is the name of the lifestyle and apparel brand deeply tied to Ohio’s post-hardcore and emo music culture, founded by members of the band Hawthorne Heights?",difficulty-2,Ohio Is for Lovers,Single Answer
6742,What is the oldest surviving Buddhist school that preserves the Pāli Canon?,difficulty-2,Theravāda Buddhism,Single Answer
6745,"What is the religion founded in 5th–6th century BCE in ancient India by Siddhartha Gautama, later known as the Buddha, which spread into Theravāda, Mahāyāna, and Vajrayāna branches and teaches the Four Noble Truths?",difficulty-2,Buddhism,Single Answer
6748,Who is the co-founder of Decode_M and former CEO of Penn Schoen Berland?,difficulty-2,The prominent American market researcher and data strategist,Single Answer
6751,"What is the name of the literary journal named after the author of *The Virginian* (1902), produced at the University of Wyoming, and known for its interdisciplinary focus on Western American literature?",difficulty-2,Owen Wister Review,Single Answer
6754,Who was the co-author of *Destructive and Useful Insects* alongside C.L. Metcalf?,difficulty-2,The pioneering entomologist who worked at the University of Illinois,Single Answer
6757,"Which distinguished poet and writer, known for works like 'Bottle the Bottles the Bottles the Bottles' and 'The Tao of Humiliation', has been a longtime professor at Lafayette College in Easton, Pennsylvania?",difficulty-2,Lee Upton,Single Answer
6760,"What is the name of the consortium that was formally established in 1965, with roots tracing back to the 1940s and 1950s, involving institutions in the Pioneer Valley, Massachusetts, and known for its cross-registration and shared resources?",difficulty-2,The consortium of five institutions in the Pioneer Valley,Single Answer
6763,"Which Buddhist tradition is the oldest surviving branch, originating from early councils and preserving the Pali Canon?",difficulty-2,Theravāda,Single Answer
6766,What is the only major world religion founded by Siddhartha Gautama in the 5th century BCE in ancient India?,difficulty-2,Buddhism,Single Answer
6769,What is the anthem of the 2000s emo-pop-punk movement that originated from a key hub in Dayton?,difficulty-2,Ohio Is for Lovers,Single Answer
6772,"Which city, known as the 'Gateway to the Black Hills' and located just 23 miles southwest of Mount Rushmore, features the 'City of Presidents' bronze statues and is near Badlands National Park?",difficulty-2,"Rapid City, South Dakota",Single Answer
6775,"What is the religion founded in 5th–6th century BCE by Siddhartha Gautama (the Buddha) in ancient India (present-day Nepal), which spread globally through trade routes like the Silk Road and is known for its highly structured monastic community (Sangha)?",difficulty-2,Buddhism,Single Answer
6778,"What was the music company founded in 1987 as part of a German media conglomerate, known for pioneering music rights management and later merging with Sony?",difficulty-2,The entity that pioneered music rights management and merged with Sony,Single Answer
6781,"Which district in Mizoram, India, is the southernmost and shares borders with Bangladesh and Myanmar, known for its hilly terrain and the Khawthlangtuipui River?",difficulty-2,The district predominantly inhabited by the Chakma and Lai (Pawi) tribes,Single Answer
6784,"Which music company, known for being part of the 'Big Six' record labels before merging with Sony in 2004, was founded in 1987 under the German media conglomerate Bertelsmann and later revived in 2008 as a rights management firm?",difficulty-2,BMG,Single Answer
6787,Which region south of the Sahara Desert is known as the birthplace of humanity and has a median age of ~19 years?,difficulty-2,The cradle of humankind,Single Answer
6790,What is the only Protestant denomination that emerged from the Scottish Reformation and was heavily influenced by John Knox?,difficulty-2,Presbyterianism,Single Answer
6793,"What religion traces its roots to the Protestant Reformation in 16th-century Scotland, where John Knox, a disciple of John Calvin, established its foundational principles and became the national church of Scotland in 1690 under the Church of Scotland (Kirk)?",difficulty-2,Presbyterianism,Single Answer
6796,"Who was the founder of the Mizo National Front (MNF) in 1961, initially seeking independence for Mizoram from India before later agreeing to a peaceful settlement under the 1986 Mizo Accord?",difficulty-2,The first Chief Minister of Mizoram (1986–1988),Single Answer
6799,What is the religion founded by the enlightened one under the Bodhi tree in Bodh Gaya?,difficulty-2,Buddhism,Single Answer
6802,What is the Buddhist tradition associated with the preservation of the Pāli Canon and strict monastic discipline?,difficulty-2,Theravāda Buddhism,Single Answer
6805,What is the geographical identity of the village known for its proximity to the Indo-Myanmar border in the Serchhip District?,difficulty-2,The village near the Indo-Myanmar border in Serchhip District is North Lungpher,Single Answer
6808,"What religious tradition traces its origins to the Protestant Reformation, particularly the teachings of John Calvin in 16th-century Geneva, emphasizes *sola scriptura*, and is governed by elected elders?",difficulty-2,Presbyterianism,Single Answer
6811,"Who was the industrial pioneer who founded the Chrysler Corporation in 1925, played a key role in the early 20th-century auto industry, and was born in Wamego, Kansas?",difficulty-2,The founder of Chrysler Corporation,Single Answer
6814,Who was the industrial pioneer who established the Chrysler Corporation after reviving the failing Maxwell Motor Company?,difficulty-2,The founder of the Chrysler Corporation,Single Answer
6817,What is the song by The Tea Party that blends alternative rock with Middle Eastern influences and features instruments like the oud and sitar?,difficulty-2,Don't Be My Enemy,Single Answer
6820,"Who was the Victorian-era British painter, born in Manchester, England, known for her contributions to the Pre-Raphaelite-influenced art movement and exhibited at the Royal Academy of Arts in the 1880s–1890s?",difficulty-2,Esther Kenworthy Waterhouse,Single Answer
6823,What was the first retro-modern production car that featured an aluminum-intensive construction and a front-wheel-drive powertrain in a rear-wheel-drive layout?,difficulty-2,The only mass-produced American car with a hot rod aesthetic and aluminum space-frame chassis from 1997–2002,Single Answer
6826,"Which British musician, known as the lead vocalist and guitarist for the band Wang Chung, studied at the Royal Academy of Music in London and co-wrote the soundtrack for the 1985 film *To Live and Die in L.A.*?",difficulty-2,The lead vocalist and guitarist of Wang Chung,Single Answer
6829,"What is the Italian administrative division that dates back to medieval times, particularly during the 11th–14th centuries, when many towns gained self-governance as independent city-states?",difficulty-2,comune,Single Answer
6832,"Which pioneering Swiss mathematician, physicist, and astronomer authored over 800 papers and books, introduced foundational concepts like *e*, *i*, and *f(x)* notation, and continued groundbreaking work despite losing his right eye in 1735 and becoming completely blind by 1771?",difficulty-2,The mathematician who introduced *e^(iπ) + 1 = 0*,Single Answer
6835,Which city is known as the 'Venice of the North' due to its intricate network of canals and over 300 bridges?,difficulty-2,Saint Petersburg,Single Answer
6838,"What is the fifth studio album by American R&B singer Faith Evans, released on August 19, 2014, under Prophecy Records and E1 Music, marking her return to music after a five-year hiatus?",difficulty-2,The album that marked Faith Evans' return to music after a five-year hiatus,Single Answer
6841,"Who was the British painter associated with the Victorian and Edwardian eras, known for her contributions to the Pre-Raphaelite-influenced art movement, born in Manchester, England, and later lived in London and Italy?",difficulty-2,"The wife of Alfred Waterhouse, the prominent Victorian architect who designed the Natural History Museum, London",Single Answer
6844,"Which record label, founded in 1955 in Los Angeles, was home to iconic artists like Eddie Cochran and Julie London?",difficulty-2,The label known for 'Summertime Blues' and 'Cry Me a River',Single Answer
6847,"What year saw the construction of the Berlin Wall, Yuri Gagarin's historic spaceflight, and John F. Kennedy's inauguration as U.S. President?",difficulty-2,1961,Single Answer
6850,What does 'The guild that championed traditional textile arts in the early 20th century' stand for?,difficulty-2,WFQY,Single Answer
6853,"What group of skilled horsemen and cattle handlers emerged in the mid-19th century during the expansion of cattle ranching in the American West, particularly after the Civil War (1860s–1880s), with techniques influenced by Mexican vaqueros?",difficulty-2,Cowboys,Single Answer
6856,"Who is the former American football linebacker who played in the NFL from 2007 to 2011, known for his hard-hitting style and being an undrafted free agent?",difficulty-2,The undrafted free agent who became a standout linebacker for the Houston Texans and St. Louis Rams,Single Answer
6859,"Who is the former American football cornerback who played 15 seasons in the NFL, primarily with the Houston Texans and the Cincinnati Bengals, was selected to the Pro Bowl twice, and played college football at the University of South Carolina?",difficulty-2,The two-time Pro Bowl cornerback who played for the Texans and Bengals,Single Answer
6862,"Which MLB team has played at Wrigley Field since 1916, ended a 108-year championship drought in 2016, and was founded in 1876 as the Chicago White Stockings?",difficulty-2,The team with ivy-covered outfield walls,Single Answer
6865,"Which MLB team, known for playing at the second-oldest active ballpark (Wrigley Field) since 1916, ended a 108-year World Series drought in 2016 and is one of the eight original National League teams?",difficulty-2,Chicago Cubs,Single Answer
6868,"Which MLB team plays at Wrigley Field, the second-oldest active ballpark with ivy-covered walls?",difficulty-2,The team that ended a 108-year World Series drought in 2016,Single Answer
6871,"What naval officer's legacy includes a globally circumnavigating voyage (1740–1744), a namesake archipelago proposal in the Pacific, and a WWII-era aircraft?",difficulty-2,"Admiral George Anson, 1st Baron Anson",Single Answer
6874,"What is the historical significance of the name derived from the medieval given name *Anselm*, meaning 'God's helmet' or 'divine protection,' which gained prominence through a notable British naval officer?",difficulty-2,Anson,Single Answer
6877,"Which MLB team, founded in 1876, plays at the second-oldest ballpark in the league and ended a 108-year championship drought in 2016?",difficulty-2,The team that plays at Wrigley Field,Single Answer
6880,Which MLB team plays at the second-oldest active ballpark with ivy-covered outfield walls?,difficulty-2,The team that ended a 108-year championship drought in 2016,Single Answer
6883,"Who was the longest-tenured National League umpire from 1944 to 1962, officiating over 2,700 games and known for his calm demeanor?",difficulty-2,The longest-tenured National League umpire from 1944 to 1962,Single Answer
6886,"Who was the younger half-brother of North Korea’s founding leader, effectively exiled as an ambassador to Eastern Europe for decades?",difficulty-2,Kim Pyong-il,Single Answer
6889,What is the historical role of the steam locomotive configuration with eight driving wheels and no leading or trailing wheels in switching and freight service?,difficulty-2,"The steam locomotive configuration with eight driving wheels and no leading or trailing wheels was primarily used in switching (shunting) and heavy freight service, especially in the late 19th and early 20th centuries",Single Answer
6892,What was the standardized design created by the United States Railroad Administration (USRA) during World War I (1917–1920) that was optimized for heavy freight service in mountainous regions and had only 80 units built?,difficulty-2,USRA 2-8-8-2,Single Answer
6895,Who was the mother of Kim Jong-un and a former dancer in the Mansudae Art Troupe?,difficulty-2,The mother of Kim Jong-un and a former dancer in the Mansudae Art Troupe,Single Answer
6898,What was the entity created by President Woodrow Wilson in 1917 during World War I to temporarily nationalize U.S. railroads for efficient transportation of troops and supplies?,difficulty-2,USRA (United States Railroad Administration),Single Answer
6901,"What is the term for a steam locomotive configuration with no leading or trailing wheels and six powered driving wheels, historically used for shunting and freight duties?",difficulty-2,0-6-0,Single Answer
6904,"Who is the elder brother of North Korean leader Kim Jong-un known for his interest in Western rock music, particularly Eric Clapton?",difficulty-2,The second son of former North Korean leader Kim Jong-il and his late wife Ko Yong-hui,Single Answer
6907,Who is the only Cambodian monarch elected by the Royal Throne Council who was previously a classical ballet dancer and UNESCO representative?,difficulty-2,Norodom Sihamoni,Single Answer
6910,What was the standardized steam locomotive designed during World War I that featured a 2-8-2 wheel arrangement and was widely produced by the USRA?,difficulty-2,The locomotive known for its balanced power and flexibility in light freight service,Single Answer
6913,"What is the only poem written by Percy Bysshe Shelley in 1822 that reflects his grief and existential musings, composed during his exile in Italy?",difficulty-2,A Dirge,Single Answer
6916,"What is the technological system that relies on massive data centers strategically located near energy sources, cool climates, and internet exchange hubs?",difficulty-2,The Cloud,Single Answer
6919,What is the name of the British tabloid newspaper that was relaunched as a tabloid in 1969 under Rupert Murdoch’s ownership?,difficulty-2,The Sun,Single Answer
6922,What significant event related to women's rights occurred in the year known for the ratification of the 19th Amendment?,difficulty-2,"The 19th Amendment was ratified, granting women the right to vote",Single Answer
6925,"Which Scottish writer, known for their role in the Celtic Revival and close association with W.B. Yeats, famously wrote under the female pseudonym Fiona Macleod?",difficulty-2,William Sharp,Single Answer
6928,"What is the historical significance, architectural style, and political role of the 'Official residence of the British monarch since 1837'?",difficulty-2,"The 'Official residence of the British monarch since 1837' (Buckingham Palace) holds historical significance as a witness to key events like coronations and WWII resilience, features Neoclassical architecture, and serves as a ceremonial hub in London",Single Answer
6931,What was the standardized steam locomotive design with a 4-6-2 wheel arrangement introduced during World War I for fast passenger service?,difficulty-2,USRA Light Pacific,Single Answer
6934,What is the title of the ecclesiastical leader recognized as the successor of Saint Peter in Catholic tradition?,difficulty-2,Bishop of Rome,Single Answer
6937,"What is the name of the document issued by King George III on October 7, 1763, that established a boundary line along the Appalachian Mountains and recognized Indigenous sovereignty over unceded territories?",difficulty-2,The document that reshaped colonial-Indigenous relations in North America,Single Answer
6940,"What was the standardized steam locomotive developed during World War I with a 4-8-2 wheel arrangement, designed by the United States Railroad Administration in 1918, and of which only 47 were built?",difficulty-2,USRA Light Mountain,Single Answer
6943,What is the colloquial term for acute rheumatic fever that reflects early 20th-century vernacular in rural and working-class communities?,difficulty-2,The condition historically dubbed 'Achy Jakey Heart',Single Answer
6946,"Which Dutch record label, founded in 1999 by Arny Bink and known for its role in the late 1990s and early 2000s trance movement, released tracks from artists like Armin van Buuren and Rank 1?",difficulty-2,Addicted to Music,Single Answer
6949,Who was the last pagan Roman emperor known for reviving Greco-Roman religion against Christianity?,difficulty-2,Julian the Apostate,Single Answer
6952,"What was the supranational organization established in 1957 by the Treaty of Rome, initially as the European Economic Community (EEC)?",difficulty-2,The entity that pioneered the single market and the European Monetary System,Single Answer
6955,"What is the name of the televised singing competition that was the first major U.S. show to popularize the 'judges' panel + audience voting' format, inspired by the British series *Pop Idol*, and produced record-breaking Billboard No. 1 hits?",difficulty-2,The pioneering U.S. singing competition with 14 Billboard No. 1 hits by contestants,Single Answer
6958,"What is the title of the 1821 essay by Percy Bysshe Shelley that defends poetry's moral and intellectual value, written in response to Thomas Love Peacock’s *The Four Ages of Poetry* and composed while Shelley was living in Italy?",difficulty-2,A Defence of Poetry,Single Answer
6961,Who is the Toronto-based filmmaker and photographer known for co-directing 'The Forgotten Woman' and being the sibling of Deepa Mehta?,difficulty-2,Dilip Mehta,Single Answer
6964,"What was the name of the assembly that convened in response to the Intolerable Acts (1774), was held in Carpenters' Hall, Philadelphia, and included delegates like George Washington, John Adams, and Patrick Henry?",difficulty-2,First Continental Congress,Single Answer
6967,"Which country is home to one of the world’s oldest civilizations—the Indus Valley Civilization (c. 3300–1300 BCE)—known for advanced urban planning, trade, and early forms of writing?",difficulty-2,The land of the Himalayas,Single Answer
6970,"What is the title given to a distinguished academic position in surgery, historically endorsed by the British Crown and held at select universities like Edinburgh?",difficulty-2,Regius Professor of Surgery,Single Answer
6973,What is the title of the lyrical drama by Percy Bysshe Shelley that reimagines the Greek myth of Prometheus as a symbol of revolutionary resistance against oppression?,difficulty-2,The lyrical drama reimagining Prometheus as a revolutionary symbol,Single Answer
6976,Which monarch is famously associated with the construction of the Palace of Versailles and ruled for 72 years?,difficulty-2,Louis XIV of France,Single Answer
6979,"What was the major trade show in China dedicated to electronic components, assemblies, and manufacturing technologies held in Shenzhen during late 2009?",difficulty-2,The premier electronics exhibition in Shenzhen during late 2009,Single Answer
6982,"What is the genre and style of the contemporary dance piece that often incorporates skeletal imagery and themes of mortality, blending modern dance with avant-garde theatrical elements?",difficulty-2,"Contemporary dance with skeletal imagery and themes of mortality, blending modern dance with avant-garde theatrical elements",Single Answer
6985,What is the locomotive built during World War I under the USRA program with a 2-10-2 wheel arrangement named after a railway that first popularized this design for heavy freight service?,difficulty-2,USRA Light Santa Fe,Single Answer
6988,"What is the term that might refer to a regional folk legend, an obscure musical work, or a colloquial medical condition, often associated with themes of heartache or paralysis, and shares linguistic roots with Scots dialect?",difficulty-2,Achy Jakey Heart,Single Answer
6991,"Which British comedian and actor co-created, wrote, and starred in *Phoenix Nights*, holds the Guinness World Record for the biggest-selling stand-up comedy tour, and draws humor from his Northern English upbringing?",difficulty-2,The co-creator of *Phoenix Nights*,Single Answer
6994,Who was the only British royal family member to serve in the Auxiliary Territorial Service (ATS) during WWII?,difficulty-2,Princess Elizabeth of the United Kingdom,Single Answer
6997,Who was the radical Romantic poet expelled from Oxford for co-writing *The Necessity of Atheism* (1811)?,difficulty-2,Percy Bysshe Shelley,Single Answer
7000,"Which song written and performed by Smokey Robinson in 1965 as part of The Miracles' album *Going to a Go-Go* reflects the golden era of Motown and was recorded in Detroit, Michigan, at Hitsville U.S.A.?",difficulty-2,I'll Always Remember You,Single Answer
7003,"Which country is home to one of the world’s oldest civilizations—the Indus Valley Civilization (c. 3300–1300 BCE), known for advanced urban planning, trade, and early forms of writing?",difficulty-2,The land of the Indus Valley Civilization,Single Answer
7006,"What is the name of the talent show that was the first Got Talent franchise in the world, premiering in 2007 and created by Simon Cowell?",difficulty-2,The pioneering Got Talent franchise launched in 2007,Single Answer
7009,"What is the year when the Nintendo 64 was released, the First Chechen War ended, and the Chicago Bulls set an NBA record?",difficulty-2,1996,Single Answer
7012,"What term, first recorded in English in the early 17th century, refers to a female performer who broke traditions by taking on roles previously played by men in theater?",difficulty-2,Actress,Single Answer
7015,"Which city, known as the birthplace of the Bengal Renaissance and home to the Indian Statistical Institute, served as the capital of British India from 1772 to 1911 and is located on the eastern banks of the Hooghly River?",difficulty-2,Kolkata,Single Answer
7018,What is the nickname for the only city to host both Summer and Winter Olympics?,difficulty-2,Achy Jakey Heart,Single Answer
7021,"What is the only documentary filmed in 54 countries across every continent, featuring breathtaking aerial footage of Earth’s diverse landscapes, from the Amazon rainforest to the Great Barrier Reef?",difficulty-2,Home,Single Answer
7024,"What was the first official art institution in France, established under King Louis XIV to elevate the status of artists by separating them from guilds and promoting classical ideals?",difficulty-2,The institution that pioneered the academic hierarchy of genres and was headquartered in the Louvre,Single Answer
7027,"Which city has served as the capital of multiple empires, including the Delhi Sultanate (1206–1526), the Mughal Empire (1526–1857), and now modern India (since 1911)?",difficulty-2,The city with layered historical significance,Single Answer
7030,"Which country, known for being home to the world's oldest parliamentary system with roots tracing back to the Magna Carta (1215), consists of four distinct nations—England, Scotland, Wales, and Northern Ireland—and is a global leader in financial services with London as one of the world's top financial hubs?",difficulty-2,The United Kingdom,Single Answer
7033,What is the colloquial term for acute rheumatic fever (ARF) in Appalachian folk medicine?,difficulty-2,The condition linked to joint pain and heart damage in early 20th-century rural healthcare,Single Answer
7036,What is the historical significance of the date when Queen Elizabeth I granted a monopoly on English trade with Asia?,difficulty-2,Chartering of the British East India Company,Single Answer
7039,What is the only Oscar category where the inaugural winner was honored for performances in three films?,difficulty-2,Best Actress,Single Answer
7042,What is the only unfinished political essay by Percy Bysshe Shelley that critiques systemic oppression and advocates for nonviolent reform?,difficulty-2,A Philosophical View of Reform,Single Answer
7045,"Which radical Romantic poet, known for advocating social justice and atheism, drowned in the Ligurian Sea in 1822?",difficulty-2,The author of 'Ode to the West Wind' and 'Prometheus Unbound',Single Answer
7048,"What is the historical context, geographical inspiration, and literary form of the only poem Percy Bysshe Shelley wrote near Florence, Italy, during 1819?",difficulty-2,Historical Context (1819): Composed during political upheaval post-French Revolution; Geographical Inspiration: Florence's Arno River valley storms; Literary Form: Terza rima blended with ode,Single Answer
7051,"What is the acronym that could hypothetically be a call sign for an FM/AM radio station in the U.S., resembling real stations like WXYY or WYYY?",difficulty-2,WYYU,Single Answer
7054,What is the only self-declared state in Cyprus recognized solely by Turkey?,difficulty-2,The only self-declared state in Cyprus recognized solely by Turkey,Single Answer
7057,What role did 'Harmony Architects' play in shaping the Motown era (1960s–1970s)?,difficulty-2,"Harmony Architects were pivotal in shaping the Motown era, blending R&B, pop, and soul into a globally influential sound",Single Answer
7060,"Which South African town, founded in 1762 and named after Queen Victoria’s consort, lies at the foot of the Swartberg Pass?",difficulty-2,"The town with well-preserved Cape Dutch, Victorian, and Karoo-style architecture",Single Answer
7063,"What is the name of the ancient road that dates back to the Mauryan Empire (4th century BCE), was expanded by Sher Shah Suri in the 16th century CE, and stretches approximately 2,500 km from Chittagong to Kabul?",difficulty-2,The historical trade and cultural corridor linking the Indian subcontinent with Central Asia,Single Answer
7066,"Which 1988 French historical drama, directed by Claude Chabrol, depicts the true story of a woman executed for performing illegal abortions in Nazi-occupied France?",difficulty-2,The film about Marie-Louise Giraud's tragic fate under Vichy France,Single Answer
7069,"Which reality TV singing competition, known for being a pioneer in its genre and launching stars like Kelly Clarkson and Carrie Underwood, was historically filmed at the Dolby Theatre in Los Angeles?",difficulty-2,American Idol,Single Answer
7072,"What is the title of the spiritual successor to Saint Peter, who is also the sovereign of Vatican City and holds universal jurisdiction in Catholicism?",difficulty-2,Pope,Single Answer
7075,What is the song performed by Elvis Presley in the 1961 film *Wild in the Country* that blends rock 'n' roll with dramatic cinema?,difficulty-2,I'll Always Remember You,Single Answer
7078,"What is the title of the 2011 French-Belgian comedy-drama film directed by Anne Fontaine, starring Isabelle Huppert and Benoît Poelvoorde, which explores class tensions in Paris?",difficulty-2,The film where a tow-truck driver disrupts an art curator's life,Single Answer
7081,"What is the title of Théodore Rivière's 1882 sculpture depicting a vengeful Middle Eastern or North African woman, reflecting 19th-century Orientalist themes?",difficulty-2,The bronze embodiment of colonial-era exoticism,Single Answer
7084,"Which French drama film, set in an unnamed African country during a civil war, features Isabelle Huppert as a stubborn white settler clinging to power?",difficulty-2,White Material,Single Answer
7087,What is the title of the spiritual leader who resides in Vatican City and holds supreme authority over the Catholic Church?,difficulty-2,Bishop of Rome,Single Answer
7090,What is the economic bloc that evolved from the Treaty of Rome (1957) and now governs the European Single Market?,difficulty-2,European Economic Community (EEC),Single Answer
7093,"Which musician, known for a breakthrough hit in 1992 and a cross-generational success in 2019, was born in Flatwoods, Kentucky?",difficulty-2,The artist behind 'Achy Breaky Heart' and 'Old Town Road',Single Answer
7096,"What is the song performed by Elvis Presley in the 1961 film *Blue Hawaii* that contributed to the soundtrack's massive success, spending 20 weeks at No. 1 on the Billboard album chart?",difficulty-2,I'll Always Remember You,Single Answer
7099,"Which New York county was a key destination during the Borscht Belt era, hosting famous Jewish resorts like Grossinger’s and Kutsher’s?",difficulty-2,The Catskills' historic resort hub,Single Answer
7102,"Which district in Herat Province, near Afghanistan’s western border with Iran and Turkmenistan, is known for its vineyards and fruit orchards and was historically significant for the Kushkak Caravanserai along the Silk Road?",difficulty-2,Kushk District,Single Answer
7105,"Who was the French woman infamous for poisoning her parents in 1933, a case that became a media sensation and reflected societal tensions of the interwar period?",difficulty-2,The daughter of a bourgeois Parisian family whose trial captivated France,Single Answer
7108,What is the name of the ancient road that was expanded by Sher Shah Suri in the 16th century to connect Bengal to Kabul?,difficulty-2,The historical trade route expanded by Sher Shah Suri,Single Answer
7111,Who was the scientist known for pioneering the study of color blindness and spent most of his career in Manchester?,difficulty-2,The founder of modern atomic theory,Single Answer
7114,What is the historical significance of the brand originally established in 1919 as a bread and bakery company in New Zealand?,difficulty-2,The brand pioneered commercial-scale ice cream production in New Zealand and became iconic under Fonterra and Froneri ownership,Single Answer
7117,"What is the term associated with the Roman legion that mysteriously disappeared in the 2nd century CE, possibly in Britain?",difficulty-2,Legio IX Hispana,Single Answer
7120,What is the title of Simon Cowell's 2003 book discussing his unfiltered critique style?,difficulty-2,The Art of Plain Speaking,Single Answer
7123,"Which television network debuted on April 18, 1983, with *Good Morning, Mickey!* and later became known for launching franchises like *High School Musical* and stars like Miley Cyrus?",difficulty-2,The network that transitioned from premium to basic cable in the late 1990s and expanded to over 160 countries,Single Answer
7126,"Who is the legendary figure derived from Saint Nicholas of Myra, associated with Korvatunturi in Lapland, and known for overseeing a toy-making operation with elves?",difficulty-2,Santa Claus,Single Answer
7129,What is the strategic border location of the agricultural and economic hub in Herat Province?,difficulty-2,Near Afghanistan’s western border with Iran and Turkmenistan,Single Answer
7132,"Which historical figure is the namesake of the modern figure of Santa Claus, originating from the 4th-century Christian bishop of Myra?",difficulty-2,The generous 4th-century bishop known for miracles and gift-giving,Single Answer
7135,"What is the term associated with the adoption of the U.S. Declaration of Independence in 1776, the circle of latitude passing through the Atlantic Ocean and parts of Indonesia, and a U.S. Army unit involved in the capture of Saddam Hussein?",difficulty-2,4th,Single Answer
7138,"Which cathedral in Calabria, Italy, dedicated to St. Nicholas of Myra, was rebuilt in 1932 after the 1908 Messina earthquake and houses the 17th-century wooden statue of the Madonna della Lettera?",difficulty-2,Palmi Cathedral,Single Answer
7141,"What is the youngest cathedral in Slovenia, originally built as a parish church in the late 18th century and featuring a distinctive white façade with twin towers?",difficulty-2,The cathedral in Murska Sobota,Single Answer
7144,"Which figure is based on Saint Nicholas of Myra (270–343 AD), a 4th-century Greek Christian bishop known for generosity and gift-giving in Asia Minor?",difficulty-2,"The jolly, red-suited gift-giver popularized by Coca-Cola’s 1930s ads",Single Answer
7147,What is the name of the historic Venetian church associated with impoverished fishermen and featured in the film 'Don't Look Now'?,difficulty-2,The church of the humble fishermen,Single Answer
7150,"Which Venetian church, featured in the 1973 film *Don't Look Now*, is known for its rustic Gothic style and raised choir?",difficulty-2,San Nicolò dei Mendicoli,Single Answer
7153,"What is the historical region known as the heartland of the Persian Empire, home to the Achaemenid dynasty and UNESCO sites like Persepolis?",difficulty-2,The land of poets and kings,Single Answer
7156,"What is the ancient name for the region corresponding to modern-day Fars Province in Iran, which was the heartland of the Persian Empire?",difficulty-2,The cradle of the Achaemenid dynasty,Single Answer
7159,"Who was the wife of Charles de Gaulle, known as 'Tante Yvonne' and who opposed modern media during her time as First Lady of France (1959–1969)?",difficulty-2,The reserved and dignified spouse of France's wartime leader,Single Answer
7162,"Which region in Iran, known for its distinct Lari dialect and historic Qanat irrigation systems, is located in southern Fars Province and borders Hormozgan and Bushehr?",difficulty-2,Larestan County,Single Answer
7165,"What is the name of the 1945 British documentary film directed by Alfred Hitchcock, known for its psychological thriller elements and pioneering use of Salvador Dalí's surreal dream sequences?",difficulty-2,Spellbound,Single Answer
7168,Who is the daughter of a U.S. president who was married in the White House and later became an advocate for literacy and education?,difficulty-2,Lynda Bird Johnson Robb,Single Answer
7171,"What is the only U.S. televised singing competition to popularize audience voting via phone and text, revolutionizing reality TV engagement?",difficulty-2,American Idol,Single Answer
7174,"What is the language that was used in the royal inscriptions of the Achaemenid Empire, including those of Darius the Great at Behistun, and is written in a unique cuneiform script with about 50 phonetic signs?",difficulty-2,Old Persian,Single Answer
7177,"What was the language of the Achaemenid Empire (c. 550–330 BCE), used primarily in royal inscriptions, such as those of Darius the Great at Behistun, and is the earliest attested form of Persian?",difficulty-2,Old Persian,Single Answer
7180,"What is the name of the open-source repository software developed in 2000 at the University of Southampton (UK), which was one of the first institutional repository platforms and specifically designed for academic and research institutions?",difficulty-2,EPrints,Single Answer
7183,"What are three specific factual attributes about the superhero team that debuted in *The Avengers #1* (1963), created by Stan Lee and Jack Kirby?",difficulty-2,"1. Historical Identity – Debuted in *The Avengers #1* (1963). 2. Geographical Identity – Headquarters in Midtown Manhattan, later upstate New York. 3. Professional Identity – Multi-disciplinary strike team",Single Answer
7186,"Which city, known as the 'Venice of the North' due to its extensive canal network, was founded in the 13th century and became a major trading hub during the Dutch Golden Age?",difficulty-2,Amsterdam,Single Answer
7189,"Who was the prominent Irish republican activist associated with Derry (Londonderry), Northern Ireland, during The Troubles, known for his involvement with the Official IRA and later the INLA, and also a published author of *The War of the Blind*?",difficulty-2,Paul Curran,Single Answer
7192,What was the political party founded in 1967 as the successor to Charles de Gaulle’s Rally for the Republic (RPF)?,difficulty-2,The Union of Democrats for the Republic (UDR),Single Answer
7195,"Which actor, known for his role in *The Treasure of the Sierra Madre* and as a B-Western star, served as a B-29 bombardier in World War II?",difficulty-2,The actor who played Jim 'Nevada' Bradford in RKO's *The Riders of the Range* series,Single Answer
7198,"Which superhero team, first introduced in *Avengers #1* (1963) by Marvel Comics and created by Stan Lee and Jack Kirby, had its original members including Iron Man, Thor, Hulk, Ant-Man, and Wasp, forming in response to Loki’s schemes?",difficulty-2,The Avengers,Single Answer
7201,What is the currency note featuring Andrew Jackson and planned to include Harriet Tubman?,difficulty-2,The U.S. $20 bill,Single Answer
7204,"Which city, known for being home to one of the oldest continuously inhabited settlements in the region with archaeological evidence dating back over 3,000 years and a key trading hub along ancient Silk Road routes, is built around a rare natural landmark and globally recognized as a leader in a specific industry?",difficulty-2,The city with one of the oldest continuously inhabited settlements along the Silk Road,Single Answer
7207,"What is the only Marvel Cinematic Universe film to unite Iron Man, Captain America, Thor, Hulk, Black Widow, and Hawkeye in a single team for the first time?",difficulty-2,The Avengers (2012),Single Answer
7210,Who is the son of a Grammy-winning country singer known for 'Help Me Make It Through the Night' and a longtime guitarist for Willie Nelson’s band?,difficulty-2,Waylon Malloy Payne,Single Answer
7213,"Which 2006 film, known for its absurdly literal premise and viral internet memes, features Samuel L. Jackson delivering the iconic line 'I have had it with these motherf***ing snakes on this motherf***ing plane!'?",difficulty-2,The film with snakes causing chaos on a commercial airliner,Single Answer
7216,"What is the historical significance of the deep-water harbor in Plymouth, England, that played a crucial role during the Crimean War as a major embarkation point for British troops and supplies?",difficulty-2,Millbay Docks,Single Answer
7219,"What is the only U.S. federal agency established in 1908 as the Bureau of Investigation (BOI) under President Theodore Roosevelt, later renamed in 1935?",difficulty-2,FBI,Single Answer
7222,What is the debut album that made a former Laker Girls choreographer the first female artist to achieve four No. 1 singles from a debut album on the Billboard Hot 100?,difficulty-2,Forever Your Girl,Single Answer
7225,Who was the first presidential child to serve as her mother’s Social Secretary during the Johnson administration (1963–1969)?,difficulty-2,The elder daughter of President Lyndon B. Johnson and First Lady Lady Bird Johnson,Single Answer
7228,"Who was the daughter of Philip Schuyler, a prominent Revolutionary War general and U.S. Senator from New York, linking her to key political and military circles during America's founding era?",difficulty-2,The co-founder of New York’s first private orphanage,Single Answer
7231,"Who was the pioneering British oceanographer known for his work on marine ecosystems and climate change impacts, who also served as a lead author for the IPCC and Deputy Director of the National Oceanography Centre?",difficulty-2,John Shepherd,Single Answer
7234,What is the only British sci-fi film from the Cold War era starring Patricia Neal as a lead in two major 'alien messenger' roles?,difficulty-2,Stranger from Venus,Single Answer
7237,Who was the British Army officer involved in the Siege of Sevastopol during the Crimean War?,difficulty-2,The Crimean War veteran with engineering expertise in fortification construction,Single Answer
7240,What is the only village in Ontario that served as a key military and supply depot during the War of 1812 and later became a critical railway hub due to its location at the southern end of the St. Clair River Tunnel?,difficulty-2,Point Edward,Single Answer
7243,"What scientific method was first used in a criminal case in 1986 (the Colin Pitchfork case in the UK), revolutionizing forensic science by linking suspects to crime scenes with genetic evidence?",difficulty-2,The genetic fingerprinting technique,Single Answer
7246,What is the only Canadian village that served as a key military and supply depot during the War of 1812 and later became a critical railway hub in the late 19th century?,difficulty-2,Point Edward,Single Answer
7249,"What is the name of the rural district in Larestan County, Fars Province, known for its arid landscapes and historical trade routes, often referred to as the 'Desert of the Garden'?",difficulty-2,Sahray-ye Bagh District,Single Answer
7252,"What is the film adaptation of George Dawes Green's 1994 novel featuring a homeless, paranoid-schizophrenic former musician as its protagonist?",difficulty-2,The Caveman's Valentine,Single Answer
7255,"What is the biographical drama about Johnny Cash, featuring live musical performances by its lead actors?",difficulty-2,Walk the Line (2005),Single Answer
7258,"Who was the wife of Alexander Hamilton, co-founder of the Orphan Asylum Society, and member of the New York Dutch aristocracy?",difficulty-2,Elizabeth Schuyler Hamilton,Single Answer
7261,"What phrase gained cultural prominence in the 1970s as a slogan on T-shirts, often associated with the laid-back, music-centric ethos of the rock and counterculture scenes?",difficulty-2,The iconic music lover's mantra,Single Answer
7264,"Which 2005 biographical drama film, featuring Joaquin Phoenix and Reese Witherspoon performing their own singing, chronicles the life of Johnny Cash and his relationship with June Carter?",difficulty-2,Walk the Line,Single Answer
7267,"What is the title of the 2006 film starring Samuel L. Jackson that became infamous for its absurd premise and viral marketing, featuring a mix of real reptiles and CGI?",difficulty-2,The airborne reptile thriller,Single Answer
7270,"Which city, known as the departure point of the Mayflower in 1620, is home to the largest naval base in Western Europe?",difficulty-2,The city with the largest naval base in Western Europe,Single Answer
7273,"What is the historical significance of the docks in Plymouth, England, that served as a key departure point for transatlantic liners in the late 19th and early 20th centuries?",difficulty-2,Millbay Docks,Single Answer
7276,"Which wheelchair basketball player from Jefferson City, Missouri, won a gold medal at the 2008 Beijing Paralympics?",difficulty-2,The athlete known for representing the U.S. in wheelchair basketball at the 2008 Paralympics,Single Answer
7279,What is the Bulgarian province known as the 'Capital of Humor' and home to the House of Humor and Satire?,difficulty-2,Gabrovo Province,Single Answer
7282,"What is the name of the prestigious non-competitive Oscar first awarded in 1929, known for recognizing extraordinary lifetime achievements in film?",difficulty-2,The golden statuette for exceptional contributions to cinema,Single Answer
7285,What are three specific factual attributes about the institution that evolved from the Hartley Institution in 1862?,difficulty-2,"1. Historical Identity – It became a university college in 1902 and later gained full university status in 1952. 2. Geographical Identity – Its main campus is located in Southampton, England, near the South Downs National Park. 3. Professional Identity – It is renowned for engineering, oceanography, and computer science, with ties to industry leaders like Lloyd’s Register, the National Oceanography Centre, and IBM",Single Answer
7288,"What is the name of the hard rock/power pop anthem written by Rick Springfield, first recorded in 1978, and later popularized by Sammy Hagar in 1981?",difficulty-2,The song is *'I've Done Everything for You'*,Single Answer
7291,"What is the name of the lifeboat class known for its self-righting mechanism, primarily operated in the UK and Ireland, and featuring a dual-propulsion system?",difficulty-2,Oakley-class lifeboat,Single Answer
7294,"Which prolific thriller author, known for writing 27 novels including *The Bourne Identity*, also had a background in theater and used pseudonyms early in his career?",difficulty-2,The author of *The Bourne Identity*,Single Answer
7297,"What is the name of the music company that traces its roots to Columbia Records, founded in 1888, and was acquired by Sony in 1988?",difficulty-2,The music company with historical ties to Columbia Records,Single Answer
7300,What was the only U.S. presidential election decided by the Supreme Court?,difficulty-2,The 2000 U.S. presidential election,Single Answer
7303,"What is the only city in China that hosted the Maritime Silk Road for over 2,000 years and implemented the Canton System (1757–1842)?",difficulty-2,Guangzhou,Single Answer
7306,"Who was the Republican politician from Nebraska who served in the Legislature from 2007 to 2015, represented District 45, and was known for tax policy and economic development?",difficulty-2,The Nebraska legislator who was a Lieutenant Colonel in the U.S. Air Force Reserve,Single Answer
7309,"Who is the British psychologist and professor specializing in human factors, ergonomics, and systems engineering, known for contributions to transportation safety and automation?",difficulty-2,Neville A. Stanton,Single Answer
7312,"Which historic maritime site in Plymouth, England, known for its deep-water access and role in transatlantic liner departures, underwent modern redevelopment into a mixed-use area with ferry terminals to France and Spain?",difficulty-2,Millbay Docks,Single Answer
7315,"What is the name of the daily meditation book published by Hazelden, rooted in the 12-Step tradition and widely used in addiction recovery programs?",difficulty-2,The Promise of a New Day,Single Answer
7318,"Which city, known as the birthplace of The Beatles, was a major global port during the 18th and 19th centuries and is home to two globally renowned football clubs, Liverpool FC and Everton FC?",difficulty-2,Liverpool,Single Answer
7321,Who was the co-founder of New York City’s first private orphanage and a key figure in early American philanthropy?,difficulty-2,The pioneering preserver of Alexander Hamilton's legacy,Single Answer
7324,"What is the name of the lifeboat class introduced by the RNLI in the 1950s, known for its self-righting capability and steel hull, primarily deployed in exposed coastal locations like the Isles of Scilly and Scottish coasts?",difficulty-2,Barnett-class lifeboat,Single Answer
7327,"Which legendary Hollywood power broker, often referred to as 'The Last Mogul', revolutionized talent representation by shifting MCA from a traditional booking agency to a full-service powerhouse?",difficulty-2,The Last Mogul,Single Answer
7330,"What is the language that was primarily used for monumental inscriptions and royal proclamations during the Achaemenid Empire, employing a unique cuneiform script distinct from Mesopotamian cuneiform?",difficulty-2,Old Persian,Single Answer
7333,"Which city is home to Plymouth Hoe, where Sir Francis Drake allegedly finished his game of bowls before defeating the Spanish Armada in 1588?",difficulty-2,The maritime city where the Mayflower began its historic voyage in 1620,Single Answer
7336,"What is the name of the 2007 anime series and manga featuring a lone, highly skilled swordsman with a distinct African diasporic twist, set in a fictional, post-apocalyptic version of feudal Japan?",difficulty-2,The warrior with two headbands,Single Answer
7339,"Which 1977 film revolutionized the industry with advancements in special effects, sound design (THX), and merchandising, setting the standard for modern blockbusters?",difficulty-2,Star Wars,Single Answer
7342,"Who is the distinguished British nurse and academic known for her contributions to nursing education and research, who served as Head of the School of Nursing and Midwifery at the University of Southampton and later as Professor of Nursing at King’s College London?",difficulty-2,Jill Macleod Clark,Single Answer
7345,"Which historical docks in Plymouth, England, known for being a key embarkation point for transatlantic liners like the SS Great Britain, has undergone modern redevelopment into a mixed-use area?",difficulty-2,Millbay Docks,Single Answer
7348,Which 2017 action-comedy film features a high-speed boat chase through Amsterdam's canals and centers on a disgraced executive protection agent paired with a notorious hitman?,difficulty-2,The Hitman's Bodyguard,Single Answer
7351,"What is the historical significance of the deep-water docks in Plymouth, England, that served as a key embarkation point for troops during World War I and II?",difficulty-2,"Millbay Docks played a crucial role in military logistics, including D-Day preparations",Single Answer
7354,Who is the Swedish poet and classical philologist elected to Chair No. 6 of the Swedish Academy in 2006?,difficulty-2,Jesper Svenbro,Single Answer
7357,Who was the first woman to graduate from Vanderbilt University Law School in 1936?,difficulty-2,Pauline LaFon Gore,Single Answer
7360,"What is the name of the children's book published in 1961 that features a transatlantic journey from England to New York City via a giant fruit, with original illustrations by Nancy Ekholm Burkert?",difficulty-2,The 1961 whimsical tale of a boy and his oversized fruit voyage,Single Answer
7363,"What is the country that follows the Juche ideology, maintains the Demilitarized Zone (DMZ), and adheres to the Songun policy?",difficulty-2,The country governed by the Juche ideology,Single Answer
7366,What is the first major televised singing competition in the U.S. that premiered in 2002 on Fox?,difficulty-2,American Idol,Single Answer
7369,Who was the first wife of Claude Monet and the model for his early masterpieces like 'La Femme à la Robe Verte'?,difficulty-2,The muse behind Monet's early Impressionist works,Single Answer
7372,"What is the internationally renowned location of Impressionist painter Claude Monet’s residence and gardens, which he meticulously designed and painted, now known as the Fondation Claude Monet?",difficulty-2,The home of Claude Monet’s Gardens,Single Answer
7375,What blues song recorded in 1928 features James P. Johnson on piano and is associated with the Classic Female Blues era?,difficulty-2,Bathtub Blues,Single Answer
7378,"Which county in Fars Province is home to the ancient city of Gur, founded by Ardashir I, and features the Palace of Ardashir?",difficulty-2,The county where the first Sasanian king established his circular capital,Single Answer
7381,"What breakthrough in forensic science was first used in a criminal case in 1986 (the Colin Pitchfork case in the UK), proving genetic uniqueness?",difficulty-2,The genetic fingerprinting method,Single Answer
7384,"Which 1939 Western film, known for blending comedy, romance, and musical elements, featured Marlene Dietrich's career-reviving performance as Frenchy and popularized the 'peaceful lawman' trope?",difficulty-2,The 1939 Western film with Marlene Dietrich's cabaret-style performance and a gun-averse sheriff,Single Answer
7387,"What is the name of the franchise that revolutionized the film industry by pioneering advancements in special effects, sound design (THX certification), and merchandising, setting a new standard for blockbuster cinema?",difficulty-2,"The franchise with the desert planet Tatooine named after Tataouine, a real town in Tunisia",Single Answer
7390,"Which 1946 Frank Capra film, set in the fictional town of Bedford Falls, became a Christmas classic despite initial mixed reviews?",difficulty-2,The film where an angel shows a despairing man what life would be like if he had never been born,Single Answer
7393,What is the biographical film about the Man in Black who performed at Folsom Prison?,difficulty-2,Walk the Line (2005),Single Answer
7396,What is the only U.S. currency note to feature a president later slated for replacement by an abolitionist?,difficulty-2,The $20 bill,Single Answer
7399,"What is the title of the individual who controls the Senate floor’s legislative agenda, deciding which bills are debated and when votes occur?",difficulty-2,The conductor of the Senate's legislative symphony,Single Answer
7402,"What is the only major U.S. city bordered by two national parks, Everglades National Park to the west and Biscayne National Park to the east?",difficulty-2,Miami,Single Answer
7405,What is the historical identity of the language that was primarily used during the Achaemenid Empire (550–330 BCE) and appears in monumental inscriptions like the Behistun Inscription of Darius I?,difficulty-2,Old Persian,Single Answer
7408,What automotive feature was first introduced by the Electric Vehicle Company in 1898 on the Columbia Electric Car?,difficulty-2,The luminous pioneers of night driving,Single Answer
7411,Who is the son of Grammy-winning country artist Sammi Smith and longtime Willie Nelson guitarist Jody Payne?,difficulty-2,Waylon Malloy Payne,Single Answer
7414,What is the molecule whose double-helix structure was first identified by James Watson and Francis Crick in 1953?,difficulty-2,DNA,Single Answer
7417,What is the first major televised singing competition in the U.S. that adapted the UK's Pop Idol format and revolutionized reality TV by popularizing audience voting?,difficulty-2,American Idol,Single Answer
7420,"Which painting, whose title inspired the name of the Impressionist movement, depicts the industrial port of Le Havre and was exhibited at the First Impressionist Exhibition in 1874?",difficulty-2,The painting that birthed the term 'Impressionism',Single Answer
7423,What are three specific factual attributes related to 'The period when Steve Carell was still the lead on The Office'?,difficulty-2,"1. Historical Context (2005–2011) – The Office (US) was in its creative peak, winning multiple Emmys. 2. Key Cast Members – Steve Carell (Michael Scott) was still the lead, departing at the end of Season 7 (2011). 3. Cultural Influence – The early seasons popularized the mockumentary format in American TV",Single Answer
7426,What is the molecule whose double-helix structure was first discovered by James Watson and Francis Crick in 1953 at the University of Cambridge?,difficulty-2,DNA,Single Answer
7429,"Who is the artist historically recognized as the 'King of Rock and Roll' who popularized the genre in the 1950s, blended blues, gospel, and country into a revolutionary sound, and whose 1956 debut album became the first rock and roll album to top the Billboard charts?",difficulty-2,Elvis Presley,Single Answer
7432,What significant events occurred on the birthdate of the 'Queen of Pop'?,difficulty-2,"1. Madonna's Birthday, 2. Explorer 5 Satellite Launch Failure, 3. Indonesian Independence Day Observance",Single Answer
7435,What is the financial equivalent of restoring the Cutty Sark after its 2007 fire?,difficulty-2,£15 million,Single Answer
7438,"Who is the son of Grammy-winning country artist Sammi Smith and Jody Payne, named after Waylon Jennings?",difficulty-2,Waylon Malloy Payne,Single Answer
7441,What is the name of the painting by Pierre-Auguste Renoir that depicts a wooded path and was completed in 1870?,difficulty-2,La Promenade,Single Answer
7444,"What is the name of the village in Normandy, France, that was home to Claude Monet and features the iconic water lily pond?",difficulty-2,Giverny,Single Answer
7447,"What is the name of the musical project created by Sam Beam, inspired by a dietary supplement called 'Beef Iron & Wine'?",difficulty-2,The project named after a dietary supplement,Single Answer
7450,"Which Michigan county, known for offering free college tuition to graduates of its public schools through a program established in 2005, is also home to Pfizer's largest global research facility and the Western Michigan University Homer Stryker M.D. School of Medicine?",difficulty-2,Kalamazoo County,Single Answer
7453,"Which Impressionist masterpiece depicts a serene scene on a tributary of the Seine near Giverny, showcasing the artist's signature focus on water reflections?",difficulty-2,Boating on the River Epte,Single Answer
7456,"Which artwork by Claude Monet features a meticulously designed garden with a Japanese-style wooden footbridge, painted between 1897 and 1899 in Giverny, France?",difficulty-2,The only painting by Monet depicting his own garden's pond with a Japanese-inspired bridge,Single Answer
7459,"Which football club, known for playing at St James' Park, has a fierce rivalry with Sunderland A.F.C. and broke the world transfer record in 1996 by signing Alan Shearer for £15 million?",difficulty-2,Newcastle United,Single Answer
7462,What significant events occurred on the day when Scotland officially remained part of the United Kingdom after a historic referendum?,difficulty-2,Alibaba's record-breaking IPO and the Iguala mass kidnapping discovery in Mexico,Single Answer
7465,"What was created by Sammy Hagar in 1996, deeply connected to Cabo San Lucas, Baja California Sur, Mexico, and known for its 100% blue agave tequila?",difficulty-2,Cabo Wabo,Single Answer
7468,"Who is the son of Sammi Smith and Jody Payne, known for portraying Jerry Lee Lewis in Walk the Line and co-writing 'The Time You Waste' for Lee Ann Womack?",difficulty-2,Waylon Malloy Payne,Single Answer
7471,"What was the only U.S. presidential election decided by a 537-vote margin in Florida, leading to a 36-day recount dispute and a landmark Supreme Court ruling?",difficulty-2,2000 U.S. presidential election,Single Answer
7474,"Which indie rock song by Cat Power, released in 1996 on her album *What Would the Community Think*, exemplifies her early lo-fi, raw vocal style blended with minimalist guitar arrangements and is emblematic of the 1990s underground indie scene?",difficulty-2,Nude as the News,Single Answer
7477,"What year marked the turn of the 3rd millennium and the 21st century, hosted the Sydney Olympics, and saw the peak and crash of the dot-com bubble?",difficulty-2,2000,Single Answer
7480,"What is the historical identity of the language that evolved from Old English (Anglo-Saxon), heavily influenced by Old Norse (Viking invasions) and Norman French (after the 1066 Norman Conquest), creating a hybrid Germanic-Romance linguistic structure?",difficulty-2,The language is English,Single Answer
7483,"Which golf tournament saw a 21-year-old athlete become the youngest winner in its history, set a scoring record of −18 (270), and win by 12 strokes—the largest margin in its history?",difficulty-2,1997 Masters Tournament,Single Answer
7486,What is the historical origin of the surname derived from the Old English words for 'cow' and 'spring or stream'?,difficulty-2,"The surname originates from Old English words 'cū' (cow) and 'well(a)' (spring or stream), referring to someone living near a cattle watering place",Single Answer
7489,"What is the stage name of the American singer-songwriter who was inspired by a dietary supplement called 'Beef, Iron & Wine'?",difficulty-2,The artist formerly known as a film professor at the University of Miami,Single Answer
7492,"What is the only major golf tournament held annually at the same course, where the winner receives a distinctive green jacket?",difficulty-2,The Masters Tournament,Single Answer
7495,"Which village in Normandy, France, is world-famous as the home of Claude Monet, the founder of French Impressionism, where he painted his iconic Water Lilies series?",difficulty-2,Giverny,Single Answer
7498,"What is the only award predating competitive Oscar categories, first given in 1929, and recognizing achievements outside traditional classifications?",difficulty-2,Academy Honorary Award,Single Answer
7501,"What is the biographical drama film that chronicles President Lyndon B. Johnson’s first year in office after John F. Kennedy’s assassination, including his fight to pass the Civil Rights Act of 1964?",difficulty-2,All the Way,Single Answer
7504,"What is the title of the individual who holds the constitutional role of being first in the U.S. presidential line of succession, serves as the President of the Senate with tie-breaking vote authority, and has seen an expansion of influence in modern times?",difficulty-2,United States Vice President,Single Answer
7507,Who was the first woman to graduate from Vanderbilt University Law School in 1936 and later became the mother of a U.S. Vice President?,difficulty-2,Pauline LaFon Gore,Single Answer
7510,"Which golf tournament, known for Tiger Woods' iconic chip-in on the 16th hole in the final round, first fully utilized Augusta National’s SubAir system in 2005?",difficulty-2,2005 Masters Tournament,Single Answer
7513,What is the significance of the number associated with a California legal code allowing involuntary psychiatric holds?,difficulty-2,5150,Single Answer
7516,"What is the surname of the Scottish-born inventor credited with patenting the first practical telephone in 1876, revolutionizing global communication?",difficulty-2,The name shared by the inventor of the telephone,Single Answer
7519,"What is the title of the surrealist oil painting created by Salvador Dalí in 1954 that explores themes of time, mortality, and existentialism, featuring motifs like melting clocks and fragmented figures?",difficulty-2,One Minute Past Eternity,Single Answer
7522,"What is the seasonal weather phenomenon responsible for 70-90% of annual rainfall in South and Southeast Asia, historically crucial for trade winds navigation, and classified into wet and dry phases?",difficulty-2,monsoon season,Single Answer
7525,"Which painting by Claude Monet features a Japanese bridge in a garden he personally designed in Giverny, France?",difficulty-2,The Water Lily Pond,Single Answer
7528,"What musical project, originating in Miami, Florida, gained significant exposure through a cover featured in the 2004 indie film *Garden State*?",difficulty-2,Iron & Wine,Single Answer
7531,What is the term for a vocal artist who performs melancholic Portuguese music recognized by UNESCO?,difficulty-2,Fado singers,Single Answer
7534,"What is the only live album recorded at the Star Club in Hamburg on December 31, 1962, that is often regarded as one of the greatest live rock albums ever?",difficulty-2,"Live at the Star Club, Hamburg",Single Answer
7537,"Who is the author of *Diana: Her True Story* (1992), which revealed Princess Diana’s struggles within the royal family and was initially published with her secret cooperation?",difficulty-2,"The renowned royal biographer from Dewsbury, West Yorkshire, England",Single Answer
7540,"Which city, known as the 'Gateway to Latin America', has over 50% of its population foreign-born and hosts the largest concentration of international banks in the U.S. outside of New York?",difficulty-2,"Miami, Florida",Single Answer
7543,"Which football club, known for playing at St. James' Park since 1892, has a fierce rivalry with Sunderland A.F.C. and was nicknamed 'The Entertainers' in the 1990s?",difficulty-2,The club with the historic St. James' Park stadium,Single Answer
7546,"Which golf tournament, known for Tiger Woods' historic 12-stroke victory at age 21, also led to course adjustments termed 'Tiger-proofing' and marked the first major win by a golfer of African-American and Asian heritage?",difficulty-2,1997 Masters Tournament,Single Answer
7549,Which ABBA song was recorded in 1981 during the sessions for *The Visitors* but remained unreleased until its inclusion in the 2021 compilation *Voyage*?,difficulty-2,Would You Take Another Chance on Me,Single Answer
7552,"Who was the mother of Al Gore, the 45th Vice President of the United States, and one of the first female graduates of Vanderbilt University Law School in 1936?",difficulty-2,Pauline LaFon Gore,Single Answer
7555,"Which Premier League club, based in a city with a historic Victorian-era gallows site, is nicknamed 'The Magpies' and won the UEFA Inter-Cities Fairs Cup in 1969?",difficulty-2,Newcastle United,Single Answer
7558,"Which iconic American big-band leader, known for pioneering the swing era with hits like 'In the Mood' and 'Moonlight Serenade,' disappeared over the English Channel on December 15, 1944, while serving in the U.S. Army Air Forces?",difficulty-2,Glenn Miller,Single Answer
7561,"What is the only esports event in Pokémon that requires Championship Points (CP) for qualification across Junior, Senior, and Masters divisions?",difficulty-2,The Master Tournament,Single Answer
7564,"What is the only language with oracle bone script dating back over 3,000 years to the Shang Dynasty?",difficulty-2,Chinese,Single Answer
7567,"Which institution, established in 1843 in Chatham, Kent, was originally founded to train skilled workers for the Royal Dockyard and played a key role in Britain’s naval engineering heritage?",difficulty-2,The institution known for its pivotal role in maritime technical education during the 19th and 20th centuries,Single Answer
7570,"Which U.S. political party, known as the oldest active one founded in 1828, has historically strong support in the Southern U.S. and now holds major influence in urban centers and coastal states like California and New York?",difficulty-2,"The party advocating for healthcare reform, environmental regulations, and social justice initiatives",Single Answer
7573,"Which U.S. state, known as 'Indian Territory' before 1907 and home to 39 federally recognized Native American tribes, lies in Tornado Alley and is a major energy hub?",difficulty-2,Oklahoma,Single Answer
7576,Which Montana county is home to the western entrance of Glacier National Park and contains the largest natural freshwater lake west of the Mississippi?,difficulty-2,The county with the western entrance to Glacier National Park and Flathead Lake,Single Answer
7579,Who won the golf tournament where a dramatic chip-in on the 16th hole became one of the most replayed moments in golf history?,difficulty-2,Tiger Woods,Single Answer
7582,What is the stage name of the American singer-songwriter inspired by a dietary supplement called 'Beef Iron & Wine'?,difficulty-2,Iron & Wine,Single Answer
7585,"Which city is known as the 'Capital of Latin America' due to its major hub for international trade and finance, particularly with Latin America, hosting numerous multinational corporations, consulates, and banking headquarters?",difficulty-2,Miami,Single Answer
7588,"What is the global network that connects volunteers with organic farms, originally founded in 1971 in the UK as 'Working Weekends on Organic Farms' and later rebranded to emphasize its worldwide reach?",difficulty-2,WWOOF (World Wide Opportunities on Organic Farms),Single Answer
7591,"Which region, known as the ancient heartland of the Persian Empire and home to the Achaemenid dynasty, contains UNESCO World Heritage Sites like Persepolis and Pasargadae?",difficulty-2,Pars (Fars),Single Answer
7594,Who was the Afro-Uruguayan activist and Communist Party figure known for her work in labor rights and the Federación Obrera Regional Uruguaya (FORU)?,difficulty-2,Susana Freyre,Single Answer
7597,What significant global agreement was adopted on the day when the UN launched its 2030 sustainability framework?,difficulty-2,"The 2030 Agenda for Sustainable Development, including the 17 Sustainable Development Goals (SDGs)",Single Answer
7600,"Which football league, known as the most-watched globally and broadcast in 212 territories, was founded in 1992 and is exclusively English with all 20 teams based in England as of the 2023-24 season?",difficulty-2,Premier League,Single Answer
7603,Which company was founded in a Palo Alto garage in 1939 and later split into HP Inc. and Hewlett Packard Enterprise in 2015?,difficulty-2,The company co-founded by Bill Hewlett and Dave Packard,Single Answer
7606,Who is the renowned Swedish poet and classical scholar who held Chair No. 12 in the Swedish Academy until 2023?,difficulty-2,Jesper Svenbro,Single Answer
7609,"Which company was founded in a one-car garage in Palo Alto, California, and later split into Hewlett Packard Enterprise (HPE) and HP Inc. in 2015?",difficulty-2,HP,Single Answer
7612,Which city is known as the 'Capital of Latin America' due to its role in international trade and finance?,difficulty-2,Miami,Single Answer
7615,"Which football club, known for its black-and-white striped home kit adopted in 1894 and nicknamed 'The Magpies', is based in Newcastle upon Tyne and plays at St. James’ Park?",difficulty-2,Newcastle United,Single Answer
7618,"Which football club is based in Newcastle upon Tyne, plays at St. James’ Park, and has a fierce rivalry known as the Tyne-Wear Derby?",difficulty-2,The club with the Toon Army,Single Answer
7621,What is the Bulgarian region known as the 'Capital of Humor' and home to the House of Humor and Satire?,difficulty-2,Gabrovo Province,Single Answer
7624,"Who was the mother of Eduardo Acevedo Díaz, a celebrated Uruguayan writer and nationalist, known for her prominence in 19th-century Uruguay and ties to Montevideo during the Guerra Grande (1839–1851)?",difficulty-2,Susana Freyre,Single Answer
7627,"What is the estimated cost equivalent to the construction of the London Eye in 1999, which could also fund significant restoration of historic castles in Scotland or serve as a common transfer fee for mid-tier Premier League players like James Ward-Prowse in 2023?",difficulty-2,£15 million,Single Answer
7630,What is the debut studio album by Paula Abdul that became the first by a female artist to produce four No. 1 Billboard Hot 100 singles?,difficulty-2,The album that achieved four No. 1 Billboard Hot 100 singles as a debut by a female artist,Single Answer
7633,"What is the top professional football league in England and Wales, founded in 1992, and known as the most-watched football league worldwide?",difficulty-2,The league that broke away from the Football League First Division in 1992,Single Answer
7636,What is the population of the city that hosts the largest U.S. Air Force base in Delaware?,difficulty-2,"70,000",Single Answer
7639,"Who is the former personal trainer and actor, born in Cuba (1966), who had a daughter named Lourdes Leon with Madonna in 1996, grew up in New York City, and appeared in films like *The Lost City* (2005) and TV shows such as *The Sopranos* (2001)?",difficulty-2,Carlos Leon,Single Answer
7642,What is the agricultural powerhouse known for its Corn Belt dominance?,difficulty-2,The north-central region of the United States,Single Answer
7645,"What is the name of the football league that broke away in 1992 to become a new top-tier competition, driven by lucrative TV rights deals and commercial independence?",difficulty-2,English Premier League,Single Answer
7648,"Which medieval hilltop village in the Abruzzo region is known for its narrow cobblestone streets, ancient stone houses, and the imposing Caldora Castle?",difficulty-2,"Pacentro, Italy",Single Answer
7651,"What is the name of Claude Monet's painting that depicts his water lily pond in Giverny, part of a series created between 1899 and 1926, which became a cornerstone of Impressionism and influenced Abstract Expressionism?",difficulty-2,The masterpiece reflecting Monet's garden obsession,Single Answer
7654,"Which district in Nepal is renowned as the ancient kingdom of King Śuddhodana, the father of Siddhartha Gautama (the Buddha), and houses archaeological sites like Tilaurakot and Niglihawa?",difficulty-2,The district known for being the childhood home of the Buddha and containing key Buddhist archaeological sites,Single Answer
7657,"What was the first portable digital music device introduced by Apple on October 23, 2001, featuring a 5GB hard drive and later discontinued in 2022?",difficulty-2,iPods,Single Answer
7660,"What scientific breakthrough, pioneered in the 1980s by a UK researcher, revolutionized forensic science and paternity identification?",difficulty-2,DNA fingerprinting,Single Answer
7663,"Which district in Nepal, historically part of the Sen Kingdom and named after King Udaya Sen, is known for its geographical diversity including Himalayan foothills, Inner Terai plains, and the Koshi River basin?",difficulty-2,Udayapur District,Single Answer
7666,"What is the surname of the world-renowned French professional footballer of Malian descent, also tied to Mali's rich storytelling heritage through the Epic of Sundiata?",difficulty-2,Kante,Single Answer
7669,What is the title of the jazz-pop song by Katie Melua that metaphorically references the vastness of a city known for its bicycles?,difficulty-2,Nine Million Bicycles,Single Answer
7672,"Who is the founder of the Media Education Foundation (MEF) established in 1991, a professor of Communication at the University of Massachusetts Amherst, and a notable scholar of advertising and consumer culture?",difficulty-2,Professor Sut Jhally,Single Answer
7675,"Which district in Azerbaijan is known for its fertile lands near the Kura River and the Mugan Plain, historically significant as a trade center during the Shirvanshah era, and contributes to the country's petroleum sector?",difficulty-2,Salyan District,Single Answer
7678,"Which company was founded in a Palo Alto garage in 1939 by Bill Hewlett and Dave Packard, introduced the HP Model 200A audio oscillator, and spun off Agilent Technologies in 1999?",difficulty-2,The company founded in a Palo Alto garage in 1939,Single Answer
7681,"What product, introduced by Apple in 2001, revolutionized portable music by popularizing digital audio players and paved the way for the iTunes Store in 2003?",difficulty-2,iPod,Single Answer
7684,What is the only Beatles album to be their last recorded together?,difficulty-2,Abbey Road,Single Answer
7687,"Which company, founded on April 4, 1975, by Bill Gates and Paul Allen in Albuquerque, New Mexico, initially developed a BASIC interpreter for the Altair 8800 and later created the world's dominant PC operating system?",difficulty-2,Microsoft,Single Answer
7690,"Who is the original developer of MySQL, born on March 3, 1962, in Helsinki, Finland, and later founded MariaDB in 2009?",difficulty-2,The creator of MySQL,Single Answer
7693,"Who is the original developer of MySQL, co-founder of MariaDB, and a Finnish software engineer born on March 3, 1962?",difficulty-2,The creator of MySQL,Single Answer
7696,"Which YA fiction series set in San Francisco, California, blends modern teen struggles with royal fantasy and is inspired by European monarchies like Monaco?",difficulty-2,The Princess Diaries,Single Answer
7699,"What is the title of the Deacon Blue song that was released in 1991 as part of their third studio album, reached No. 21 on the UK Singles Chart, and marked a shift toward a more polished, mainstream pop-rock style?",difficulty-2,The song that encapsulates the band's shift to mainstream pop-rock in 1991,Single Answer
7702,What is the only North American sports league with teams in two countries?,difficulty-2,The NBA,Single Answer
7705,"Who was the multidisciplinary artist, younger brother of Giorgio de Chirico, and a founding member of the Scuola Metafisica?",difficulty-2,Alberto Savinio,Single Answer
7708,"Which French-American actor, known for his role as 'Connor MacLeod' in *Highlander* and honored with the Légion d'Honneur, was born in Great Neck, New York?",difficulty-2,The only actor to play an immortal Scottish swordsman while being a naturalized French citizen,Single Answer
7711,"Which Finnish programmer, known by the nickname 'Monty', is the principal author of MySQL and later founded MariaDB?",difficulty-2,The creator of MySQL and founder of MariaDB,Single Answer
7714,"What is the term for the concept deeply rooted in Western philosophy, notably articulated by Immanuel Kant, which argues for an inherent, unconditional worth that demands respect?",difficulty-2,Dignity,Single Answer
7717,"Who is the co-creator of *Agents of S.H.I.E.L.D.* (2013–2020) and composer for *Dr. Horrible's Sing-Along Blog* (2008), also part of the Whedon family?",difficulty-2,Jed Whedon,Single Answer
7720,"Which Italian artist, writer, and composer, born in 1891 and active in the avant-garde, adopted a pseudonym inspired by the Latin word for 'saved' to distinguish himself from his famous brother?",difficulty-2,Alberto Savinio,Single Answer
7723,"Who is the creator of MySQL and co-founder of MariaDB, born in Helsinki, Finland in 1962?",difficulty-2,The original developer of MySQL,Single Answer
7726,What are three specific factual attributes about the media company known for its historical podcast co-hosted by Tom Holland and Dominic Sandbrook?,difficulty-2,"1. Historical Focus – The podcast specializes in engaging, accessible storytelling about historical events and figures. 2. Professional Identity – The hosts combine academic rigor with entertainment, with Holland being a classicist and author, and Sandbrook a modern historian. 3. Geographical Reach – Though UK-based, it has a global audience, covering international history with a British perspective",Single Answer
7729,"Who is the creator of MySQL and MariaDB, born on March 3, 1962, in Helsinki, Finland?",difficulty-2,The original developer of MySQL and founder of MariaDB,Single Answer
7732,"What is the name of the 1992 film that prominently features Seattle’s early-1990s grunge scene, with cameos and performances by real-life bands like Soundgarden and Pearl Jam?",difficulty-2,The film with the iconic grunge-era soundtrack blending rom-com tropes and Seattle's subculture,Single Answer
7735,"Who is the original developer of MySQL, born on March 3, 1962, in Helsinki, Finland, and later founded MariaDB?",difficulty-2,The creator of MySQL,Single Answer
7738,"Who is the creator of MySQL, born in Helsinki, Finland, and later founded MariaDB?",difficulty-2,Michael 'Monty' Widenius,Single Answer
7741,What is the dreamy indie-folk cover originally performed by Trespassers William (2006) and later reimagined by Lotte Kestner (2011)?,difficulty-2,The melancholic anthem that soundtracked Tumblr's golden era,Single Answer
7744,"Who is the original developer of MySQL, born in Helsinki, Finland, and later founded MariaDB?",difficulty-2,The creator of MySQL,Single Answer
7747,Who is the creator of MySQL and co-founder of MariaDB?,difficulty-2,The original developer of MySQL and co-founder of MariaDB,Single Answer
7750,"What was the name of the independent record store in Phoenix, Arizona, known for its ties to the local DIY and punk scenes, and which inspired the working title of Jimmy Eat World's second studio album?",difficulty-2,Fellow Hoodlums,Single Answer
7753,"Who was the multidisciplinary artist born in Athens, Greece, who co-founded the Scuola Metafisica with his brother?",difficulty-2,Alberto Savinio,Single Answer
7756,Who is the President and CEO of Visit Baltimore known for revitalizing the city's image and boosting visitor engagement since 2016?,difficulty-2,"The leader instrumental in promoting tourism and economic development in Baltimore, Maryland",Single Answer
7759,What is the city where Germany’s first democratic constitution was drafted in 1919?,difficulty-2,The birthplace of the Weimar Republic,Single Answer
7762,"What is the title of the song by Ronan Keating that metaphorically explores resilience and hope, using storms as a symbol of life's hardships, with the refrain 'Every storm runs out of rain'?",difficulty-2,Every Storm,Single Answer
7765,Who is the human rights advocate known for challenging the Canadian Armed Forces' discriminatory policies in the early 1990s?,difficulty-2,Michelle Douglas,Single Answer
7768,"Which Mesopotamian goddess, associated with love, war, and fertility, is famously linked to the Epic of Gilgamesh and the Ishtar Gate?",difficulty-2,The deity symbolized by the glazed blue-brick gate adorned with dragons and bulls,Single Answer
7771,"What is the only city where Germany’s first democratic constitution was signed in 1919, establishing the Weimar Republic?",difficulty-2,Weimar,Single Answer
7774,What is the name of the fictional European microstate introduced in the series where the protagonist transitions from an ordinary teenager to a princess?,difficulty-2,Principality of Genovia,Single Answer
7777,What are three specific factual attributes about the animated series developed as a continuation of *Buffy the Vampire Slayer* but remained unaired?,difficulty-2,"Historical Context – Unrealized Revival (2002–2004), Geographical Production – French Animation Studio Involvement, Professional Identity – Original Cast Voice Reprisals",Single Answer
7780,"Which MLB team is recognized as the oldest professional baseball team, originally founded in 1869?",difficulty-2,The team known for being the first to openly pay players,Single Answer
7783,Who was the musician known for transitioning from soft rock duo England Dan & John Ford Coley to a successful solo country career with hits like 'Bop' and 'Everything That Glitters (Is Not Gold)'?,difficulty-2,The artist who won the CMA Award for Vocal Duo of the Year in 1987 with Marie Osmond,Single Answer
7786,"What 2001 film, set in San Francisco and featuring iconic locations like Alamo Square Park, marked Anne Hathaway's breakout role at age 18 and was based on Meg Cabot's YA novel?",difficulty-2,The film about a teenage girl discovering she's royalty,Single Answer
7789,"Which institution operates on a unique 3-term system (fall, winter, spring), was founded in 1866 in Northfield, Minnesota, and maintains the 880-acre Cowling Arboretum?",difficulty-2,The liberal arts college with a 3-term academic calendar,Single Answer
7792,"Which liberal arts college in Northfield, Minnesota, operates on a distinctive 3-term system and includes the Cowling Arboretum?",difficulty-2,"The institution with a 1,040-acre campus featuring an arboretum and a trimester academic calendar",Single Answer
7795,"Which musician, born in McCamey, Texas in 1948, was one-half of the soft rock duo England Dan & John Ford Coley and later became a successful solo country artist with hits like 'Bop' and 'Everything That Glitters (Is Not Gold)'?",difficulty-2,The artist who transitioned from soft rock to country and was inducted into the Grand Ole Opry in 1986,Single Answer
7798,Which professional basketball league was founded in 1946 as the Basketball Association of America (BAA) and later merged with the National Basketball League (NBL) in 1949?,difficulty-2,The premier North American basketball league with 29 U.S. teams and 1 Canadian team,Single Answer
7801,What is the historical identity of the team known as 'The first all-professional baseball team in history'?,difficulty-2,The Cincinnati Reds,Single Answer
7804,"Who was the Confederate brigadier general, nephew of President Andrew Jackson, who commanded troops at Fort Donelson and the Battle of Stones River?",difficulty-2,Daniel Smith Donelson,Single Answer
7807,"Which 2001 film, based on Meg Cabot’s novel and launching Anne Hathaway’s career, is set in the fictional Principality of Genovia and features scenes shot in San Francisco and Luxembourg Gardens?",difficulty-2,The film adaptation of Meg Cabot’s young adult novel featuring a teenage protagonist navigating royal responsibilities,Single Answer
7810,Who was the Confederate general and nephew of President Andrew Jackson who played a key role in the defense of Fort Donelson during the Civil War?,difficulty-2,Daniel Smith Donelson,Single Answer
7813,"Who is the renowned Canadian paleontologist known for her research on mammalian evolution, particularly Arctic species like the Puijila darwini?",difficulty-2,"The researcher who discovered Puijila darwini, a transitional fossil linking land mammals to seals",Single Answer
7816,"Which color print by William Blake, part of his illuminated mythology, depicts a key figure representing female dominance and cosmic order?",difficulty-2,The Night of Enitharmon’s Joy,Single Answer
7819,"Which painting by Giorgio de Chirico, created in 1918, is a quintessential example of the Metaphysical Art Movement and features headless mannequin-like figures in a desolate plaza?",difficulty-2,The Disquieting Muses,Single Answer
7822,"Who is the co-founder of *A Different Light Bookstore* in San Francisco (1983), a pioneering LGBTQ+ literary hub?",difficulty-2,The editor of *Best Gay Erotica* (1996–2008),Single Answer
7825,Who is the three-time ASCAP Country Songwriter of the Year known for writing 'Girl Crush' and 'Bluebird'?,difficulty-2,Hillary Lindsey,Single Answer
7828,"What is the title of Lori Wick's 2004 novel set in a fictional California coastal town, blending Christian romance with post-World War II themes?",difficulty-2,Every Storm,Single Answer
7831,"What is the title of the 1985 duet by Marie Osmond and Dan Seals that reached #1 on the Billboard Hot Country Songs chart, marking Osmond's only country number-one hit and Seals' fourth?",difficulty-2,Meet Me in Montana,Single Answer
7834,"What memoir provides an insider’s perspective on pivotal moments in U.S. politics, including the 2008 financial crisis, the Affordable Care Act debates, and the rise of the Tea Party movement, while reflecting the author's Midwestern roots and political influence in Ohio?",difficulty-2,The memoir by the 53rd Speaker of the House (2011–2015),Single Answer
7837,"Who was the wife of U.S. President Andrew Jackson, whose marriage was controversial due to an earlier divorce that led to accusations of bigamy?",difficulty-2,The woman married to Andrew Jackson whose divorce scandal caused public turmoil,Single Answer
7840,"Which private liberal arts college in Northfield, Minnesota, was founded in 1866 and is known for its 800-acre Cowling Arboretum?",difficulty-2,The institution with the 800-acre Cowling Arboretum,Single Answer
7843,"What is the title of the young adult novel by Meg Cabot that was inspired by her experiences growing up in Bloomington, Indiana, and her fascination with European royalty, later adapted into a Disney film starring Anne Hathaway and Julie Andrews?",difficulty-2,The book about a teenage girl who discovers she is the heir to a European principality,Single Answer
7846,"What is the name of the company with roots in antique and luxury trading, based in Geneva, Switzerland, and specializing in alternative investments like vintage wines and rare coins?",difficulty-2,Riches & More,Single Answer
7849,"Who is the Inuk artist and cultural advocate from Rigolet, Nunatsiavut (Labrador, Canada)?",difficulty-2,"The Inuk artist and cultural advocate from Rigolet, Nunatsiavut",Single Answer
7852,"Which actor, known for his dual French-American nationality and iconic role as Connor MacLeod in *Highlander*, won a César Award for his performance in *Subway*?",difficulty-2,The Highlander star,Single Answer
7855,Which Dire Straits song from their 1991 album features Mark Knopfler's signature fingerpicked guitar style and melancholic tone?,difficulty-2,Hang Your Head,Single Answer
7858,What is the only U.S. currency note to feature a non-president Founding Father who established the nation's financial system?,difficulty-2,The $10 bill,Single Answer
7861,"Which iconic French actress, known as the 'voluptuous blonde archetype' before Brigitte Bardot, starred in films like *Caroline Chérie* (1951) and was married to director Christian-Jaque?",difficulty-2,Martine Carol,Single Answer
7864,What is the name of the MLB team that was the first to play night games under permanent lights in 1935?,difficulty-2,Cincinnati Reds,Single Answer
7867,"Who was the Venetian architect and urban planner known for his post-WWII contributions to Venice's restoration and modernization, a professor at IUAV University, and co-author of 'Venezia: Città e Porto'?",difficulty-2,The Venetian architect who reshaped post-war urban planning in Venice,Single Answer
7870,"Which communication school, founded in 1878 and the first to offer a Ph.D. in communication studies (1951), is located in Evanston, Illinois, and is closely tied to the Tony Award-winning Virginia Wadsworth Wirtz Center for the Performing Arts?",difficulty-2,The institution historically distinguished as the first to offer a Ph.D. in communication studies,Single Answer
7873,"What is the poetic work by Rita Dove that reflects themes of resilience and transformation, aligns with her exploration of personal and collective histories, and contributes to her Pulitzer Prize-winning legacy?",difficulty-2,The lyrical collection blending inland and maritime storm metaphors,Single Answer
7876,What is the only North American professional sports league with a team based in Canada?,difficulty-2,The league that merged with the National Basketball League in 1949,Single Answer
7879,What is the name of the 1998 political satire film where a disillusioned U.S. Senator adopts a hip-hop persona to critique corporate greed and racial inequality?,difficulty-2,The film where Warren Beatty raps as a Senator,Single Answer
7882,"Which Oxford institution, founded in 1263, is among the oldest and reflects the university's decentralized collegiate system?",difficulty-2,Balliol College,Single Answer
7885,What is the title of John Ashbery's 1970 poetry collection that reflects his engagement with postmodernism and departure from traditional narrative structures?,difficulty-2,The collection that mirrors the duality of seasons in its title,Single Answer
7888,"Which liberal arts college in Northfield, Minnesota, is known for its rigorous academics, undergraduate research focus, and an 880-acre arboretum used for ecological studies?",difficulty-2,Carleton College,Single Answer
7891,"What is the song by Deacon Blue that peaked at No. 8 on the UK Singles Chart in 1988 and blends soulful vocals, jangly piano hooks, and anthemic pop-rock production?",difficulty-2,The track from Glasgow embodying late 1980s Scottish pop-rock,Single Answer
7894,"Which biographer and editor, known for works like 'The Sexiest Man Alive: A Biography of Warren Beatty' and 'Subterranean Kerouac: The Hidden Life of Jack Kerouac', was born in Beaumont, Texas, in 1933 and passed away in 2018?",difficulty-2,Ellis Amburn,Single Answer
7897,"Which French-American actor, known for his role as Connor MacLeod in 'Highlander', was awarded the Chevalier of the Ordre des Arts et des Lettres?",difficulty-2,The star of 'Highlander' (1986),Single Answer
7900,"Which institution operates on a distinctive 3-term (trimester) system, dividing the academic year into fall, winter, and spring terms (each 10 weeks long), and is located in Northfield, Minnesota?",difficulty-2,Carleton College,Single Answer
7903,What is the likely geographical origin of the individual whose name shares a connection with the Renaissance painter Titian and the surname commonly found in Tuscany?,difficulty-2,"Tuscany, particularly around Florence",Single Answer
7906,What is the name of the 1998 political satire film where a disillusioned U.S. senator critiques corporate influence in politics through rapping?,difficulty-2,The film where a senator raps his political grievances,Single Answer
7909,"What is the name of the album released by the singer born in 1984, whose middle name is the same as the title of this album?",difficulty-2,Amanda Leigh,Single Answer
7912,"Who was the devoted wife and artistic partner of William Blake, assisting in hand-coloring his illuminated works?",difficulty-2,Catherine Blake,Single Answer
7915,Who was the first female British High Commissioner to Mozambique?,difficulty-2,The first woman appointed as the UK’s High Commissioner to Mozambique,Single Answer
7918,Who was the Confederate brigadier general related to President Andrew Jackson and had a fort named after him in Tennessee?,difficulty-2,Daniel Smith Donelson,Single Answer
7921,"Which band, formed in London in 1967, shifted from British blues to soft-rock/pop and sold over 40 million copies of their 1977 album?",difficulty-2,The band behind *Rumours*,Single Answer
7924,Who was the aviation pioneer associated with early advancements and the Sopwith Aviation Company?,difficulty-2,Harry Howith,Single Answer
7927,"Which French actress, known as the 'epitome of post-war glamour in French cinema', starred in *Lola Montès* (1955) and began her career in Parisian cabarets before becoming a major film star?",difficulty-2,Martine Carol,Single Answer
7930,"Who was the multidisciplinary artist born in Athens, Greece, known for his contributions to the Metaphysical Art movement and pioneering surrealist literature in Italy?",difficulty-2,Alberto Savinio,Single Answer
7933,"What is the term historically associated with communist movements, particularly the Bolsheviks during the Russian Revolution (1917), where it referred to the revolutionary socialist forces opposing the 'Whites'?",difficulty-2,Reds,Single Answer
7936,Who is the Grammy-winning songwriter inducted into the Nashville Songwriters Hall of Fame in 2023?,difficulty-2,Hillary Lindsey,Single Answer
7939,Who is the first female to win NSAI Songwriter of the Year three times?,difficulty-2,Hillary Lindsey,Single Answer
7942,"What is the historical significance of the blues song known for its raw, emotive vocal style and slide guitar work, rooted in the Chicago blues tradition?",difficulty-2,Fergus Sings the Blues,Single Answer
7945,"What is the title of the 2004 novel by Lori Wick set in the post-World War II era, featuring themes of loss, redemption, and faith?",difficulty-2,The novel where a lieutenant rescues a girl after a Pacific island plane crash,Single Answer
7948,Who is the only female songwriter to win NSAI Songwriter of the Year twice?,difficulty-2,Hillary Lindsey,Single Answer
7951,"What are three factual attributes related to the woman who co-founded Party Pieces in 1987 and was born in Perivale, Middlesex, England in 1955?",difficulty-2,"1. Born in Perivale, Middlesex, England (1955). 2. Co-founded Party Pieces (1987). 3. First commoner in modern British history to become the mother of a future queen consort",Single Answer
7954,"Which Grammy-winning songwriter, known for co-writing 'Girl Crush' and being part of The Highwomen, is also referred to as 'The only person to win Song of the Year for a country song in 2016'?",difficulty-2,Hillary Lindsey,Single Answer
7957,What is the only country duet by Marie Osmond and Dan Seals that reached #1 on the Billboard Hot Country Singles chart in 1985?,difficulty-2,Meet Me in Montana,Single Answer
7960,"Who were the notorious duo known for their crime spree during the Great Depression, operating primarily in the Central and Southwestern United States?",difficulty-2,Bonnie and Clyde,Single Answer
7963,"Who was the first Canadian-born Usher of the Black Rod (2008–2018), known for authoring *'A Crown of Maples'* and having served as Principal of the Government House in Nova Scotia?",difficulty-2,The first Canadian-born Usher of the Black Rod,Single Answer
7966,Which U.S. state is known as 'Big Sky Country' and was the site of the Battle of Little Bighorn in 1876?,difficulty-2,The state with Glacier National Park and the Continental Divide,Single Answer
7969,"Who was the wife of Andrew Jackson, the 7th President of the United States (1829–1837), whose controversial marriage was initially clouded by an unresolved divorce from her first husband?",difficulty-2,"The woman who died of a heart attack in December 1828, just weeks after Jackson’s election victory but before his inauguration",Single Answer
7972,"Who was the American singer-songwriter, born in McCamey, Texas, who transitioned from soft-rock fame as 'England Dan' to country music stardom with 11 No. 1 hits?",difficulty-2,The artist known for 'Bop' and 'Meet Me in Montana',Single Answer
7975,What is the title of the 1985 country duet performed by Marie Osmond and Dan Seals that reached #1 on the Billboard Hot Country Singles chart and romanticizes Montana's landscapes?,difficulty-2,Meet Me in Montana,Single Answer
7978,"Who was the multidisciplinary artist born in Athens, Greece, in 1891, known for bridging literature, visual arts, and music, and was the younger brother of Giorgio de Chirico?",difficulty-2,Alberto Savinio,Single Answer
7981,"Which Missouri county was the site of the Battle of Marshfield in 1862, features karst topography with Bennett Spring State Park, and is a major poultry farming hub?",difficulty-2,"The county where Union forces clashed with Confederate guerrillas in 1862, home to a spring producing over 100 million gallons daily, and a top broiler chicken producer",Single Answer
7984,What is the title of Marie Osmond's 1985 country music song that became her second Billboard Hot Country Singles chart-topper?,difficulty-2,There's No Stopping Your Heart,Single Answer
7987,"Who was the Grammy-winning country artist born in McCamey, Texas, and posthumously inducted into the Texas Country Music Hall of Fame in 2010?",difficulty-2,The younger brother of Jim Seals from 'Seals & Crofts',Single Answer
7990,What is the title of Marie Osmond's 1985 country hit that reached #1 on the Billboard Hot Country Singles chart?,difficulty-2,The chart-topping country single from Marie Osmond's 1985 album,Single Answer
7993,"What is the title of the 1965 American film directed by Arthur Penn, known for its experimental style and existential themes, set in Chicago with a protagonist who is a nightclub comedian fleeing the Detroit mob?",difficulty-2,The film where a comedian assumes an alias to escape the mob,Single Answer
7996,What is the name of the Scottish inventor who demonstrated the world's first working mechanical television system in 1926?,difficulty-2,John Logie Baird,Single Answer
7999,Who are the siblings convicted of murdering their parents in Beverly Hills in 1989?,difficulty-2,The siblings convicted of murdering their parents in Beverly Hills in 1989 are the Menendez brothers,Single Answer
8002,What is the name of the institution that houses the Virginia Wadsworth Wirtz Center for the Performing Arts and has strong ties to Chicago’s improv comedy scene?,difficulty-2,The institution renowned for pioneering ethnographic performance studies under Dwight Conquergood,Single Answer
8005,Which South Dakota county is home to Mount Rushmore and has the largest population in the state?,difficulty-2,The Black Hills' gateway county,Single Answer
8008,Who is the Finnish computer programmer known as 'Monty' who co-developed MySQL and later founded MariaDB?,difficulty-2,Michael Widenius,Single Answer
8011,What is the name of the symphony composed in 1830 by Hector Berlioz that introduced the idée fixe and premiered in Paris?,difficulty-2,The opium-inspired symphony of unrequited love,Single Answer
8014,Who are the two siblings convicted for the 1989 Beverly Hills murders involving high-profile abuse defense claims?,difficulty-2,The pair known for the first nationally televised trial to feature the 'abuse excuse' defense,Single Answer
8017,"Which country is home to one of the world's oldest continuous civilizations, dating back to the Elamite Kingdom (c. 3200 BCE) and later the Persian Empire (550–330 BCE) under Cyrus the Great, known for its monumental achievements like the Persepolis ruins and the first recorded human rights charter (Cyrus Cylinder)?",difficulty-2,The land of Cyrus the Great,Single Answer
8020,Who is the Grammy-winning songwriter behind 'Girl Crush' and named ASCAP’s Country Music Songwriter of the Year in 2017?,difficulty-2,The Nashville-based songwriter who collaborated with Carrie Underwood and Lady Gaga,Single Answer
8023,Who are the siblings convicted for the 1989 Beverly Hills murders of their parents?,difficulty-2,The siblings convicted for the 1989 Beverly Hills murders of their parents are Lyle and Erik Menendez,Single Answer
8026,What is the term for a period that marks the duration of either continuous daylight or continuous darkness due to Earth's axial tilt in polar regions?,difficulty-2,six months,Single Answer
8029,"Which Ugandan athlete, known for setting a national record in the triple jump (14.23m in 2011), represented her country in the Commonwealth Games and African Championships?",difficulty-2,The Ugandan triple jump record holder from 2011,Single Answer
8032,What is the only symphony movement to incorporate vocal soloists and chorus for the first time in classical music history?,difficulty-2,Ode to Joy,Single Answer
8035,"Who is the Academy Award-winning actor known for his distinctive voice and narration, with roots in Mississippi and a connection to civil rights?",difficulty-2,Morgan Freeman,Single Answer
8038,"What is the name of the 1933 Disney cartoon that parodies Hollywood's Golden Age, featuring caricatures of over 30 real-life celebrities attending a fictional movie premiere, was produced during Disney’s early years in California, and was one of the last black-and-white Mickey Mouse cartoons before the shift to Technicolor?",difficulty-2,Mickey's Gala Premier,Single Answer
8041,"Which versatile American musician, initially famous as 'England Dan' in a soft-rock duo and later a successful solo country artist, was the younger brother of Jim Seals of Seals & Crofts?",difficulty-2,The younger brother of Jim Seals of Seals & Crofts,Single Answer
8044,Which NBA team holds the record for the most championships (17) and had an unprecedented eight consecutive titles from 1959 to 1966?,difficulty-2,The team with 17 NBA championships and eight consecutive titles from 1959 to 1966,Single Answer
8047,Who were the two siblings convicted in a high-profile 1996 trial for the 1989 murders of their parents in Beverly Hills?,difficulty-2,The siblings known for the first televised trial since O.J. Simpson,Single Answer
8050,Who are the two siblings convicted for the 1996 murders of their parents in Beverly Hills?,difficulty-2,The siblings known for their high-profile televised trial involving claims of abuse,Single Answer
8053,"Which actor, known for his deep, authoritative voice and raised in Charleston, Mississippi during the Jim Crow era, earned his first Academy Award nomination for his role in 'Street Smart' (1987)?",difficulty-2,The iconic narrator of 'March of the Penguins',Single Answer
8056,"Which siblings were convicted for the 1989 murders of their parents in Beverly Hills, later arguing abuse as their defense?",difficulty-2,The siblings convicted for the 1989 Beverly Hills parent murders,Single Answer
8059,"Which siblings gained national notoriety in the late 20th century for the brutal 1989 murders of their parents, José and Kitty Menendez, in their Beverly Hills home?",difficulty-2,The siblings known for the Beverly Hills parent murders,Single Answer
8062,Who are the siblings involved in the high-profile Beverly Hills murder case of 1989?,difficulty-2,The siblings involved are Lyle and Erik Menendez,Single Answer
8065,"Who was the Confederate general who co-founded Memphis, Tennessee, and was the nephew of the seventh U.S. president?",difficulty-2,Daniel Smith Donelson,Single Answer
8068,Who was the wife of U.S. President Andrew Jackson whose marriage was marred by scandal due to a delayed divorce from her first husband?,difficulty-2,Rachel Jackson,Single Answer
8071,"What is the oldest major professional basketball league in the world, founded in 1946 as the Basketball Association of America (BAA) and merged with the National Basketball League (NBL) in 1949?",difficulty-2,NBA,Single Answer
8074,"Which 1995 film, blending political drama with romantic comedy and setting a precedent for later shows like *The West Wing*, features Michael Douglas as a widowed Democrat navigating re-election and a new romance?",difficulty-2,The American President,Single Answer
8077,"Who was the fictional NYPD detective portrayed by George Dzundza, originally partnered with Mike Logan, and killed in the line of duty in Season 1, Episode 13 of *Law & Order*?",difficulty-2,The first detective introduced in *Law & Order*'s inaugural season,Single Answer
8080,"What are three specific factual attributes about the elected officials who oversee unincorporated areas and manage services like road maintenance, land use, and public health?",difficulty-2,"Historical Role in Local Governance, Geographical Jurisdiction, Professional Diversity",Single Answer
8083,"Which U.S. state, known as the 'Birthplace of a Nation', was home to the first permanent English settlement in North America (Jamestown, 1607) and is the only one where the Chesapeake Bay and the Atlantic Ocean meet?",difficulty-2,Virginia,Single Answer
8086,"Which company, founded in 1911 as the Computing-Tabulating-Recording Company (CTR) and renamed in 1924, revolutionized mainframe technology with the IBM System/360 in 1964?",difficulty-2,The company holding the record for the most U.S. patents generated annually for 29 consecutive years as of 2023,Single Answer
8089,"Who was the notorious British criminal known as 'The East End Enforcer' who worked closely with the Kray twins in the 1950s–60s, specializing in extortion and protection rackets, and was linked to the 1960 torture and murder of Frank Mitchell?",difficulty-2,Alfred 'Alfie' Evans,Single Answer
8092,"What is the name of the organization established in 1908 under the U.S. Department of Justice, originally tasked with investigating antitrust and labor disputes before evolving into a counterterrorism and intelligence entity?",difficulty-2,Federal Bureau of Investigation (FBI),Single Answer
8095,"Who was the first Black Assistant District Attorney in *Law & Order*'s fictional universe, later transitioning to a defense attorney with a career centered in Manhattan?",difficulty-2,Paul Robinette,Single Answer
8098,"What is the resolution adopted on January 21, 1992, that demanded Libya cooperate with investigations by the U.S., UK, and France regarding the 1988 bombing of Pan Am Flight 103 over Lockerbie, Scotland?",difficulty-2,United Nations Security Council Resolution 731 (1992),Single Answer
8101,"What is the historical context, geographical origin, and professional identity of the song written by Mick Jagger and Keith Richards in 1964, recorded at Regent Sound Studios in London, and later included on Metamorphosis (1975)?",difficulty-2,The song is 'I Could Break Your Heart Any Day of the Week',Single Answer
8104,"Which Academy Award-winning actor, known for his distinctive voice and narration, grew up in racially segregated Mississippi and co-founded the Tallahatchie River Foundation?",difficulty-2,Morgan Freeman,Single Answer
8107,"What is the governing body of Kumasi, the capital of the Ashanti Region, known for its historical ties to the Ashanti Empire?",difficulty-2,The administrative entity overseeing Ghana's second-largest city and a key commercial hub,Single Answer
8110,"What is the region in Greece known for its rugged, mountainous terrain and historical significance in the Greek War of Independence?",difficulty-2,"The region in Greece known for its rugged, mountainous terrain and historical significance in the Greek War of Independence is Arcadia",Single Answer
8113,"What is the title of the 1985 adventure-comedy film that is a sequel to *Romancing the Stone*, was partially filmed in Morocco and France, and grossed over $96 million worldwide?",difficulty-2,The Jewel of the Nile,Single Answer
8116,Who was the architect of NASA’s Mission Control operations and served as the first flight director for the Mercury and Gemini programs?,difficulty-2,The namesake of NASA’s Mission Control Center at the Johnson Space Center,Single Answer
8119,What is the only Broadway musical to win a Pulitzer Prize for Drama and originate from workshop-driven storytelling?,difficulty-2,A Chorus Line,Single Answer
8122,"What is the name of the small town in Oklahoma County, Oklahoma, known for being entirely surrounded by Oklahoma City and historically notorious as a 'speed trap'?",difficulty-2,The enclave municipality with mid-20th century traffic enforcement fame,Single Answer
8125,"What is the song by Gary Allan that was co-written by Jim Beavers and Jonathan Singleton, inspired by the Memphis International Airport (MEM), and became a Top 5 hit on the Billboard Hot Country Songs chart in 2007?",difficulty-2,The song is 'Watching Airplanes',Single Answer
8128,"Which post-WWII boomtown, incorporated in 1948 and entirely surrounded by Oklahoma City, maintains its own municipal independence and has a historic connection to Route 66?",difficulty-2,"Warr Acres, Oklahoma",Single Answer
8131,What is the name of the U.S. city that serves as the capital of Missouri and lies along the Missouri River?,difficulty-2,Jefferson City,Single Answer
8134,What is the name of the collection of 85 essays written under the pseudonym 'Publius' to advocate for the ratification of the U.S. Constitution?,difficulty-2,The Federalist Papers,Single Answer
8137,"Which city is known as the 'Entertainment Capital of the World' and lies in the Mojave Desert, relying on Lake Mead for 90% of its water supply?",difficulty-2,The city renowned for its luxury casinos and iconic resorts like Bellagio and Caesars Palace,Single Answer
8140,"Which historical African empire's sovereignty and unity were symbolized by the Golden Stool (Sika Dwa Kofi), believed to have descended from the heavens in the 17th century under Osei Tutu I?",difficulty-2,The kingdom symbolized by the Golden Stool,Single Answer
8143,What is the title of the fourth episode of the first season of the reimagined Battlestar Galactica (2004–2009) that references John 11:26?,difficulty-2,The episode where Starbuck confronts visions of Leoben,Single Answer
8146,"What is the foundational text in modern psychology that was published in 1890, synthesized physiology, philosophy, and experimental psychology, and laid the groundwork for functionalism?",difficulty-2,Principles of Psychology,Single Answer
8149,"Who is traditionally credited with overthrowing the last Roman king, Tarquinius Superbus, in 509 BCE and establishing the Roman Republic, serving as one of its first consuls?",difficulty-2,The founder of the Roman Republic,Single Answer
8152,"What is the historical, geographical, and professional significance of the psychedelic rock song by Jefferson Airplane, released in 1967 as part of their album *Surrealistic Pillow*, known for its references to Lewis Carroll’s *Alice’s Adventures in Wonderland*?",difficulty-2,"The song is 'White Rabbit', a counterculture anthem recorded in Los Angeles, written by Grace Slick, and later inducted into the Grammy Hall of Fame",Single Answer
8155,"Who was the father of Benjamin Disraeli, a prolific writer known for 'Curiosities of Literature' and of Sephardic Jewish heritage?",difficulty-2,Isaac D'Israeli,Single Answer
8158,Who was the legendary founder of the Roman Republic who also executed his own sons for conspiring to restore monarchy?,difficulty-2,Lucius Junius Brutus,Single Answer
8161,"Which Canadian actor, born on February 6, 1963, in Victoria, British Columbia, is best known for his role as Dr. Mike Horton on the NBC soap opera 'Days of Our Lives' and has appeared in 'The X-Files' and 'The Dresden Files'?",difficulty-2,The actor who played Dr. Mike Horton on 'Days of Our Lives',Single Answer
8164,"What is the fictional character created by Lewis Carroll in *Alice’s Adventures in Wonderland* (1865) that has the head, hind hooves, and tail of a calf but the body of a turtle, symbolizing a parody of 'mock turtle soup'?",difficulty-2,"The melancholic, pun-based creature with calf-like features and a turtle's body",Single Answer
8167,What is the foundational work in psychology that introduced the concept of 'stream of consciousness' and was written at Harvard University?,difficulty-2,The Principles of Psychology,Single Answer
8170,"Who is the Italian actress, singer, and producer married to Adriano Celentano since 1964?",difficulty-2,Claudia Mori,Single Answer
8173,"What is the documentary that revisits Hansa Tonstudio in Berlin, directed by Davis Guggenheim, and released to mark the 20th anniversary of U2's album *Achtung Baby*?",difficulty-2,From the Sky Down,Single Answer
8176,"Who is the primary songwriter, lead vocalist, and guitarist of the influential English rock band XTC, known for albums like 'Drums and Wires' and 'Skylarking'?",difficulty-2,The co-founder of XTC who pioneered the 'Studio Hermit' approach after 1982,Single Answer
8179,"Which four-time Academy Award-winning documentary filmmaker founded a prominent Washington, D.C.-based production company in 1954?",difficulty-2,Charles Guggenheim,Single Answer
8182,What is the martial arts legacy associated with the family known for developing Brazilian Jiu-Jitsu in the early 20th century?,difficulty-2,The family known for developing Brazilian Jiu-Jitsu in the early 20th century is renowned for their historical legacy in martial arts,Single Answer
8185,"What is the ancient settlement in Turkey, linked to the Karatepe-Aslantaş archaeological site, that played a key role in deciphering Luwian hieroglyphs?",difficulty-2,The Hittite-era settlement near Gaziantep,Single Answer
8188,Who was the Academy Award-winning filmmaker known for *Robert Kennedy Remembered* and pioneering political campaign films?,difficulty-2,The four-time Oscar-winning documentarian behind *Robert Kennedy Remembered*,Single Answer
8191,What is the martial arts family credited with developing Brazilian Jiu-Jitsu (BJJ) in the early 20th century?,difficulty-2,The legendary martial arts family from Brazil,Single Answer
8194,"What is the name of the historic drive-in theater in Tulsa, Oklahoma, that was immortalized in a song by The Flaming Lips and originally featured two side-by-side screens?",difficulty-2,Admiral Twin,Single Answer
8197,"What is the name of the community-based theater in Tulsa, Oklahoma, originally established in 1966 as part of the Tulsa Parks and Recreation Department?",difficulty-2,The theater with historical roots dating back to 1966 under Tulsa Parks and Recreation,Single Answer
8200,"What is the name of the surreal Italian musical fantasy film written, directed, and starring Adriano Celentano, where he plays multiple roles?",difficulty-2,The avant-garde 1985 film critiquing mass media and authoritarianism,Single Answer
8203,"Who was the founder of American Pragmatism, a key figure in developing the philosophical tradition that emphasizes practical consequences and real-world effects as criteria for truth, and who also authored *The Principles of Psychology* (1890)?",difficulty-2,William James,Single Answer
8206,"Which university was founded in 1963 by a prominent evangelist, features a 200-foot-tall Prayer Tower with a gold-plated spire, and emphasizes a 'Whole Person' education model with global missions focus?",difficulty-2,The Pentecostal university with the iconic Prayer Tower,Single Answer
8209,Who was the mid-ranking military officer under the Taiping Heavenly Kingdom known for his involvement in battles in Jiangsu and Zhejiang provinces?,difficulty-2,The officer who served under Li Xiucheng and participated in the defense of Suzhou in 1863,Single Answer
8212,"What is the name of the music group that was founded in 1958 as Warner Bros. Records, became part of the first major entertainment conglomerate to integrate film and music, and is now one of the 'Big Three' record labels?",difficulty-2,The music group known for its historical legacy of integrating film and music under Warner Bros.-Seven Arts,Single Answer
8215,Who is the venture capitalist known for being a general partner at Benchmark and an early advocate for 'Blitzscaling'?,difficulty-2,William Gurley,Single Answer
8218,Who was the NASA Deputy Administrator from 1969 to 1976 who played a pivotal role in the Apollo program and advocated for the Space Shuttle program?,difficulty-2,The Austrian-born engineer who led critical Apollo missions and shaped the Space Shuttle's early development,Single Answer
8221,"What is the historic drive-in movie theater located in Tulsa, Oklahoma, that first opened in 1951 and was rebuilt after a fire in 2010?",difficulty-2,The Admiral Twin,Single Answer
8224,Who is the Polish-American computer scientist known for contributions to distributed computing and co-developing the 'Small-World' network model?,difficulty-2,Bolesław Szymański,Single Answer
8227,"Who was the primary consort of the Hongwu Emperor, known for her wisdom and compassion, and posthumously titled 'Benevolent and Wise Empress'?",difficulty-2,Lady Ma (Empress Xiaocigao),Single Answer
8230,"Which actor, known for his fiery red hair and starring in Republic Pictures' *The Adventures of Red Ryder* (1940), later transitioned to supporting roles in TV series like *The Lone Ranger*?",difficulty-2,Don Barry,Single Answer
8233,Which city is the birthplace of the Industrial Revolution with the world’s first water-powered silk mill?,difficulty-2,Derby,Single Answer
8236,Who was the first known Black graduate of Cornell University’s engineering program (Class of 1892)?,difficulty-2,The first known Black graduate of Cornell University’s engineering program (Class of 1892),Single Answer
8239,"Which documentary chronicles Malala Yousafzai’s survival of a Taliban assassination attempt in 2012, highlights her activism for girls' education in Pakistan, and contrasts her life in the Swat Valley with her new home in Birmingham, England?",difficulty-2,He Named Me Malala,Single Answer
8242,Who was the founder of American Psychology who also authored *The Principles of Psychology* and championed pragmatism?,difficulty-2,William James,Single Answer
8245,Who was the British Colonial Governor responsible for the Expulsion of the Acadians and a key military leader in the Seven Years' War?,difficulty-2,The architect of Le Grand Dérangement,Single Answer
8248,What is the birthplace of Lewis Carroll and home to a major UK science facility specializing in accelerator physics?,difficulty-2,Daresbury,Single Answer
8251,What is the autobiography that blends Kim Il Sung’s personal experiences with state propaganda to legitimize the Kim dynasty’s rule?,difficulty-2,The memoir completed posthumously in 1998,Single Answer
8254,Who was the Qing Dynasty official known as 'The Governor of Guangdong during Yongzheng's reign'?,difficulty-2,Qian Hongzuo,Single Answer
8257,"What was the civilization that lasted from 27 BCE to 476 CE, spanned 5 million square kilometers at its peak, and had a military structured into legions of ~5,000 soldiers?",difficulty-2,"The civilization that shaped law, governance, and culture across Europe and the Mediterranean",Single Answer
8260,What is the title of the book that originated from William James’s Gifford Lectures delivered at the University of Edinburgh between 1901 and 1902?,difficulty-2,The only book derived from the Gifford Lectures by William James in 1901-1902,Single Answer
8263,"What is the only surviving wonder of the ancient world that held the record as the tallest human-made structure for over 3,800 years?",difficulty-2,The Great Pyramid of Giza,Single Answer
8266,"What is the name of the fictional creature in *Alice's Adventures in Wonderland* that is a melancholy, turtle-like being with the head, hind hooves, and tail of a calf, and whose name is a pun on 'mock turtle soup'?",difficulty-2,The creature whose name is a pun on 'mock turtle soup',Single Answer
8269,"What is the term that originates from the Old English 'nama' and the Proto-Germanic 'namô,' reflecting its deep linguistic roots in Indo-European languages?",difficulty-2,The fundamental identifier in data structures,Single Answer
8272,What is the only active stratovolcano in Papua New Guinea known for frequent eruptions since the 19th century?,difficulty-2,Langila,Single Answer
8275,Who is the co-founder of Wasabi Technologies known for his work in cloud storage and APIs?,difficulty-2,The co-founder of Wasabi Technologies,Single Answer
8278,"Who was the Deputy Director under General Leslie Groves during the Manhattan Project, witnessed the Trinity nuclear test, and co-authored the historic eyewitness report sent to Secretary of War Henry Stimson?",difficulty-2,The key figure in the Manhattan Project who served as Deputy Director under General Leslie Groves,Single Answer
8281,Who was the pioneering documentary filmmaker known for 'Nanook of the North' (1922)?,difficulty-2,James Flaherty,Single Answer
8284,"What psychological approach, emerging in the late 19th and early 20th centuries, emphasized studying mental processes for their adaptive functions rather than static structures, and was heavily influenced by American pragmatism?",difficulty-2,The psychology of adaptation,Single Answer
8287,"What is the league that features a larger field (110 yards long by 65 yards wide), 12 players per side, and three downs per possession?",difficulty-2,The league with unique rule differences including a larger field and three downs per possession,Single Answer
8290,"Which literary character, known for its mischievous grin and ability to disappear while leaving its smile behind, originates from Lewis Carroll's 1865 novel 'Alice's Adventures in Wonderland' and is named after a historic county in northwest England?",difficulty-2,The grinning feline from Cheshire,Single Answer
8293,What is the book that originated as the Gifford Lectures delivered by William James at the University of Edinburgh between 1901 and 1902?,difficulty-2,The only book to systematically analyze religious experiences from a psychological rather than theological perspective,Single Answer
8296,"What state is home to 39 federally recognized Native American tribes, lies in the heart of Tornado Alley, and is a major player in the U.S. energy sector?",difficulty-2,The Sooner State,Single Answer
8299,"What theoretical framework emphasizes the purpose and utility of social structures, cultural practices, or designs, and was expanded by Talcott Parsons into structural functionalism?",difficulty-2,The perspective that analyzes systems by their practical roles,Single Answer
8302,What is the historical significance of the first permanent colony established by the English in North America?,difficulty-2,"Jamestown (1607) in Virginia was the first permanent English settlement in North America, serving as a model for future colonial ventures",Single Answer
8305,Who was the founder of the Wuyue Kingdom during China's Five Dynasties and Ten Kingdoms period?,difficulty-2,The ruler who constructed the Sea Wall of Qiantang River,Single Answer
8308,What is the two-part episode from Battlestar Galactica (2004–2009) that serves as the Season 2 finale and was nominated for a Hugo Award for Best Dramatic Presentation (Short Form) in 2007?,difficulty-2,The episode featuring President Laura Roslin's controversial election tactic,Single Answer
8311,What are three specific factual attributes that highlight the civilization that pioneered the concept of 'innocent until proven guilty'?,difficulty-2,"Legal & Governance, Vast & Strategic Expansion, Military & Engineering",Single Answer
8314,Which fictional character from Lewis Carroll’s 1865 novel *Alice’s Adventures in Wonderland* is known for its mischievous grin and ability to disappear while leaving its smile behind?,difficulty-2,The grinning vanishing feline,Single Answer
8317,"What is the name of the educational institution founded in 1576 under a royal charter from Queen Elizabeth I, located near the River Darent in Kent, and known for its selective academic programs?",difficulty-2,The institution with over 440 years of history near the Dartford Crossing,Single Answer
8320,"What is the title of the poem inspired by the Scottish Highlands, featuring a solitary Highland girl reaping and singing, written by William Wordsworth?",difficulty-2,The Solitary Reaper,Single Answer
8323,"Who is the technology executive known for leading AI and enterprise software, including his role as CEO of Alegion, based in Austin, Texas?",difficulty-2,Sean Kehoe,Single Answer
8326,"Which city, known as the capital of British Columbia, Canada, was named after Queen Victoria in 1843 and retains strong British colonial influences?",difficulty-2,Victoria,Single Answer
8329,"What is the longest-running primetime medical drama in U.S. television history, set in the fictional Seattle Grace Hospital (later Grey Sloan Memorial), and created by Shonda Rhimes?",difficulty-2,The longest-running primetime medical drama in U.S. television history,Single Answer
8332,"Which country, known as the birthplace of Silicon Valley, declared independence on July 4, 1776, and is the third-largest by land area?",difficulty-2,United States,Single Answer
8335,"What league plays with 12 players per side, has a larger field (110 yards long with 20-yard end zones), and only three downs to advance the ball, emphasizing faster, higher-scoring games?",difficulty-2,"The league with 12 players per side, a larger field, and three downs is the Canadian Football League (CFL)",Single Answer
8338,"What is the name of the school founded in 1576 under a Royal Charter from Queen Elizabeth I, known for its selective grammar school status and notable alumni like Sir Mick Jagger and Peter Higgs?",difficulty-2,Dartford Grammar School,Single Answer
8341,"Which city, known as the birthplace of the Industrial Revolution due to Lombe’s Silk Mill (1717), is also home to Derby Litchurch Lane Works and Royal Crown Derby Porcelain?",difficulty-2,Derby,Single Answer
8344,What is the capital of British Columbia that was named after a famous queen in 1843 and became a key colonial settlement during the Fraser Canyon Gold Rush?,difficulty-2,Victoria,Single Answer
8347,"What is the debut solo album by Mick Jagger, released in 1985, that marked a significant departure from his work with The Rolling Stones?",difficulty-2,The album that introduced Mick Jagger's solo career with hits like 'Just Another Night',Single Answer
8350,"Who is the urologist and researcher known for his work in prostate cancer diagnostics, particularly in developing biomarkers for early detection?",difficulty-2,Richard D. Veltri,Single Answer
8353,"Which North American sports league features 12-man teams, a larger field (110 yards long with 20-yard end zones), and awards the Grey Cup, one of the continent's oldest trophies dating back to 1909?",difficulty-2,Canadian Football League,Single Answer
8356,Which monarch's reign is known as the *Elizabethan Era* and saw the defeat of the Spanish Armada?,difficulty-2,The Virgin Queen,Single Answer
8359,What is the name of the historic hockey arena at Rensselaer Polytechnic Institute that opened in 1949 and is named after a former athletic director?,difficulty-2,Houston Field House,Single Answer
8362,Who is the legendary New York Yankees shortstop with 5 World Series championships and a Baseball Hall of Fame induction in 2020?,difficulty-2,Derek Jeter,Single Answer
8365,"What is the only city to have been the capital of Korea for over 600 years, home to Gyeongbokgung Palace and Jongmyo Shrine, and a global leader in digital infrastructure with the world’s fastest internet speeds?",difficulty-2,The city that has been Korea's capital since 1394,Single Answer
8368,"Which poet, deeply connected to England’s Lake District and a pioneer of Romanticism alongside Samuel Taylor Coleridge, was appointed Britain’s Poet Laureate in 1843?",difficulty-2,The co-author of *Lyrical Ballads* (1798) who celebrated the Lake District in his poetry,Single Answer
8371,What is the only Battlestar Galactica episode to explore the ethical implications of deploying a bioweapon against the Cylons?,difficulty-2,A Measure of Salvation,Single Answer
8374,"Which American pop-rock band, formed in Tulsa, Oklahoma, in 1992 and consisting of three brothers, gained worldwide fame with their 1997 hit single 'MMMBop'?",difficulty-2,Hanson,Single Answer
8377,"What name, derived from the Old Germanic name *Theodoric*, meaning 'ruler of the people', saw peak popularity in the United States during the 1970s and 1980s?",difficulty-2,The name derived from *Theodoric*,Single Answer
8380,"What is the only country with a continuous civilization spanning over 5,000 years, home to the Great Wall and the world's largest manufacturing hub?",difficulty-2,The land of the Great Wall,Single Answer
8383,"What is the name of the grammar school founded in 1576 under a royal charter from Queen Elizabeth I, located in Dartford, Kent, near the River Darent and the Dartford Crossing?",difficulty-2,The institution with over 450 years of heritage and outstanding Oxbridge admission rates,Single Answer
8386,"What league features 12-player teams, a larger field, and the Grey Cup tradition?",difficulty-2,Canadian Football League,Single Answer
8389,"What is the name of the historic drive-in theater in Tulsa, Oklahoma, that was rebuilt after a fire in 2010 and appeared in 'The Outsiders' (1983)?",difficulty-2,The Admiral Twin,Single Answer
8392,"Which institution, founded in 1576 under a Royal Charter from Queen Elizabeth I, is one of the oldest grammar schools in England and is located in Dartford, Kent?",difficulty-2,Dartford Grammar School,Single Answer
8395,Which Florida city is home to the Historic Punta Gorda Waterfront District and was a key hub for the Florida Southern Railway?,difficulty-2,The city with the oldest operating railroad depot in Southwest Florida,Single Answer
8398,"What is the historic drive-in movie theater located in Tulsa, Oklahoma, that first opened in 1951, had its original wooden screen tower collapse in 2010 due to high winds, and was famously referenced in The Flaming Lips' song 'The Abandoned Hospital Ship'?",difficulty-2,The cultural landmark that survived a structural collapse and inspired a Flaming Lips song,Single Answer
8401,"What is the name of the school established in 1576 under a Royal Charter from Queen Elizabeth I, located in Dartford, Kent, and known for its Specialist Science & Language status?",difficulty-2,The institution with a Royal Charter from Queen Elizabeth I in 1576,Single Answer
8404,Who was the founder of the Wuyue Kingdom during the Five Dynasties and Ten Kingdoms period?,difficulty-2,The ruler who constructed the Qiantang River Seawall,Single Answer
8407,Who was the adopted heir of Julius Caesar and later became the first Emperor of Rome?,difficulty-2,The founder of the Roman Empire,Single Answer
8410,"What is the longest-running American primetime medical drama in television history, surpassing ER in 2019, known for pioneering diverse storytelling and set in a fictional Seattle hospital?",difficulty-2,The show with the iconic 'It's a beautiful day to save lives' mantra,Single Answer
8413,"What is the university owned and operated by The Church of Jesus Christ of Latter-day Saints (LDS Church) that integrates religious principles into its academic and campus life, including an Honor Code?",difficulty-2,Brigham Young University (BYU),Single Answer
8416,"What is the name of the military force officially founded on February 8, 1948, under Kim Il Sung’s leadership, primarily stationed along the Korean Demilitarized Zone (DMZ), and operating under a 'Military-First' (Songun) policy?",difficulty-2,Korean People's Army (KPA),Single Answer
8419,"What is the professional football league in Canada that features 12 players per side, three downs, and the Rouge single point?",difficulty-2,Canadian Football League (CFL),Single Answer
8422,"What is the name of the song co-written by Michael Jackson and Randy Hansen in the early 1980s, recorded at Westlake Recording Studios in Los Angeles, and later performed live during The Jacksons' Victory Tour?",difficulty-2,State of Shock,Single Answer
8425,"What was the covert British intelligence facility during World War II, used by the Special Operations Executive (SOE) for training agents in sabotage and espionage?",difficulty-2,"The facility known for its Victorian-era theater and public gardens in Lowestoft, Suffolk, England",Single Answer
8428,"Which wrestler, known as 'Canada's Greatest Athlete', held the NWA World Heavyweight Championship from 1966 to 1969 and had a background in football with the Edmonton Eskimos?",difficulty-2,Gene Kiniski,Single Answer
8431,"Who is the licensed clinical social worker (LCSW) with expertise in mental health and trauma-informed care, particularly focusing on marginalized communities, active in Atlanta, Georgia?",difficulty-2,Shalon Baker,Single Answer
8434,What is the longest-running medical drama in U.S. television history that premiered in 2005 and surpassed ER in 2019?,difficulty-2,Grey's Anatomy,Single Answer
8437,"Which regional theatre, founded in 1978 in Tulsa, Oklahoma, was known for premiering original American plays and ceased operations in 2016?",difficulty-2,"The regional theatre founded in 1978 in Tulsa, Oklahoma, known for premiering original American plays and ceasing operations in 2016",Single Answer
8440,Who is the founder of Brown Capital Management?,difficulty-2,Eddie C. Brown,Single Answer
8443,"What is the professional football league in Canada known for its larger field, 12 players per side, and the Grey Cup tradition?",difficulty-2,The league with the Grey Cup championship,Single Answer
8446,"What was the governing body in ancient Rome that originated during the Roman Kingdom and evolved into a powerful political institution during the Republic, known for its role in legislation, foreign policy, and state finances?",difficulty-2,The assembly of patricians and later wealthy plebeians who wore the toga praetexta,Single Answer
8449,"What is the term for professional artisans or craftsmen in Japan, known for their rigorous apprenticeships and cultural heritage preservation?",difficulty-2,Kigoto,Single Answer
8452,"Which former Collingwood Football Club player, born in Victoria, Australia, later became a contemporary visual artist?",difficulty-2,The former Australian rules footballer who transitioned into a contemporary visual artist after retiring from the AFL,Single Answer
8455,"What is the league that features a larger field (110 yards long by 65 yards wide), 12 players per side, and three downs to advance the ball?",difficulty-2,The league with unique field dimensions and rules,Single Answer
8458,Who was the Norse explorer who founded the first Viking settlement in Greenland around 985 CE?,difficulty-2,Eric the Red,Single Answer
8461,"Which member of the famous Osmond family, known for her singing, acting, and TV appearances in the 1970s, also co-founded the Marie Osmond Doll Collection and the Children's Miracle Network Hospitals?",difficulty-2,Marie Osmond,Single Answer
8464,What significant events occurred in the year known for hosting the first Olympic Games in Asia?,difficulty-2,"Tokyo hosted the Summer Olympics, the Great Alaskan Earthquake (magnitude 9.2) struck, and the U.S. Civil Rights Act was signed into law",Single Answer
8467,"Which British actor, known for roles in *The Crown* and *The Great*, is based in the United Kingdom and has performed at the National Theatre and the Royal Shakespeare Company?",difficulty-2,Julian Rowe,Single Answer
8470,"What is the term for a legally recognized partner in marriage, derived from Latin roots meaning 'betrothed'?",difficulty-2,The partner bound by marital vows,Single Answer
8473,"What is the Indo-Aryan language that evolved from Old Gujarati (1100–1500 CE), heavily influenced by trade interactions with Persian, Arabic, and Portuguese merchants?",difficulty-2,Gujarati,Single Answer
8476,"Which educational institution, founded in 1576 under a royal charter from Queen Elizabeth I, is renowned for its high academic standards and counts Sir Mick Jagger and Peter Higgs among its notable alumni?",difficulty-2,The institution with a royal charter from Elizabeth I and alumni like Mick Jagger,Single Answer
8479,What significant event occurred on the date when Air Algérie Flight 5017 crashed in Mali?,difficulty-2,All 116 people on board died,Single Answer
8482,"Which actor, known for playing Dr. Mike Horton on *Days of Our Lives*, was born in Vancouver, British Columbia?",difficulty-2,The actor who portrayed Dr. Mike Horton on *Days of Our Lives*,Single Answer
8485,What is the genus of megabats named after a 19th-century Irish zoologist specializing in bat taxonomy?,difficulty-2,Dobsonia,Single Answer
8488,"What were the high-ranking priests responsible for maintaining Rome’s state religion, overseeing rituals, sacred calendars (*fasti*), and legal matters related to worship during the Republican era (509–27 BCE)?",difficulty-2,Republican pontifices,Single Answer
8491,"What is the name of the songbook first published in 1989 by The Church of Jesus Christ of Latter-day Saints, designed to standardize music for children in the global LDS Primary program?",difficulty-2,The songbook that replaced the Primary Songbook (1950),Single Answer
8494,"What is the name of the television network that was originally created by USA Networks (a subsidiary of Universal Pictures) to serve as the first major U.S. television network exclusively dedicated to science fiction, fantasy, and paranormal programming?",difficulty-2,The network that rebranded as Syfy in 2009,Single Answer
8497,"Which historical figure, known as the 'Virgin Queen', ruled during a golden age of English exploration and cultural flourishing, with notable figures like Sir Francis Drake and William Shakespeare?",difficulty-2,Queen Elizabeth I of England,Single Answer
8500,"What is the Indo-Aryan language with roots in Sanskrit, evolving around the 12th century CE, significantly influenced by Jain scholars?",difficulty-2,Gujarati,Single Answer
8503,"What is the name of the institution founded in 1576 under a royal charter from Queen Elizabeth I, located in Dartford, Kent, near the River Darent, and known for its selective academic excellence?",difficulty-2,The Elizabethan Academy of Kent,Single Answer
8506,"Which political party, founded in 1834 as the Conservative and Unionist Party, evolved from the Tory Party of the 17th century?",difficulty-2,The party historically aligned with business elites and advocates for free-market economics,Single Answer
8509,"What is the name of the TV channel that rebranded from 'Sci-Fi Channel' to 'Syfy' in 2009, launched influential series like *Battlestar Galactica*, and was originally started by USA Networks in 1992?",difficulty-2,Syfy,Single Answer
8512,What is the longest-running medical drama in U.S. television history that was created by a trailblazer in diverse storytelling?,difficulty-2,Grey's Anatomy,Single Answer
8515,What is the title of the book by Anthony J. Carter that explores the biblical and theological significance of the church as God’s dwelling place?,difficulty-2,The House of the Lord,Single Answer
8518,What is the longest-running medical drama in U.S. television history that was created by a real-life surgeon's daughter and is set in a fictional Seattle hospital?,difficulty-2,Grey's Anatomy,Single Answer
8521,"What is the title created in 1887 for Sir William George Armstrong, a groundbreaking engineer and industrialist who revolutionized artillery and hydraulic machinery?",difficulty-2,The industrial pioneer's hereditary honor,Single Answer
8524,"What term was first officially used in 1817 by Governor Lachlan Macquarie to describe the colony’s inhabitants, distinguishing them from British settlers?",difficulty-2,The term coined for the landmass-continent's inhabitants,Single Answer
8527,"Which poet, deeply connected to England’s Lake District, was appointed British Poet Laureate in 1843 and co-authored Lyrical Ballads in 1798?",difficulty-2,The poet who celebrated the Lake District and pioneered Romantic poetry with Lyrical Ballads,Single Answer
8530,"What university is owned by The Church of Jesus Christ of Latter-day Saints and integrates religious principles into its academic and campus life, including an Honor Code that emphasizes moral conduct?",difficulty-2,Brigham Young University (BYU),Single Answer
8533,Which firearms company was the first to produce a left-handed AR-15 rifle?,difficulty-2,The first left-handed AR-15 manufacturer,Single Answer
8536,"What was the first nationwide mass protest against British colonial rule in India, launched in response to the Jallianwala Bagh Massacre and the Rowlatt Act?",difficulty-2,The first nationwide mass protest against British colonial rule in India,Single Answer
8539,What is the only poem inspired by a walk along Ullswater in England's Lake District that was revised multiple times by its author?,difficulty-2,I Wandered Lonely as a Cloud,Single Answer
8542,Who was the 19th-century U.S. federal judge appointed by President James Buchanan to serve in Chicago?,difficulty-2,The jurist who presided over pivotal pre-Civil War cases in the Northern District of Illinois,Single Answer
8545,What is the longest-running medical drama in U.S. television history that was created by the daughter of a university administrator in healthcare?,difficulty-2,Grey's Anatomy,Single Answer
8548,What significant space exploration milestone occurred on the day when Microsoft announced major layoffs?,difficulty-2,The European Space Agency's Rosetta spacecraft entered orbit around Comet 67P/Churyumov–Gerasimenko,Single Answer
8551,"What was the name of the priestly college in the Roman Republic that oversaw state religion, sacred law, and the calendar?",difficulty-2,The guardians of the ius divinum,Single Answer
8554,"What is the longest-running medical drama in U.S. television history, set in a fictional Seattle hospital, and created by a trailblazer in diverse storytelling?",difficulty-2,Grey's Anatomy,Single Answer
8557,"What is the song famously known for sparking decades of speculation about its subject, with candidates ranging from Warren Beatty to Mick Jagger?",difficulty-2,You're So Vain,Single Answer
8560,"Which historical figure, known as the 'Virgin Queen,' ruled during a golden age of English exploration, literature, and naval dominance?",difficulty-2,The monarch who defeated the Spanish Armada,Single Answer
8563,"What is the song famously known for its unnamed, vain lover reference and features Mick Jagger on backing vocals?",difficulty-2,The only 1972 hit to spark decades of speculation about its subject while involving a Rolling Stone,Single Answer
8566,"Which 1972 song famously sparked decades of speculation about whom it was written for, with names like Warren Beatty, Mick Jagger (who sings backup), and even David Bowie floated—though the artist only confirmed one subject (Beatty) in 2015?",difficulty-2,You're So Vain,Single Answer
8569,Who is the founding member of XTC known for pioneering 'chamber pop' and deeply connected to Swindon?,difficulty-2,The primary songwriter and lead vocalist of XTC,Single Answer
8572,"What pivotal month in 1944 saw the largest naval battle in history, the fall of Aachen, and the debut of kamikaze tactics?",difficulty-2,October 1944,Single Answer
8575,"What was the name of the weekly journal founded in 1919 that became a key platform for articulating views on India's freedom struggle, non-violence, and civil disobedience?",difficulty-2,"The journal was initially published from Bombay (now Mumbai) and later shifted to Ahmedabad, Gujarat",Single Answer
8578,What are three key attributes of the people who established the Ottoman Empire?,difficulty-2,"Historical legacy, geographical roots, and professional contributions",Single Answer
8581,What is the name of the two-part season finale from *Battlestar Galactica* (2004–2009) that won the 2006 Hugo Award for Best Dramatic Presentation (Short Form)?,difficulty-2,The episode featuring the New Caprica settlement filmed in a British Columbia quarry,Single Answer
8584,"Who composed the first opera in the Armenian language, based on Hovhannes Tumanyan’s epic poem, and was awarded the title of Honored Art Worker of the Armenian SSR in 1935?",difficulty-2,The pioneer of Armenian opera who composed 'Anush',Single Answer
8587,"What are three specific factual attributes related to the **People of the Crescent Moon**, highlighting their unique historical, geographical, and professional identity?",difficulty-2,"1. Historical Identity – Ottoman Legacy 2. Geographical Identity – Transcontinental Presence 3. Professional Identity – Skilled Craftsmanship (e.g., Turkish Carpets)",Single Answer
8590,What is a unique historical legacy of the people who established the Ottoman Empire (1299–1922)?,difficulty-2,"The people who established the Ottoman Empire created one of history’s most powerful and long-lasting empires, spanning three continents",Single Answer
8593,"Which Australian city was bombed during World War II, is the closest to Asia, and serves as a key hub for the offshore oil and gas industry?",difficulty-2,The only Australian capital city bombed in WWII,Single Answer
8596,"Who was the pioneer of the Donabedian Model, a framework for assessing healthcare quality through structure, process, and outcomes?",difficulty-2,The scholar who developed the Donabedian Model,Single Answer
8599,"Which ethnic group, known for establishing powerful empires like the Göktürk Khaganate (6th–8th centuries), the Seljuk Empire (11th–13th centuries), and the Ottoman Empire (1299–1922), primarily inhabits Türkiye (Turkey) and has a strong tradition in craftsmanship and trade?",difficulty-2,"The people who introduced Turkish coffee, now UNESCO-listed",Single Answer
8602,"What are three specific factual attributes about the people who established the Ottoman Empire (1299–1922), focusing on their unique historical, geographical, and cultural identity?",difficulty-2,1. Historical Legacy of the Ottoman Empire. 2. Geographical Bridge Between Continents. 3. Linguistic and Cultural Heritage,Single Answer
8605,Which university is owned by The Church of Jesus Christ of Latter-day Saints and requires students to follow a strict Honor Code?,difficulty-2,Brigham Young University (BYU),Single Answer
8608,"Which football club, originally founded by workers at the Royal Arsenal armaments factory in 1886, moved to Highbury in 1913 and achieved an unbeaten season in 2003-04?",difficulty-2,The Gunners,Single Answer
8611,"Which naturalist, known for formulating the theory of natural selection, conducted pivotal research during the HMS Beagle voyage?",difficulty-2,The author of *On the Origin of Species* (1859),Single Answer
8614,"What is the global religious network that traces its origins to the English Reformation under King Henry VIII in 1534, operates under the 'Instruments of Communion', and follows the 'via media' approach?",difficulty-2,The Anglican Communion,Single Answer
8617,What was the conflict that saw the first large-scale use of telegraph communications for wartime coordination?,difficulty-2,Crimean War,Single Answer
8620,"What is the largest country by land area, spanning 17.1 million square kilometers and covering 11 time zones?",difficulty-2,The largest country by land area,Single Answer
8623,What is the foundational text of the English Romantic movement that was influenced by the Lake District and co-authored by Wordsworth and Coleridge?,difficulty-2,Lyrical Ballads,Single Answer
8626,What was the first professional women's T20 event in India with IPL-style branding and visibility?,difficulty-2,The inaugural Women's Cricket Premier League (WCPL),Single Answer
8629,"Which Belarusian diplomat, who served as Minister of Foreign Affairs from 2003 to 2012, later became the country's Permanent Representative to the United Nations in New York?",difficulty-2,The longest-serving Belarusian Foreign Minister from 2003 to 2012,Single Answer
8632,"What was the first FA Cup Final held at Crystal Palace, where a non-League team won for the only time in the 20th century?",difficulty-2,1901 FA Cup Final,Single Answer
8635,Who was the British military officer and colonial administrator in Africa known for his role in the Second Boer War and the Uganda Railway?,difficulty-2,The Captain who commanded African colonial troops in British East Africa,Single Answer
8638,Which company was the first to produce a complete left-handed AR-15 rifle?,difficulty-2,The first left-handed AR-15 manufacturer,Single Answer
8641,"Who is the youngest mayor in New Britain's history, first elected in 2013 at age 26, known for economic revitalization and bipartisan governance?",difficulty-2,"The youngest mayor in New Britain's history, first elected in 2013 at age 26",Single Answer
8644,"What are three specific factual attributes about the music players that first introduced VoiceOver, were the last to feature a Click Wheel, and had the smallest and thinnest Nano design?",difficulty-2,"1. First iPod with a VoiceOver Feature (6th gen iPod Nano, 2008). 2. Last iPod with a Click Wheel (6th gen iPod Classic, 2008). 3. Smallest and Thinnest Nano Design (6th gen iPod Nano, 2010)",Single Answer
8647,Who is the British television presenter and gardener best known for his role on *Ground Force* alongside Alan Titchmarsh and Charlie Dimmock?,difficulty-2,The landscape designer from *Ground Force*,Single Answer
8650,Who is the Tottenham Hotspur legend who earned 30 caps for England and was nicknamed 'Sicknote'?,difficulty-2,Darren Anderton,Single Answer
8653,"Who was the railroad executive who served as president of the Chicago, Burlington and Quincy Railroad from 1929 to 1949?",difficulty-2,"The railroad executive who served as president of the Chicago, Burlington and Quincy Railroad from 1929 to 1949",Single Answer
8656,"What are three specific factual attributes about institutions of higher learning in England, focusing on their unique historical, geographical, and professional identity?",difficulty-2,"1. Historical Identity: The University of Oxford and the University of Cambridge are among the oldest in the English-speaking world. 2. Geographical Identity: Many are concentrated in historic cities like Oxford, Cambridge, Durham, and York. 3. Professional Identity: Pioneered specialized degrees, with institutions like LSE and Imperial College London leading in their fields",Single Answer
8659,"What is the common name for the bat species characterized by a lack of fur over its wings and back, primarily found in New Guinea, the Solomon Islands, and parts of Indonesia?",difficulty-2,naked-backed fruit bat,Single Answer
8662,"During the month marked by the largest naval battle in history and the fall of the first German city to the Allies, what significant political event occurred in the U.S.?",difficulty-2,Franklin D. Roosevelt campaigned for an unprecedented fourth term as U.S. president,Single Answer
8665,"Who is the son of one of England’s greatest goalkeepers, Ray Clemence, and a former professional footballer who played as a midfielder for Tottenham Hotspur and Birmingham City?",difficulty-2,Stephen Clemence,Single Answer
8668,What is the name of the Battlestar Galactica episode that explores the ethical dilemma of using a bioweapon against the Cylons?,difficulty-2,The episode where Admiral Adama and Colonel Tigh clash with Dr. Cottle over a genocidal virus targeting Cylons,Single Answer
8671,What are three specific factual attributes related to the contemporary dance company co-founded by two former Royal Ballet stars in 2000?,difficulty-2,"1. Founding & Artistic Direction – Co-founded by William Trevitt and Michael Nunn, blending classical technique with contemporary dance. 2. Notable Productions – Acclaimed for works like *Broken Fall* (2003). 3. Digital Innovation – Pioneered dance media through films and documentaries under The BalletBoyz brand",Single Answer
8674,"Who is the younger brother of Glenn Hoddle, known for his football career and coaching roles?",difficulty-2,Carl Hoddle,Single Answer
8677,"Who was the youngest son of Mahatma Gandhi, known for editing *Young India* and *Harijan*, and later *The Hindustan Times* in Delhi?",difficulty-2,The youngest son of Mahatma Gandhi,Single Answer
8680,Who was the English monarch who broke with the Roman Catholic Church and established the Church of England?,difficulty-2,King Henry VIII,Single Answer
8683,What was the last FA Cup Final held at Stamford Bridge before Wembley Stadium opened?,difficulty-2,1921 FA Cup Final,Single Answer
8686,"Which country is home to the highest battlefield in the world, the Siachen Glacier?",difficulty-2,India,Single Answer
8689,What is the only Indo-Aryan language that evolved around the 12th century CE with significant influence from Jain scholars?,difficulty-2,Gujarati,Single Answer
8692,What was the name of the weekly journal founded by Mahatma Gandhi in 1919 that became a key platform for India's independence movement?,difficulty-2,The journal advocating non-violence and Swadeshi during India's freedom struggle,Single Answer
8695,"What was the last Apple music player to feature the iconic click wheel and hard drive storage, with a capacity of up to 160GB, before flash storage became dominant?",difficulty-2,"6th generation iPod (iPod Classic, 2008-2014)",Single Answer
8698,"Which city is home to the Brihadeeswarar Temple, a UNESCO World Heritage Site built by Emperor Raja Raja Chola I in 1010 CE?",difficulty-2,The city known as the 'Rice Bowl of Tamil Nadu',Single Answer
8701,"Which television network, known for rebranding in 2009 to broaden its appeal beyond traditional science fiction, debuted on September 24, 1992, and produced notable series like 'Battlestar Galactica' and 'The Expanse'?",difficulty-2,Syfy,Single Answer
8704,"What is the capital city of Australia’s Northern Territory, located on the Timor Sea, which was heavily bombed during World War II and serves as a key hub for offshore energy and mining industries?",difficulty-2,The city that is the northernmost major city in Australia and closer to Indonesia than to Sydney or Melbourne,Single Answer
8707,What is the only Australian city to have suffered significant wartime attacks during World War II?,difficulty-2,Darwin,Single Answer
8710,"What is the airport originally built by the Japanese during World War II and later taken over by Allied forces, located on the northern coast of West New Britain Province?",difficulty-2,Hoskins Airport (HKN),Single Answer
8713,"What are three specific factual attributes about the people who trace their origins to Central Asia, particularly the steppes of Mongolia and Siberia, where early tribes like the Göktürks established powerful nomadic empires?",difficulty-2,"Historical Identity, Geographical Spread, Linguistic and Cultural Legacy",Single Answer
8716,"What is the northernmost capital city of Australia, named after a famed naturalist who never visited the area?",difficulty-2,Darwin,Single Answer
8719,"What is the only city in India that was the capital of the Chola Empire and is home to the Brihadeeswarar Temple, a UNESCO World Heritage Site?",difficulty-2,Tanjore (Thanjavur),Single Answer
8722,What is the capital city of Australia’s Northern Territory that was heavily bombed by Japanese forces during World War II?,difficulty-2,Darwin,Single Answer
8725,What term originates from the name of an Italian explorer whose writings first distinguished the Americas as a separate continent from Asia?,difficulty-2,The term derived from Amerigo Vespucci,Single Answer
8728,What is the historical identity of the nation that was the first modern constitutional republic and declared independence in 1776?,difficulty-2,The United States,Single Answer
8731,"What term originates from the name of Italian explorer Amerigo Vespucci, whose writings (circa 1502) first distinguished the Americas as a separate continent from Asia, and was later popularized in the British colonies that became the United States of America (1776)?",difficulty-2,The term derived from Amerigo Vespucci,Single Answer
8734,"What is the only nation founded in 1776 after declaring independence from Britain, making it one of the first modern democratic republics?",difficulty-2,The United States,Single Answer
8737,"What is the name of the superhero who first appeared in Detective Comics #27 in 1939, created by Bob Kane and Bill Finger, operates in Gotham City, and is known as the World's Greatest Detective?",difficulty-2,The Dark Knight,Single Answer
8740,"Who was the first recognized individual to make a living by playing, teaching, and crafting equipment for the sport involving clubs and balls on grassy courses?",difficulty-2,Allan Robertson,Single Answer
8743,What is the identity of the first recognized individual who competed for money in golf matches before formal tournaments?,difficulty-2,Allan Robertson,Single Answer
8746,"What is the only nation to declare independence from Great Britain on July 4, 1776, establishing itself as the first modern democratic republic founded on Enlightenment principles of liberty, equality, and self-governance?",difficulty-2,The United States,Single Answer
8749,"What term is associated with the first successful colonial independence movement against a European power, spans six time zones, and is home to Silicon Valley?",difficulty-2,The land of the free,Single Answer
8752,"What term originates from the name of Italian explorer Amerigo Vespucci, who recognized the Americas as distinct continents in the early 16th century?",difficulty-2,The identity tied to the United States and the broader Americas,Single Answer
8755,"What is the name of the historic pub located at 13–14 Paradise Street in Oxford, known for its traditional British pub atmosphere and dating back to the 17th century?",difficulty-2,The establishment with a 17th-century coaching inn heritage in Oxford,Single Answer
8758,"What is the genre that emerged during the Jesus Movement, blends evangelical theology with contemporary rock and folk music, and has its professional hub in Nashville?",difficulty-2,The genre is contemporary Christian music (CCM),Single Answer
8761,What term originates from the name of an Italian explorer and was later used to name a continent?,difficulty-2,The term derived from Amerigo Vespucci,Single Answer
8764,"Who is the author of 'Lives of the Most Excellent Painters, Sculptors, and Architects' and designer of the Uffizi Gallery?",difficulty-2,The founding father of art history,Single Answer
8767,What is the identity of the individual who was the first recognized to be paid for making clubs and balls before competing for prize money?,difficulty-2,Allan Robertson,Single Answer
8770,"What term originates from the name of Italian explorer Amerigo Vespucci, whose maps first labeled the New World as 'America'?",difficulty-2,The label derived from Vespucci's cartography,Single Answer
8773,"Who was the co-founder of Digital Equipment Corporation (DEC) in 1957, known for pioneering minicomputers like the PDP and VAX series?",difficulty-2,The co-founder of Digital Equipment Corporation (DEC),Single Answer
8776,"What was the successor to the PDP-10, maintaining backward compatibility while introducing new hardware and software advancements?",difficulty-2,DECSYSTEM-20,Single Answer
8779,What was the first major golf championship held in Florida?,difficulty-2,1971 PGA Championship,Single Answer
8782,What is the only sculpture Michelangelo ever signed?,difficulty-2,Pieta,Single Answer
8785,Who was the Welsh poet and painter known for blending poetry and prose in *In Parenthesis* (1937)?,difficulty-2,The Welsh modernist writer of *In Parenthesis*,Single Answer
8788,"Which filmmaker is known for their gothic aesthetic and dark whimsy, frequently collaborates with Johnny Depp and Danny Elfman, and was fired from Disney for creating 'too dark' content?",difficulty-2,The director of 'Edward Scissorhands' and 'The Nightmare Before Christmas',Single Answer
8791,"What is the name of the thoroughbred breeding entity based in the Hunter Valley region of New South Wales, Australia, known as the 'Horse Capital of Australia' and home to the Inglis Scone Yearling Sale?",difficulty-2,Scone Thoroughbreds,Single Answer
8794,"Who was the co-founder of Digital Equipment Corporation (DEC) in 1957, an MIT-trained engineer who contributed to early computer projects like the Whirlwind and SAGE systems, and famously dismissed the idea of personal computers in 1977?",difficulty-2,The co-founder of DEC who doubted personal computers,Single Answer
8797,"What is the title of the 1968 book by Tom Wolfe that documents the psychedelic counterculture of the 1960s, focusing on Ken Kesey and the Merry Pranksters, with much of the narrative centered in La Honda, California, and their cross-country bus trip from California to New York?",difficulty-2,The Electric Kool-Aid Acid Test,Single Answer
8800,What is the only community in Collier County that borders the Everglades and is known for its proximity to Corkscrew Swamp Sanctuary?,difficulty-2,East Naples,Single Answer
8803,"What is the character encoding standard known as Latin-1, developed in 1987 by the International Organization for Standardization (ISO), designed for Western European languages, and once the default encoding for HTML 4.01?",difficulty-2,The bridge between early computing and modern Unicode,Single Answer
8806,Who was the co-founder of Digital Equipment Corporation (DEC) and a pioneering American engineer who worked at MIT's Lincoln Laboratory?,difficulty-2,The co-founder of Digital Equipment Corporation (DEC),Single Answer
8809,What event inspired the title of Tom Wolfe's novel about 1980s excess?,difficulty-2,The 15th-century Florentine burning of sinful objects,Single Answer
8812,What is the only part of Collier County that lies east of the city of Naples proper and near the western edge of the Everglades?,difficulty-2,East Naples,Single Answer
8815,"Who was the wife and muse of Edvard Grieg, a talented pianist who lived most of her life in Bergen, Norway, and contributed to preserving Norway’s musical heritage?",difficulty-2,Nina Grieg,Single Answer
8818,"What is the UK's oldest national metrology institute, founded in 1900, known for standardizing measurements and contributing to atomic timekeeping (UTC)?",difficulty-2,"The institution near the River Thames in Teddington, southwest London, housing the Time & Frequency Lab",Single Answer
8821,What is the character encoding standardized in 1987 that was designed to support Western European languages and became the default encoding for HTML 4.01?,difficulty-2,ISO 8859-1,Single Answer
8824,Who was the dual-code rugby pioneer who captained the 1911–12 Kangaroo Tour and later influenced NSW Country Rugby League?,difficulty-2,The only Australian to represent both Wallabies and Kangaroos during the early 20th century code rivalry,Single Answer
8827,"Which entity, known for her infamous catchphrase 'Off with their heads!', is a tyrannical ruler in Lewis Carroll’s *Alice’s Adventures in Wonderland* (1865)?",difficulty-2,The monarch who symbolizes irrational authority in *Alice’s Adventures in Wonderland*,Single Answer
8830,"What is the name of the NRL initiative introduced in the 2010s to engage younger fans and families through team mascots like Berkeley the Bulldog and Paws, which also involves community outreach programs?",difficulty-2,NRL Mascot Mania,Single Answer
8833,"Who is the author of 'Lives of the Most Excellent Painters, Sculptors, and Architects' (1550, expanded 1568), the first major biographical work on artists?",difficulty-2,The founding father of art history,Single Answer
8836,"What is the name of the fruit-flavored carbonated soft drink owned by PepsiCo, originally created in Spain in 1959, known for its vibrant orange flavor and market-specific variations like 'Mirinda Lemon' in Pakistan?",difficulty-2,The brand derived from the Esperanto word for 'wonderful',Single Answer
8839,"What is the rugby league club originally founded in 1877 in Manchester, England, known for being one of the founding members of the NRFU?",difficulty-2,"The rugby league club originally founded in 1877 in Manchester, England, known for being one of the founding members of the NRFU",Single Answer
8842,What was the name of the sports venue in Moore Park that operated from 1899 to 1986 and was the original home of the NSW Rugby League?,difficulty-2,The venue known for hosting early rugby league matches and cricket before being replaced by Allianz Stadium,Single Answer
8845,"Which Gothic Aesthetic Pioneer, born in Burbank, California (1958), started his career as an animator at Disney and has a long-standing professional partnership with Johnny Depp and Danny Elfman?",difficulty-2,Tim Burton,Single Answer
8848,"Which character from Lewis Carroll’s *Alice’s Adventures in Wonderland* (1865) is known for the phrase *'Off with their heads!'* and is traditionally linked to the city of Rouen, France, in playing cards?",difficulty-2,The monarch obsessed with decapitations,Single Answer
8851,Which musical piece composed by Edvard Grieg in 1875 for Henrik Ibsen's play *Peer Gynt* depicts the protagonist's escape from trolls in the Dovre Mountains and is famous for its accelerating tempo and crescendo?,difficulty-2,In the Hall of the Mountain King,Single Answer
8854,"Which actress is known for her iconic collaborations with Tim Burton, acclaimed historical roles, and an early breakthrough in 'A Room with a View'?",difficulty-2,Helena Bonham Carter,Single Answer
8857,What is the software layer developed by Microsoft in the early 2000s to enable Unicode support for applications on Windows 95/98/ME?,difficulty-2,Microsoft Layer for Unicode (MSLU),Single Answer
8860,"What is the brand that was founded in 2002 in Boulder, Colorado, as a natural soda brand combining sparkling water with real fruit juice?",difficulty-2,The brand acquired by PepsiCo in 2006,Single Answer
8863,"What is the 7-bit character encoding system standardized in 1963 by the American Standards Association (ASA, now ANSI), which evolved from earlier telegraph codes like Baudot?",difficulty-2,ASCII,Single Answer
8866,"What is the event where a flame is lit in Olympia, Greece, and travels across multiple countries before reaching the host city?",difficulty-2,The ceremonial journey of the sacred flame,Single Answer
8869,"What is the name of the fairy tale character whose earliest known version dates back to 9th-century China, features a magical fish, and was popularized in the West by Charles Perrault?",difficulty-2,The protagonist of the glass slipper story,Single Answer
8872,"What is the Romance language directly descended from Latin, with its earliest written texts dating back to the 10th century (e.g., the Placiti Cassinesi), standardized in the 14th century through the works of Dante Alighieri (Divine Comedy), Petrarch, and Boccaccio?",difficulty-2,Italian,Single Answer
8875,"Who is the author of 'Lives of the Most Excellent Painters, Sculptors, and Architects' and designer of the Vasari Corridor?",difficulty-2,The founding father of art historiography,Single Answer
8878,"Which filmmaker is known for their gothic aesthetic and signature style, frequently collaborates with Johnny Depp, and had an early career at Disney?",difficulty-2,The director of 'Edward Scissorhands' and 'The Nightmare Before Christmas',Single Answer
8881,What was the first energy drink introduced by PepsiCo in 1995 that contained guarana?,difficulty-2,The pioneering guarana-infused PepsiCo energy drink of 1995,Single Answer
8884,"Who is the author of *Lives of the Most Excellent Painters, Sculptors, and Architects* (1550, expanded 1568), often called the 'father of art history'?",difficulty-2,The founding art historian who wrote the first major biographical collection of artists,Single Answer
8887,"What is the nickname of the product created in 1958 by the DeDomenico family in San Francisco, inspired by a blend of Armenian pilaf and Italian pasta dishes?",difficulty-2,The San Francisco Treat,Single Answer
8890,"What is the only Woody Allen film to blend spontaneous live singing with a multi-continental backdrop of New York, Venice, and Paris?",difficulty-2,The 1996 genre-bending musical experiment,Single Answer
8893,What was the citrus-flavored soft drink introduced by The Coca-Cola Company in 1960 that later rebranded as Sprite in some markets?,difficulty-2,The tangy lemon-lime soda,Single Answer
8896,"Which country is home to one of the world's oldest civilizations—the Indus Valley Civilization (c. 3300–1300 BCE), known for advanced urban planning, trade, and early forms of writing?",difficulty-2,The land of the White Revolution,Single Answer
8899,"What is the traditional name for the flat-topped mountain in Cape Town, South Africa, derived from the indigenous Khoikhoi language?",difficulty-2,Tava,Single Answer
8902,"What is the operating system that was first released on November 20, 1985, with a GUI to compete with Apple’s Macintosh, holds over 70% of the global desktop OS market share as of 2024, and introduced Active Directory in its 2000 version for enterprise IT networks?",difficulty-2,Windows,Single Answer
8905,"What is the regional soft drink brand historically associated with Colorado, particularly the Rocky Mountain area, known for its natural, less-sweet taste and unique flavors like birch beer or sarsaparilla?",difficulty-2,The alpine-inspired soda brand,Single Answer
8908,"Which country, known as the largest exporter of IT services globally, is home to one of the world's oldest civilizations, the Indus Valley Civilization (c. 3300–1300 BCE), and features both a tropical monsoon climate and the Himalayas?",difficulty-2,India,Single Answer
8911,"What are three specific factual attributes about the rugby union team based in Cairns, Queensland, known for its proximity to the Great Barrier Reef and the Daintree Rainforest?",difficulty-2,1. Geographical Significance – The team is based in a tropical city influencing its identity and fan culture. 2. Historical Development – Established for Queensland’s Hospitality Super 7s and later competed in Queensland Premier Rugby. 3. Professional & Community Role – Serves as a pathway for regional talent and fosters local engagement,Single Answer
8914,"What is the name of the romanization system developed in the 19th century by Western missionaries, notably Presbyterian and Dutch Reformed, to transcribe Southern Min (particularly Hokkien/Taiwanese) into the Latin alphabet?",difficulty-2,POJ,Single Answer
8917,"What is the carbonated apple-flavored soft drink that originated in Mexico and is particularly popular in Mexican and Latin American markets, introduced by PepsiCo as part of its regional beverage portfolio?",difficulty-2,Manzanita Sol,Single Answer
8920,"Who was the last Duke of Urbino from the Montefeltro dynasty, ruling from 1482 until his death in 1508, known for his patronage of the arts and hosting Baldassare Castiglione?",difficulty-2,The patron duke who inspired 'The Book of the Courtier',Single Answer
8923,What is the only character encoding standard first published in 1963 by the American Standards Association (ASA)?,difficulty-2,ASCII,Single Answer
8926,"What was the 1599 uprising where a sky-city settlement atop a 367-foot mesa resisted Spanish forces, leading to brutal reprisals by Juan de Oñate?",difficulty-2,Acoma Pueblo Revolt,Single Answer
8929,"Who was the Florentine merchant and patron active during the Italian Renaissance (late 15th–early 16th century), known for commissioning Pietro Perugino’s portrait now housed in the Uffizi Gallery?",difficulty-2,Francesco delle Opere,Single Answer
8932,Which longest-serving cast member on *Saturday Night Live* (1991–2000) created the iconic character 'The Ladies' Man' (Leon Phelps)?,difficulty-2,The record-setting 10-season *SNL* cast member who originated 'The Ladies' Man',Single Answer
8935,"What was the 1599 uprising by the Acoma people against Spanish colonizers, known for its brutal suppression and the mesa-top stronghold where it occurred?",difficulty-2,The Acoma Pueblo Revolt,Single Answer
8938,"What is the institution that developed the first accurate atomic clock in 1955 and is located in Teddington, southwest London?",difficulty-2,National Physical Laboratory,Single Answer
8941,"Which boot-shaped peninsula, home to the Roman Empire and the Renaissance, is globally renowned for its culinary traditions like pizza and pasta, as well as its leadership in fashion and design?",difficulty-2,Italy,Single Answer
8944,Who is the only player to win NCAA Most Outstanding Player and later become a two-time NBA All-Star despite multiple knee injuries?,difficulty-2,Danny Manning,Single Answer
8947,"What is the sweetener derived from hydrolyzing cornstarch, first developed in the early 19th century by German chemist Gottlieb Kirchhoff?",difficulty-2,corn syrup,Single Answer
8950,"What is the only period that saw NASA's Mars rovers Spirit and Opportunity land, the EU's largest expansion, and the launch of LinkedIn and Facebook?",difficulty-2,2003-2004,Single Answer
8953,Who was the illegitimate daughter of Cosimo I de' Medici memorialized in a Bronzino portrait?,difficulty-2,Bia de' Medici,Single Answer
8956,What was the only Native American uprising where Spanish forces amputated the right foot of male captives over 25?,difficulty-2,Acoma Pueblo Revolt,Single Answer
8959,"Who is the author of 'Lives of the Most Excellent Painters, Sculptors, and Architects' (1550, expanded 1568)?",difficulty-2,The founding father of art history,Single Answer
8962,"What is the high-performance, low-alloy steel developed for welding applications, known for its exceptional strength and toughness in extreme conditions, particularly in structural and heavy machinery industries?",difficulty-2,WGL-4,Single Answer
8965,What is the security-focused technology developed at Microsoft's Redmond headquarters that was part of the Security Development Lifecycle (SDL) in the early 2000s?,difficulty-2,Microsoft Layer,Single Answer
8968,"Which Michigan county is home to Detroit, a city pivotal in U.S. industrial history as the birthplace of the automobile industry?",difficulty-2,The county anchored by the Port of Detroit and Detroit Metropolitan Airport (DTW),Single Answer
8971,"Who is the artist with 32 Grammy Awards, the most in history as of 2024?",difficulty-2,Beyoncé,Single Answer
8974,"Which football club was founded in 1886 by workers at the Royal Arsenal armaments factory in Woolwich, London, originally named Dial Square before becoming Royal Arsenal and later Woolwich Arsenal?",difficulty-2,The club that achieved an unbeaten league season in 2003–04 under manager Arsène Wenger,Single Answer
8977,"What is the UK's oldest national standards laboratory, founded in 1900, located in Teddington, London, and responsible for maintaining primary measurement standards?",difficulty-2,The institution that defined the second and the metre,Single Answer
8980,What is the encoding standard first published in 1987 that was the default for HTML 4.01 but lacks the euro symbol?,difficulty-2,ISO 8859-1,Single Answer
8983,"What title, first used in a political context by the United States in 1789 with George Washington, contrasts with monarchical titles like 'king' or 'emperor' and is also used in corporate and academic leadership?",difficulty-2,president,Single Answer
8986,"What is the name of the 7-bit character encoding system developed in 1963 by the American Standards Association (ASA, now ANSI) that was optimized for English-language computing?",difficulty-2,ASCII,Single Answer
8989,What legislative response to Supreme Court rulings in the late 1980s expanded protections against workplace discrimination and introduced monetary damages for victims?,difficulty-2,The legislative response to Supreme Court rulings in the late 1980s that expanded protections against workplace discrimination and introduced monetary damages for victims was the Civil Rights Act of 1991,Single Answer
8992,"What is the second-largest multi-sport event after the Olympics, first held in 1951 in New Delhi, India?",difficulty-2,The continental multi-sport event featuring 45+ Asian nations,Single Answer
8995,"Which country is home to one of the world's oldest civilizations, the Indus Valley Civilization, and is the largest producer of films globally?",difficulty-2,The land of the Himalayas,Single Answer
8998,"What is the literary movement that emerged in the 1960s and 1970s, blending narrative techniques with traditional reporting?",difficulty-2,The movement that fused novelistic storytelling with journalistic rigor,Single Answer
